node,spread_mean,spread_std,spread_cv,spread_resid,spread_ignition,betweenness
0,47.3105,83.2048126610624,1.7586965401139791,-0.00034248244512169457,0.23175,565.7992193991017
1,61.90875,90.51614616529281,1.4620897072755112,-0.005394390394861892,0.311,601.7337844812424
2,95.15975,98.43764382779634,1.0344462215148351,8.928433963450999e-05,0.476,3307.8933917423965
3,83.67475,96.85915747379869,1.1575673363087273,-0.0025004063867484216,0.423,832.5835532733678
4,102.188,98.658846780266,0.9654641130100012,0.0010641090224743355,0.51275,2793.1866428943968
5,128.48625,93.74106708295977,0.7295805355278075,0.014380592714236418,0.652,15606.010643666617
6,104.2215,98.39797242826957,0.9441235486753651,0.005361313425283454,0.52275,6236.748228401665
7,53.7965,86.50987560616619,1.6080948687399028,0.0022740455760017486,0.262,1418.7169640126433
8,37.32875,76.27713762241257,2.043388477310721,0.0050299164959630716,0.17825,280.3665803701734
9,24.775,63.009943169586805,2.543287312596844,-0.006361590239225112,0.116,141.13430959942767
10,66.08425,92.65393321264048,1.4020577249895472,0.004743414639380772,0.33125,545.8667602066143
11,71.105,94.39023971967961,1.3274768260977372,0.004069850839497402,0.34875,1986.8994254383117
12,58.37575,89.02812231861569,1.5250874261763778,0.0013167021192226347,0.288,2374.0602955122868
13,131.1275,93.00471607963362,0.7092693453290395,0.010955671096781527,0.663,11865.113638779914
14,79.023,95.906782861014,1.2136565665820584,0.0015546468081322207,0.393,1876.0154341879486
15,61.0955,90.28021659880575,1.4776901179105786,-0.006527853097734626,0.3065,1116.0604687015016
16,98.9885,98.57996180749662,0.9958728721770369,0.0007167198808464281,0.4995,750.321174465167
17,114.3755,97.40623693325995,0.8516355070208212,0.0009619295969924835,0.58075,2628.6484414156052
18,75.137,95.23580836953582,1.2674954865051282,-0.0014944037901931662,0.37675,1548.656482183356
19,78.3175,95.8269476437796,1.2235700532292222,0.0011929786111077867,0.39225,1829.024690280192
20,89.296,97.99836633307204,1.0974552760826022,0.0025777424950295114,0.45025,1958.6422621480708
21,134.30725,91.54248933842726,0.681590080493996,0.004073417929538969,0.68825,5839.018574131589
22,20.58725,58.895492673054356,2.8607751240721493,-0.010581709774521997,0.09825,27.651266129631658
23,96.919,98.70095191272027,1.0183859915261226,0.0012494155244391347,0.488,1639.3119779619649
24,44.0435,81.14546662900281,1.8423936932578657,-0.0024560595644003147,0.21675,770.295333632119
25,47.09525,83.31037949901902,1.7689762661631272,0.00020818324182481085,0.23225,109.64628274522944
26,38.5235,77.37682302172423,2.0085616058178575,-0.004392779492001786,0.1865,123.25985403648095
27,66.638,92.12140111904526,1.3824154554315142,-0.006496703476856824,0.33375,1569.3773785012866
28,119.392,96.00728975406753,0.80413503211327,-0.005320626188526356,0.60975,2578.372697300036
29,72.101,94.60881304548995,1.312170608528175,0.005074355679293152,0.3595,714.3425161077391
30,83.15525,97.0529673274046,1.1671297642350256,-0.001632275236382208,0.41875,852.6898268716561
31,70.0025,93.63161439147244,1.3375467217809713,0.0005652733180554481,0.353,200.7389241997642
32,44.17625,81.42943800789165,1.8432854306984328,-0.0009388840991055858,0.2165,65.95946389581852
33,39.19575,77.55314342082539,1.9786110336152618,-0.0034042682156527615,0.1935,116.11086692467732
34,35.871,74.80880595466077,2.0854954128588767,-0.0034117479424553565,0.17575,58.03833623916258
35,75.87625,95.80377355143258,1.2626318980106763,0.0010879392894822537,0.37825,712.2447446247855
36,66.49825,92.9739642934871,1.3981415194157305,0.0062409036701007725,0.331,200.37009293590665
37,39.012,77.22370252103796,1.9794858638633743,-0.005253053543787134,0.1925,199.1133094431234
38,52.9695,86.5955210493964,1.6348185474545993,0.002703787769470445,0.262,1421.0790950032058
39,44.83875,81.85551190753687,1.8255529404262356,0.0013276072532633076,0.22025,118.5821224596382
40,58.58375,89.17474990120513,1.5221755162686774,0.00203138829224514,0.29,639.3286635462025
41,106.594,98.01436051781866,0.9195110467551519,0.0036648746605709714,0.5405,1729.3414897876733
42,102.28275,98.4893361728692,0.9629124771564043,0.00031728459371160866,0.51825,536.2589902403666
43,9.60675,39.732609711748445,4.135905453118739,-0.015369603097587392,0.0415,6.597336627924732
44,106.93575,98.12521980422723,0.9176091232747442,0.004155806489860581,0.541,5535.291575859607
45,61.10725,90.58451101510931,1.4823856582501964,-0.005066501154656455,0.305,939.6952833293367
46,91.95775,98.1905026397139,1.067778437812081,0.0034283897805975627,0.46425,953.0168129751634
47,64.911,92.1686027985423,1.4199227064525626,0.0024625585299220543,0.32325,411.04648705724657
48,62.30975,90.94948464464645,1.4596348828978842,-0.0033202029327905613,0.31,624.1978709261399
49,17.914,54.703790820952676,3.053689339117599,-0.014218356137991606,0.08675,31.198087893750348
50,20.9395,58.84067382324911,2.8100324183122383,-0.010986131396247822,0.1025,19.851956296093345
51,75.0065,95.09327600064651,1.2678004706344985,-0.0021448669926789066,0.37425,1106.7320276540972
52,28.207,67.96826886417733,2.4096241664897837,0.00915760149121092,0.1355,1424.454479344751
53,53.6665,86.73856508161813,1.616251573730691,0.0034205913636453644,0.26725,368.8821818652345
54,62.499,91.94135251384722,1.471085177584397,0.0013904427433766298,0.306,243.4986373049817
55,54.71475,87.26653565083596,1.5949362036897905,-0.007362776224587142,0.272,1188.556546891722
56,58.91825,90.06929935671283,1.5287164733628855,0.006366272707050813,0.2895,230.9520463554152
57,74.4835,95.41574958604721,1.2810320350956548,-0.0006746098011958246,0.37,1561.9152863501356
58,130.3185,93.0776956209463,0.7142324046159702,0.011296322461080699,0.66675,3483.3647220680637
59,57.67275,88.75078778816983,1.5388686648056462,-3.829498190843772e-05,0.28675,310.07631896965535
60,53.914,87.15270794774915,1.6165134834690276,0.005489243785472553,0.26325,331.63559943625916
61,63.86825,91.08350532985264,1.4261155633644673,-0.0026807094588792157,0.314,1743.2950001527433
62,155.32025,80.2020216765622,0.5163655201209256,-0.05336398438952239,0.803,11333.842113514624
63,127.616,94.07668494192605,0.7371856580830464,-0.014142830693416375,0.6505,3818.1751149466945
64,133.283,92.15466364491749,0.6914209887601382,0.006968018125140585,0.67725,11038.72597488784
65,80.46675,96.43014356301869,1.1983849672444666,-0.004428280087680481,0.40025,6280.3610605752665
66,40.9675,78.8394403714887,1.9244386494535597,0.003739859099846532,0.2035,495.54940689463825
67,18.73325,56.54068275710119,3.0181993384544157,0.0001252695917715041,0.08975,6.888669734104329
68,74.375,95.09621284480447,1.2786045424511525,-0.002131454524725518,0.3755,210.9148382121726
69,71.444,94.48981132964167,1.322571683131427,0.004527743608229606,0.35525,1612.8911359471101
70,31.345,71.1761651581599,2.270734252932203,-0.004735728150970786,0.15375,23.638648272487536
71,20.40875,58.560071669491535,2.8693610176758266,-0.013062169304409954,0.09675,24.932095465097035
72,12.3585,45.31492401333786,3.6667009761166693,-0.0004287593937024603,0.0595,986.0328013705556
73,32.38175,72.03187950382603,2.224459132191004,0.0004544333704299408,0.15475,208.12668138496463
74,90.82125,98.00289250921394,1.07907447331119,0.0025978004613353978,0.45475,2215.9143660161153
75,25.54225,64.75025377385361,2.5350254489660706,0.005470796722502724,0.12475,58.69981365589381
76,30.31425,69.69501306154488,2.2990841951077425,0.003900035018189918,0.14725,60.90737379746574
77,46.55725,83.08007460960049,1.784471260858416,-0.0009940516704900482,0.2315,92.70811464049609
78,41.57825,79.59958794200907,1.9144525789808151,0.007907145807449334,0.20675,55.60099729857454
79,62.77375,91.48756502703601,1.4574175515567576,-0.0007583766050336394,0.313,319.56067876853285
80,90.81775,97.92696236188917,1.0782799877985214,0.0022611897322988295,0.45775,995.7814202062341
81,125.75375,94.56002596533665,0.7519459735024733,-0.011917253310134157,0.644,2913.804809491698
82,157.6705,78.39625260722424,0.4972157290502931,-0.06325399658689412,0.81475,14038.12044597682
83,137.41425,90.53097597695682,0.6588179608516352,-0.0007520978590536131,0.70575,3532.0723640840974
84,112.12725,97.3517020699252,0.8682251822810708,0.0007187129049506247,0.567,9349.5874374322
85,42.3775,80.08808912225845,1.8898729071384215,-0.00815238993159828,0.208,485.30150869639516
86,147.537,85.31453436222553,0.5782585681030896,-0.02652627541834862,0.75275,19026.752941191164
87,138.9825,89.91261737621066,0.6469348110460718,-0.0037286599458212777,0.71075,4210.491267543908
88,46.81275,83.51779746294059,1.784082273802342,0.00128810301598703,0.2305,1208.4557631383232
89,84.84675,97.17407815257987,1.1452893381606233,-0.001090664053867707,0.426,1570.471500799182
90,42.39825,80.18075445693825,1.8911335835072969,-0.00765018317573829,0.21,176.123259806106
91,38.819,77.6316005589949,1.9998351466806177,-0.0029651334888465275,0.1915,356.6916716972989
92,50.30075,85.29387469626805,1.695677990810635,-0.0038737981478995653,0.249,1235.1281501841609
93,95.125,98.23345574679225,1.0326775899794192,-0.0008125033546870775,0.4775,1800.203076085566
94,49.25575,84.59246014282687,1.7174128937804596,0.006840725873803022,0.24075,326.6586917232742
95,57.21575,89.0829368866372,1.5569652916659695,0.0015840147193211251,0.2805,933.4593748946592
96,110.04925,97.7530753499479,0.8882666201718585,0.0025055932562270122,0.55525,6060.807161440915
97,24.5525,63.9397123504154,2.604203740980161,0.0,0.11725,117.88524168695031
98,29.88325,68.96422359072398,2.307788596980716,-0.0006778175783554996,0.14775,125.65520181613464
99,40.713,79.18418822540413,1.944936217557147,0.005634795059315412,0.2005,170.25761862077147
100,46.207,82.54839011257303,1.7864910102922291,-0.003782321630177554,0.2285,804.8304682839711
101,30.162,69.96814733441462,2.3197449550565157,0.005598705711542973,0.145,264.3045500292511
102,26.876,66.51537189007078,2.474898492709882,-0.00022658361136884686,0.13025,604.1320014672626
103,55.60575,87.87559870151263,1.5803329458106874,-0.004342214789736065,0.273,518.7542771690581
104,40.00175,79.00192448893723,1.9749617076487211,0.004633997092043041,0.19225,65.46261539560435
105,138.7185,89.54731675619632,0.6455326200629067,-0.005496723256378067,0.71325,3073.123519743943
106,138.23975,90.07319004470035,0.6515722868762448,-0.002953756153460274,0.70825,5073.399098195281
107,154.83725,80.6881243169585,0.521115715481633,-0.05073968026652231,0.797,12255.493225859509
108,53.63675,87.34462530877376,1.6284473855849535,0.0064445441665825776,0.26475,623.5308620033347
109,11.865,44.74999346903717,3.771596583989648,-0.005877039203837864,0.0555,0.9711189011038979
110,14.16325,49.29839431825432,3.480726127001523,0.0018992276097016259,0.066,8.6414973307558
111,12.59575,45.90098100206289,3.6441641825268754,0.0051519519643017375,0.05925,3.0214291851747843
112,24.53775,63.7930479219977,2.5997920722966734,-0.0009973256635089633,0.11825,80.61854204367003
113,97.69775,98.43606203782677,1.007557103800515,8.230562551614362e-05,0.49175,1832.063000559479
114,136.00225,91.00705915554867,0.6691584819776781,0.0015257803964670025,0.69625,4809.600218315164
115,135.35925,91.2916054670126,0.6744393565050973,0.002881544505100475,0.694,4156.798852805722
116,94.9535,98.49293656089301,1.0372754723195354,0.0003331604248706377,0.47675,1086.3802129607166
117,33.71325,72.92102161438648,2.162978105474449,0.005782430981615461,0.16675,137.3484316101097
118,45.33125,82.2005672532233,1.8133311402889465,0.0031544929660733967,0.224,197.63937199095753
119,18.3315,55.26421211810822,3.0147130413827687,-0.00979179609378189,0.0885,32.44827686191358
120,25.4165,65.35125266057321,2.5712136864073813,0.009483238452256071,0.1205,63.715771125747246
121,160.98325,75.78983767175569,0.4707933134146297,-0.07793832331779438,0.83275,14018.381848023599
122,27.1485,66.54371468622006,2.451100970080117,-4.1566255963410015e-05,0.13,150.272294779475
123,50.78775,85.54994095869972,1.6844601495183331,-0.0025719278094764597,0.25225,258.6312057080136
124,47.427,83.05008127629979,1.7511139493600647,-0.001150867743025863,0.23525,922.5594200337148
125,34.99025,74.19648869502632,2.1204903850365833,-0.006981117803589676,0.1735,374.93040611597814
126,44.70625,81.61789222358205,1.8256483651297537,6.505337470463779e-05,0.22075,222.31176497215955
127,45.2495,81.68111593829525,1.8051274807079691,0.0004013409260668066,0.2285,326.65654844293033
128,137.73025,90.44983569986202,0.6567172839653018,-0.0011415178935527681,0.70375,4903.194905401457
129,142.907,88.07367707861718,0.6163006506232527,-0.012703171674559144,0.73225,6860.2384359036305
130,46.4245,82.88884689742642,1.7854548115203484,-0.00199483152952018,0.228,776.9565289226539
131,77.76225,95.90239330797773,1.2332769860437132,0.0015347691495126714,0.392,709.4855639801348
132,86.4525,97.4767468311966,1.1275179645608469,0.0002599332828516765,0.43725,531.4565364472527
133,110.34075,97.19072820413331,0.8808235235317261,0.0,0.55925,2849.333947435371
134,28.8285,68.33611815146514,2.3704361361661253,-0.004651363831667421,0.14,441.63222684735206
135,52.2605,86.16704317534862,1.6487986753924786,0.0005495484097937098,0.2605,154.69514961617995
136,43.36275,81.03305653559154,1.868725035556821,-0.003058100946256248,0.2135,21.997435182763475
137,100.71575,98.45384574445515,0.9775417027074231,0.0001607592726784457,0.51,3022.5502879719998
138,48.48425,84.1863889768396,1.736365705911499,0.004750952091756355,0.24025,112.78914226333515
139,43.0685,80.62832343156373,1.8720949982368489,-0.00523269231749901,0.21025,571.7271524055457
140,44.67775,81.7274754901924,1.8292656969116037,0.0006477624628613565,0.2185,777.9943362963093
141,76.2815,95.02956072771792,1.245774673121503,-0.0024359545122840665,0.38,2799.8775070486186
142,137.10875,90.68789057427514,0.6614303651245829,0.0,0.704,3089.061222026645
143,69.56825,93.999344737824,1.3511816775299652,0.0022675879623603734,0.347,347.59104604388716
144,26.85525,66.43827818840325,2.473940037363392,-0.0007302384257561467,0.13275,5.92600509427023
145,99.81175,98.20372856981426,0.9838894576020785,-0.0009439484175712831,0.51025,1566.4949457762127
146,40.4795,78.74214031200339,1.9452350031992338,0.0032035415415347934,0.1985,253.277873085451
147,81.321,96.63597718770042,1.188327457700968,-0.003502250798743889,0.413,240.1182439939135
148,25.4485,65.01347964756211,2.55470772923992,0.0072327327924748275,0.122,84.34517824620231
149,34.045,72.93859050253249,2.142417109782126,0.005887053105603668,0.1675,271.15047283290437
150,44.19025,81.6749579407676,1.8482574310117639,0.00036859792137056147,0.21375,254.15461136266774
151,60.08725,90.41771938305074,1.5047737978198494,0.008043036873766063,0.29775,201.24683159178733
152,96.35975,98.59575858443512,1.023204798522569,0.0007863070800948613,0.4885,579.6732908939933
153,85.35075,97.1151458956227,1.1378358818829677,-0.0013541264760674743,0.435,429.4416587041314
154,87.1865,98.01401126548738,1.1241879335159386,0.0026470698295111283,0.44075,251.4232813743285
155,90.76875,98.04927173803786,1.0802095626307278,0.0028032788716987334,0.4565,1804.500326537423
156,25.46375,65.0203244884755,2.5534465461087033,0.007278454390188482,0.1205,383.17782886271135
157,67.43375,92.9969661863626,1.3790863801340218,-0.002388457295194435,0.33,2613.044558392565
158,61.849,90.61272463327856,1.4650636976067288,-0.004931256058442912,0.31025,626.0540958289099
159,52.376,86.38048692343821,1.6492379510355548,0.0016240058560526016,0.25975,515.6744302113144
160,167.897,69.93513152668989,0.416535920991381,-0.11285390421057384,0.8655,44013.84352888095
161,53.155,86.543205432903,1.6281291587414728,0.002441334825365793,0.26475,537.8631729422927
162,78.5325,95.95180889987323,1.221810191957129,0.001758490278451319,0.39425,1019.0694338561275
163,80.41925,96.29291023007688,1.1973863251656398,-0.00504678096892075,0.40775,1287.7121748767863
164,54.78275,87.35283156104863,1.5945317013302296,-0.0069335244037194155,0.27275,925.2000461672161
165,121.19,95.84226017112012,0.7908429752547249,-0.006067789316410277,0.61575,2769.9930576680563
166,144.28875,87.28576960095619,0.604938150763356,-0.016605854751732263,0.7385,8881.530438631196
167,69.16475,93.50982370435635,1.3519867230685625,0.0,0.3415,805.9617268755725
168,86.63825,97.70506617840617,1.1277359154692779,0.0012759898129603986,0.43375,1628.2690151883335
169,128.0865,93.7910507887187,0.7322477449904455,-0.015463434592575487,0.65425,2026.690835981335
170,107.92125,97.67381221102951,0.9050470802648182,0.0021533024720079563,0.5485,2911.003949155796
171,60.18875,90.1568088720092,1.4979013332559523,0.006788019622272712,0.3005,279.37204415327284
172,102.803,98.32008391333471,0.9563931394349845,-0.00042968514436281247,0.52,1484.559038324631
173,101.2235,98.66964818330992,0.9747701688176156,0.0011116540031863575,0.51175,2070.1756150805704
174,94.1455,98.04708632863286,1.0414420904730748,-0.0016372334412273482,0.47675,939.0104007279508
175,17.85725,54.758095152074745,3.066434929906606,-0.013787446820562321,0.08675,5.9437097909259515
176,37.81075,76.54614792808425,2.024454630709104,-0.00908033339676817,0.18375,356.62509385301024
177,59.90325,89.69100294031509,1.4972643878306284,0.004538368697096118,0.298,1673.3973631014298
178,36.3355,75.48776748924375,2.0775210878959625,0.0005121106927863384,0.17475,369.31401574374644
179,63.84,92.28866506470258,1.4456244527678976,0.0030279186010742087,0.31375,1193.51873514267
180,95.46225,98.61388974049213,1.0330145134908524,0.0008661638326945553,0.48225,2584.3390114690446
181,59.7655,89.77157258041596,1.502063440955333,0.004928321336013619,0.29375,970.2733257748814
182,41.29575,79.31411264115305,1.9206362069015104,0.006346795997546284,0.19875,399.52253568186575
183,146.12,86.30915025276485,0.5906730786529212,-0.021492459371187378,0.749,6197.6123169587
184,100.3455,98.74259797531016,0.9840261693380387,0.0014326238941657632,0.504,2433.931820368538
185,17.27025,53.24141129709774,3.0828396402540634,0.001046126701669925,0.082,160.59660573293772
186,50.1065,85.08937776421965,1.698170452221162,-0.0049162941739751,0.25025,62.95229988188845
187,85.48375,97.44404071673804,1.1399130327897178,0.00011419115502797617,0.43275,207.51473055010695
188,64.8525,91.92577348441337,1.4174592110468118,0.0013168473521831814,0.326,167.55661168525447
189,78.00125,95.80411711221711,1.2282382283901492,0.0010894967050187887,0.3905,2506.6490685784233
190,59.13475,89.80891939522618,1.5187164804996418,0.005108959173054206,0.296,128.49703450481007
191,66.7175,92.60225152768695,1.3879754416410528,-0.0042356919844530605,0.33375,4385.67826706165
192,26.251,65.53737319897293,2.4965667288473936,-0.00665957673944817,0.12675,39.610471116854164
193,32.45,71.64465604066221,2.2078476437800374,-0.0018865114449573284,0.1595,50.62101534804823
194,57.2655,89.13284285642929,1.5564841458893974,0.0018272466922981678,0.28375,303.6757369416648
195,45.86,82.68242253193199,1.8029311498458787,0.0056928710563901586,0.22475,134.33132756724112
196,45.931,83.02242721009164,1.8075466941736875,0.007475104503436469,0.223,144.8713658830836
197,46.6555,82.91720651067475,1.7772225463380467,-0.0018462673075319014,0.22925,256.3469623546724
198,46.6675,82.90348117267234,1.776471445281456,-0.0019181623002930692,0.23075,646.7364589630674
199,62.221,91.34921361843887,1.4681412002127718,-0.0014156323850837982,0.307,764.3862608075793
200,37.2195,76.26761768356727,2.049130635381111,0.004975710018583435,0.1785,258.7803031996391
201,76.99325,95.76068468646413,1.2437542860765602,0.0008925663400842776,0.386,458.1991864190348
202,9.9635,40.76381471228465,4.091314770139474,-0.00424187547821786,0.04575,7.99666241272968
203,58.7085,89.58676227403066,1.525958971427147,0.00403332947815116,0.293,304.1546305086946
204,42.4445,80.24399163986406,1.8905627735010206,-0.0073077975814150875,0.205,178.1342128323942
205,37.45925,76.48177367754828,2.041732647544953,0.006193480204935042,0.1795,203.72071725045066
206,63.52375,91.91976254660449,1.4470141096299336,0.0012884483257098456,0.31125,1416.089557427465
207,41.643,79.49322514661897,1.908921671027999,-0.011390204332427212,0.20525,114.43079213805227
208,71.3545,94.17959587309612,1.3198830609575587,0.0030995843280861024,0.35825,459.1636037972651
209,96.99275,98.84609418192129,1.0191080692311671,0.0018875875365591543,0.48525,3379.222334625955
210,111.05725,97.76211858585665,0.88028578580738,0.00254576841988019,0.5665,1222.1522015804294
211,135.72625,91.69113712401146,0.6755593492342967,0.004778058539833374,0.69125,9691.157249857277
212,136.04025,91.17882717258783,0.6702341929876477,0.002344701396051807,0.698,1582.308949459672
213,32.83425,71.46399129946923,2.17650749749025,-0.0029830453486066055,0.15625,508.74686157706094
214,68.719,93.41728285592579,1.359409811783143,-0.0004300070101865838,0.3435,647.3881478026929
215,98.24425,98.30500017904761,1.0006183586219817,-0.0004963173608012461,0.494,3033.257724890814
216,36.60475,75.69358233720519,2.0678622948443897,0.0016945886649188946,0.18,142.87431067506205
217,33.172,73.00092259468315,2.200678964026382,0.0062580353672010425,0.16125,170.13867568496252
218,75.90875,95.46573914381571,1.2576381397904157,-0.00044713683110897406,0.37825,1087.1549253589285
219,32.2855,71.99600229065818,2.229979473468219,0.00023806865225162177,0.15825,26.26859479296666
220,30.942,70.53329974269705,2.2795326657196386,0.00909253301647972,0.15175,26.66981792967231
221,78.275,96.12835450654002,1.2280850144559567,0.0025568320021434054,0.3925,635.666060924818
222,87.89475,98.10626321575009,1.116178875481756,0.0030556407027142463,0.44125,1215.5611575858225
223,74.96425,95.56407847727776,1.2747953654879192,0.0,0.37525,490.30826398627954
224,22.89425,61.839413768334694,2.701089302699791,0.01060159498815394,0.11125,16.357388993678963
225,43.69025,81.32201191770335,1.8613308900201613,-0.001512206978601549,0.21425,58.7457622195505
226,86.11075,97.41842265046907,1.1313154588767265,0.0,0.43375,717.0025471830729
227,29.32875,68.87205901935769,2.3482780213734884,-0.001258601824399408,0.145,33.29119805354575
228,38.099,76.97664938237786,2.020437528081521,-0.0066446704284059965,0.18725,46.557041851147126
229,46.4315,82.80202806521667,1.783315810715068,-0.0024499554850569982,0.231,265.855183283999
230,44.61975,82.00290408886292,1.8378163053101577,0.002108911379763656,0.22175,1267.47523250879
231,60.5445,90.24894868049425,1.4906217522730265,-0.006678293991847939,0.29725,3055.8528453704603
232,80.5325,96.40260011575036,1.1970645405985205,-0.00455234581442765,0.399,3724.182023301666
233,87.15025,98.15010716153832,1.1262171612994607,0.003249684687129717,0.4375,871.4235181375134
234,65.98175,92.82301947886523,1.4067983871125762,0.005535246202969857,0.32975,1001.7433058347137
235,31.8915,71.71256445508821,2.2486419408020386,-0.0014750602217268316,0.15425,162.5820747380788
236,74.28375,95.26313033875165,1.282422203224146,-0.001369827972322435,0.372,353.1135079803393
237,40.679,78.82181283467564,1.9376536501555013,0.0036427452961227402,0.20175,164.1211160854
238,47.42625,83.6395627382835,1.7635710758974934,0.001920824141265376,0.23075,1676.4807336600143
239,19.6955,57.634015127135804,2.9262529576368106,0.008443097246233933,0.0945,6.264795966060826
240,27.71175,67.40029200068754,2.4321918320094382,0.005513170855259597,0.13425,44.16759640505968
241,23.20925,61.578445422669354,2.653185493829803,0.008764951861573334,0.1115,125.4339317064243
242,44.911,81.72767849607676,1.8197697333855127,0.0006488412215694961,0.22275,1463.3611143927915
243,66.77025,92.97559400298313,1.3924703592241023,-0.0024882765517486582,0.333,875.3534403245064
244,38.18,76.88735602411555,2.01381236312508,-0.007148746960341734,0.1875,74.61313930110215
245,69.094,93.46306489798542,1.3526943714068578,-0.00021721964250986936,0.34725,390.41861728176946
246,16.183,52.16933410400418,3.2237121735156755,-0.0077881389497753695,0.07525,41.147750095059955
247,14.43875,49.08327658630394,3.399413147696576,0.0,0.0655,11.790393187149828
248,31.05,70.29654615342261,2.2639789421392145,0.007632318761429113,0.15025,109.98116223190301
249,148.40675,85.31488124400056,0.5748719734378697,-0.026524509616828063,0.7605,5125.056281480879
250,40.5055,78.24748645825154,1.9317743629445767,0.00046672186130503057,0.199,220.20783594581857
251,52.81425,86.52590034085141,1.6383059560791151,0.00235448505540492,0.26225,155.52217231345642
252,119.7235,96.58631775227916,0.8067448558744036,-0.002709226719797897,0.6055,2812.8316301898512
253,66.6555,92.36071646125482,1.3856428420948732,-0.005369945043905755,0.33825,290.84490055484764
254,111.08025,97.56371241108221,0.8783173643476874,0.0016634812582119185,0.5675,666.6560271552397
255,92.8315,98.07577336978038,1.056492390727074,-0.0015101842662303966,0.47175,1380.515917616174
256,132.24125,92.33295127910988,0.6982159596881448,0.007807417126069804,0.677,2635.8954127342554
257,27.27625,66.55008387938807,2.4398545943591246,0.0,0.1315,46.19649739679541
258,69.63875,93.2442994143922,1.338971469395878,-0.001234947959591226,0.35175,2880.1823921737105
259,36.111,75.39553236482348,2.0878827051265123,-1.8858746532179893e-05,0.1755,242.22660214175116
260,24.84925,63.930660146475816,2.572740028229255,-6.148918079817989e-05,0.1205,74.91256245946651
261,66.561,92.47258282130662,1.3892907681871758,-0.004844250280011231,0.3335,554.3416500730885
262,29.75475,68.89031188204406,2.3152710704020047,-0.0011435178934515733,0.1465,589.7121145627076
263,80.85275,96.73930530417915,1.1964875072793337,-0.003038129071243123,0.40575,1649.5519833625192
264,33.88225,72.3872942237017,2.1364370495968155,0.0025920299133572744,0.164,381.3216739779372
265,28.834,67.47784272496197,2.3402178929375728,-0.010140479109190137,0.13825,234.97508427668612
266,27.134,66.01017254726675,2.432747569369306,-0.003537739216627145,0.12875,236.61115124127934
267,13.578,47.74300225756799,3.516202847073795,-0.012023821053632977,0.06,23.05556512652774
268,50.02775,85.23070484396777,1.703668560828096,-0.004195561961721106,0.247,300.94934879159894
269,101.25575,97.88928143465172,0.9667528158613384,-0.002336785140320652,0.51725,3399.1137359217746
270,29.49375,69.04469388284551,2.340994071043713,-0.0001713603373909578,0.1465,13.207058466668078
271,84.7645,97.4075412738883,1.1491549088815283,-4.851223845392383e-05,0.42525,1709.8365942301562
272,53.994,87.15038302449008,1.614075323637628,0.005477658203866476,0.267,929.4776377086293
273,34.8655,73.70501351335777,2.113981256926124,-0.009867440685338957,0.1715,206.7349489891449
274,28.9725,68.6361819678133,2.369011371742628,-0.0027485518322560853,0.14075,164.70196572843113
275,41.09425,79.02841096322476,1.9231014305705727,0.004779575846943995,0.2015,589.2841448046306
276,12.766,46.57550389841047,3.6484023107011176,0.011487546733970566,0.0585,26.211939604336152
277,26.93075,66.18102399042799,2.457451945839904,-0.002415124666654389,0.131,88.06330163104445
278,74.0995,95.15103010153041,1.2840981396842137,-0.0018811819594122259,0.37025,752.0245698674934
279,21.3845,59.73737354621099,2.793489375305057,-0.004417644669134635,0.1055,4.198871655899901
280,125.9035,94.70520026106868,0.7522046667572283,-0.011251009339463103,0.639,3314.9481642264573
281,82.01875,96.95157967066685,1.1820660479544842,-0.002086203812224907,0.4105,454.8661648392102
282,135.08,91.54719450756288,0.677725751462562,0.004095739547552046,0.69,3618.95382072692
283,135.4775,91.3879282624791,0.674561667158599,0.003339531906046078,0.6925,4070.0342941763533
284,52.8175,86.85065603012575,1.644353784827486,0.003981461293959487,0.25925,621.4880360200709
285,99.94575,98.14886452139531,0.9820213918190149,-0.0011866460435938642,0.50525,3153.7829788264253
286,63.897,92.34774722538933,1.4452595149285463,0.0033058600636783897,0.3165,231.46739946598305
287,33.4525,73.18529746944685,2.1877377615857365,0.007353528952492194,0.16375,84.83132303774235
288,48.808,83.58838071375463,1.7125959005440632,0.0016549825473217705,0.24575,433.4203896582815
289,11.797,44.820564607699204,3.7993188613799442,-0.00519269240278053,0.0535,9.415542772439782
290,103.29375,97.94930820420286,0.9482597756805505,-0.002070552671561643,0.5255,3391.1187090425906
291,41.216,79.03864637571436,1.9176690211499021,0.004835820117512268,0.20275,72.66827413106093
292,50.329,84.6768315447036,1.68246600458391,-0.007027042833257502,0.2525,331.9546512193283
293,22.18475,60.417312753527774,2.723371358862632,0.0004976359073123326,0.10525,23.022884738885153
294,32.645,71.7845263936274,2.198943985101161,-0.0010394740331889363,0.16,123.41038419672331
295,80.148,96.34799338832902,1.2021259842831888,0.0035479978967485337,0.3985,4050.4512009826667
296,88.89275,98.38522582482926,1.1067857145248545,0.004288793382965617,0.4435,811.1808417878127
297,22.032,60.984258181406815,2.76798557468259,0.0045539765120392595,0.104,112.9211350379212
298,22.86375,61.84052270558218,2.7047410291654774,0.010609382917887933,0.1105,148.4168222713728
299,26.24375,65.81567261395958,2.507860828348067,-0.0048192831954569915,0.12525,219.16563675030608
300,91.0955,98.20425346490676,1.078036274732635,0.0034892051264965307,0.45825,1616.1903424693755
301,113.07125,97.92300496902166,0.8660292069736706,0.0032598961256176118,0.56475,6085.008795165543
302,42.675,80.67429863726831,1.8904346487936337,-0.0049851231406752294,0.2105,41.97814780938378
303,120.04525,96.09183947058517,0.800463487481472,-0.004938329008425724,0.613,2591.0580256833136
304,45.94925,82.25819276526049,1.7901966357505399,0.003458842128331474,0.23075,267.36748137467873
305,72.27125,94.45497662426142,1.3069509192695772,0.0043676066638809186,0.3615,677.5895612953078
306,68.59425,93.70174822991743,1.3660291967609155,0.0008904555496471733,0.3415,2367.2538324676475
307,27.96575,67.51258078372148,2.41411658130826,0.0062361027609481035,0.13525,188.9180460437333
308,64.837,92.0750937372408,1.4201010802048337,0.002021724204714248,0.32675,423.26079457450675
309,46.545,82.77434006286737,1.7783723292054434,-0.0025952026224747016,0.22875,363.3417896719748
310,50.0215,85.0935412674861,1.7011393354354847,-0.004895044256478798,0.2485,121.21900479323116
311,45.57775,81.75785308808501,1.7938106441868018,0.0008091570467643194,0.22725,321.28225662183354
312,43.6925,81.00055071451067,1.85387768414512,-0.003232349969704229,0.21525,302.3666681440971
313,20.034,57.88817326666163,2.8894965192503563,0.010354066163184683,0.09575,30.293865251506706
314,70.10775,94.17433483318487,1.343279948838536,0.003075323187428536,0.35025,656.4004004911466
315,11.31425,43.80080620940269,3.8712955970924003,-0.015187911154852296,0.05225,3.361592564314805
316,48.855,84.08384207518428,1.7210897978750237,0.004221618308114294,0.24125,1061.5647046020463
317,29.39575,68.99757820668127,2.3471957070896736,-0.00046782139463252825,0.14125,60.93173047064963
318,80.27575,96.16097672808249,1.197883255255572,0.002704189641262289,0.404,570.6752151149295
319,17.094,54.394980167905814,3.182109521932012,0.0103553904325131,0.08,3.6028447989097248
320,54.50525,87.71131506901082,1.6092269106005537,-0.005154889200938539,0.268,953.8071070545258
321,52.88825,86.47355769819319,1.63502399300777,0.0020916851388501634,0.25675,2187.683662063005
322,23.09,61.89656449411424,2.6806654176749345,0.011002775743441662,0.10875,806.4304877915714
323,39.61625,77.6337989384901,1.9596453207582771,-0.002952835268031695,0.1955,477.1857306042557
324,20.0365,57.894288188915716,2.889441179293575,0.010399939725748375,0.0955,173.0884013267665
325,39.764,78.02726682123306,1.9622589986227001,-0.0007572792580587961,0.19675,1284.252570525401
326,65.6125,92.73521067304826,1.413377186862995,0.005124217463968073,0.32675,1136.9562732204677
327,47.98625,84.0467430939098,1.7514755392202932,0.004029959151072404,0.2385,1632.2930792055845
328,25.2335,64.45369304692204,2.5542906472317375,0.0034771283152359445,0.12125,66.49247377538508
329,116.98975,96.9418773122932,0.8286356480998822,-0.001113410372773016,0.5955,2296.0443025943273
330,11.257,43.71565183722974,3.883419369035244,0.02612026411002777,0.051,31.008290427308307
331,32.30625,71.95255209772509,2.227202231695882,-2.411084210640624e-05,0.157,154.60084592817847
332,19.042,56.087763329435994,2.9454764903600457,-0.003367657378796407,0.08575,330.2500495802986
333,131.7775,92.53302969289417,0.7021914188150039,0.008747481755862374,0.67575,6169.566850630672
334,16.57125,52.35706484322101,3.159512097350593,-0.006228140468817145,0.0775,68.71546101946336
335,17.2695,53.82257506982351,3.1166261368206087,0.005761039851437166,0.07925,381.4183740493932
336,51.3785,85.88543424064221,1.6716220644947246,-0.0008721261565847183,0.2545,276.40137792138717
337,58.0145,89.02463780484632,1.5345239173800744,0.0012997037295172653,0.2925,180.27806626450243
338,80.39075,96.3144105565606,1.1980782684147195,-0.00494982231593033,0.4055,792.5275541381081
339,63.53725,91.50374498496807,1.4401590403262348,-0.0006815766032721715,0.31525,419.22657527804284
340,118.695,96.3354327540027,0.8116216584860584,-0.0038387834595643433,0.60525,4350.726433441045
341,17.13725,53.86738193142986,3.1432920644461544,0.006122436111809515,0.08,13.139491366801023
342,75.9055,95.53465490240612,1.2585999025420571,-0.0001337371114877861,0.37475,1723.005005072015
343,35.46525,74.56553692733537,2.102495736737662,-0.004826321389975741,0.175,95.85699002008232
344,13.81825,47.725649826380966,3.453812879806123,-0.012181696231099437,0.06375,69.62560849282045
345,36.40125,75.41755565093972,2.0718397211892374,0.00010798159375235983,0.17975,84.87115852068807
346,44.62,81.60566751913014,1.8289033509441985,0.0,0.22225,83.52036294088744
347,33.5265,73.10081894330969,2.180389212811051,0.006851928900227122,0.1625,212.3839672088521
348,5.67475,29.78939936480978,5.249464622196533,0.03175303715260869,0.02325,0.0
349,25.481,64.79790761442689,2.542989192513123,0.005790304166130467,0.1225,254.19950251759312
350,22.563,61.2764737281621,2.715794607461867,0.006629996165408603,0.106,1207.478825691559
351,77.81875,95.9137959967341,1.2325280989059078,0.0015864032147032692,0.38925,736.6596313428072
352,31.6805,71.8068170475034,2.266593552737596,-0.0009046371019070243,0.151,221.24095426774696
353,49.444,84.72713872195261,1.7135979840213698,0.007531610762170127,0.2445,2152.1806825785243
354,11.95625,44.89325881587654,3.7547942553791147,-0.004488883353462647,0.0545,5.550084966585435
355,90.0685,97.75996911128891,1.0853957722321224,0.0015199622593162765,0.45975,274.3164855216596
356,75.33325,95.50437406634289,1.2677585802596183,-0.0002714136919310661,0.3785,201.70009965256304
357,67.9915,92.81562698653295,1.3651063292695844,-0.003236135458409617,0.34225,204.0087085282044
358,37.2225,75.51470129238292,2.028738029213055,0.0006670379903126467,0.17575,776.173453980104
359,24.62725,62.875672123435336,2.5530935091589737,-0.007288037576369533,0.11525,108.0279156639412
360,35.509,74.81644400847662,2.1069713032886486,-0.003367408305550379,0.17125,315.8877479766048
361,64.23625,91.58139125249974,1.4256964136682908,-0.00031320865987605195,0.32325,269.4767884691793
362,94.974,98.41740862560926,1.036256329370241,0.0,0.4805,914.5837716678939
363,86.67675,97.47065913281517,1.124530616720345,0.0002328095178305567,0.43775,374.1197692071744
364,19.2455,57.15176997217793,2.9696173116924958,0.00479390598477436,0.093,5.925037368248889
365,109.09775,97.8827740427348,0.8972024999849657,0.003081432858370814,0.554,2098.947661303802
366,117.851,96.29134594981112,0.8170600669473412,-0.004037578832132072,0.60125,2659.1349018359874
367,109.07,97.83549226066414,0.8969972701995429,0.002871598407707232,0.55375,1358.0640239256388
368,53.029,86.28642416828349,1.6271554087062454,0.0011508296198055046,0.26375,631.3044210665099
369,14.779,50.346622077242166,3.4066325243414415,0.011036790966604926,0.0695,72.54741109915331
370,42.056,79.85394183762472,1.8987526592549153,-0.009423962459517154,0.206,1002.6242424912156
371,111.12525,97.6761522589702,0.878973520950191,0.0021637070800746283,0.56475,1165.7540957452409
372,51.56675,85.97773890568611,1.6673096308316135,-0.0004056223698443162,0.259,130.54648367644006
373,57.70975,88.70685560595288,1.5371207743224131,-0.0002533266293445191,0.29025,798.770375464558
374,19.50375,57.15741184106916,2.9305857510001494,0.004836776251015529,0.09125,93.95332681145166
375,82.0,96.76865992347857,1.1801056088229094,-0.002906366543918848,0.41225,1849.3794223934246
376,49.673,84.78767191241356,1.7069166732915981,0.007841781084259036,0.2415,2030.1378818973596
377,102.6965,98.05909077730131,0.9548435514092624,-0.0015840636135506792,0.5125,11668.55429480237
378,28.9555,68.0883178269674,2.351481336083556,-0.006229064060017109,0.14025,25.653956381534936
379,54.93025,87.63706949073965,1.5954245518769647,-0.005522665008589112,0.26775,1094.6682122166917
380,41.63825,79.15558595977076,1.9010305658804287,-0.013238753414961613,0.2025,1317.3047947746588
381,29.8835,69.41923498063288,2.3229954650771454,0.0021781545156926985,0.142,1364.9542890312225
382,9.2725,39.616159629322276,4.272435656977327,-0.016644321406210638,0.04075,0.0
383,8.7335,38.28180836850567,4.383329520639569,0.022183533745529616,0.03825,0.0
384,23.78,63.257240452120605,2.66010262624561,-0.00466043591811216,0.1125,18.366851373674592
385,27.52675,67.17812895347654,2.4404671439046215,0.004079296502332408,0.131,28.579034650768016
386,13.30775,47.44201435562185,3.5649914039279254,0.019493105122246446,0.06225,9.231304695221812
387,38.54225,77.00656282172906,1.9979778767905105,-0.0064759346081508795,0.187,426.9498169273552
388,36.973,76.06359634327164,2.0572741282360547,0.003812384487082765,0.18,59.06390936563391
389,47.065,82.88531998531022,1.7610819076874582,-0.0020133111092914824,0.23075,630.1018610301833
390,45.719,81.72989650669912,1.7876571339421055,0.0006606273963507547,0.224,363.73998544672594
391,22.124,60.84818197212081,2.7503246235816676,0.0035838379953812005,0.10375,75.8509651033743
392,25.86125,65.28785204265482,2.524543556195266,0.009061702485127832,0.1235,85.85317882366061
393,91.579,98.17944570983262,1.0720737910419706,0.00337948246377362,0.45875,2960.9240350460095
394,34.89575,74.12556597976473,2.1242003963165925,-0.007396448433882652,0.168,119.57311629746897
395,55.925,87.77748342627032,1.569557146647659,-0.0048273862031107395,0.27975,287.793652366522
396,17.668,54.58202153886221,3.0893152331255496,0.011846184155698714,0.082,1.549817991973745
397,39.7545,78.16344165050988,1.9661533071855986,0.0,0.1935,745.2522303068301
398,7.682,35.739868642073084,4.652417162467207,-0.007655959216418928,0.03375,0.0
399,29.07625,69.20378405021806,2.3800794136182644,0.0008281734491077941,0.14175,30.85442637729312
400,52.82225,86.79003849885746,1.643058341870281,0.0036782390513019347,0.263,311.5398160539783
401,57.945,88.73780803380068,1.5314144107999081,-0.00010181495830963172,0.2895,2606.135371684869
402,12.807,46.78433973683025,3.6530287918193367,0.013430489223804631,0.0595,23.115270258010206
403,27.856,67.86976381430874,2.4364504528399173,0.008527730662653443,0.13325,64.10836399165645
404,97.78925,97.99629918063629,1.0021173000164771,-0.0018622507613745842,0.49775,2204.6283170317147
405,127.785,93.80348900034134,0.7340727706721552,-0.0154058439325655,0.657,4783.12564518571
406,21.97875,60.14378286316695,2.736451475318976,-0.0014730284307964414,0.1035,193.3900988827165
407,26.22825,65.66822466665457,2.503721165790877,-0.005793331851606354,0.1225,152.87317237647667
408,65.45775,92.66411049743623,1.4156323811532816,0.004791115754107622,0.32325,1439.5492515778162
409,79.06425,95.96653070571752,1.2137790557137709,0.0018251186065985081,0.39375,2472.230732753213
410,25.203,64.74521817724614,2.5689488623277446,0.005437020532681247,0.1235,3.283784103290837
411,103.27325,98.32527421433836,0.9520885051486069,-0.00040675941545376126,0.52125,7222.657532048887
412,75.66775,95.40956506668529,1.2609013095629946,-0.0007027601819555862,0.37775,2864.433675523337
413,37.26025,76.08517765308908,2.0419932140307453,0.003935588159154735,0.1835,61.5144255479635
414,3.10275,19.040518054124536,6.136658787889626,-0.01933481435699358,0.01,3260.928495585609
415,4.61475,26.620480742019556,5.7685640049882565,-0.01709281541602725,0.0175,404.58631230235216
416,4.82525,27.249244811062074,5.6472192759053055,-0.0069542389060386345,0.01875,2.3406095482898297
417,76.36225,95.85945589120793,1.255325188705256,0.0013402832957329913,0.3805,1717.6969762259787
418,45.044,81.74006008901534,1.8146714343534178,0.0007146310532173406,0.22375,71.53020121145515
419,111.99275,97.62792121205669,0.8717342971938513,0.0019492058913948007,0.566,2292.537832386771
420,129.03225,93.33248066951012,0.7233267703966265,0.012483508823638356,0.657,4857.483119014877
421,56.12025,87.5735466419818,1.5604625182885288,-0.005837573140390351,0.27975,1187.0639514380553
422,72.09875,94.61352666661661,1.312276934990088,0.005095992655652415,0.36275,568.8059231400746
423,50.835,86.05807790784836,1.6928902903088099,0.0,0.249,281.6943306267293
424,132.98025,92.23790607861251,0.693621090941042,0.007360135140745294,0.68075,3244.721356648669
425,34.23225,73.19167688561886,2.1380913286628505,0.007391383885007929,0.16675,1064.3756586972568
426,75.527,95.52460682267767,1.2647742770489714,-0.00017941744694405237,0.37625,701.5319505058868
427,82.6425,96.8092567980999,1.1714221713779218,-0.0027242073473778827,0.41925,440.25351507994725
428,29.3985,68.83250087018494,2.341360983389797,-0.001508119870662794,0.14275,102.01659515303868
429,37.14075,76.05151805050933,2.0476570357493946,0.0037434165093848115,0.18075,230.59992476196766
430,70.2435,93.66633895649696,1.3334520483247128,0.0007263075085510717,0.35325,1094.3535897688362
431,38.4175,77.0383016345096,2.0052919017247244,-0.006296973868415101,0.18975,74.6078509104084
432,11.189,43.416074418116956,3.880246171965051,0.023133858622879755,0.052,0.10255688026163252
433,31.3805,71.22710891936617,2.269788847193836,-0.004424996596988917,0.15275,77.01527109361986
434,150.0635,84.11581798602963,0.5605348268301727,-0.03267162761524589,0.769,7760.3917823829415
435,16.61175,52.7628988287291,3.176239639335356,-0.002874784360407112,0.0795,634.998534961778
436,6.446,32.51031858046843,5.043487213848655,-0.0033520503739343788,0.027,0.0
437,49.15425,84.6570886730884,1.722274038828553,0.007172399613871283,0.24075,183.596065707146
438,92.4545,98.29372738868432,1.0631578494144074,-0.00054612145380184,0.46425,1406.7399421912055
439,7.79175,35.64275499219102,4.574422304641579,-0.008837645910874992,0.0345,0.0
440,72.8505,94.50645754327766,1.2972657365876372,0.004604246269245049,0.36175,2250.981187199683
441,70.82425,94.04130371086104,1.3278122071304819,0.0024614029795824166,0.35325,925.0585993581478
442,35.45975,74.89271399535403,2.112048561971081,-0.002924901811719005,0.17125,50.19773010758883
443,61.765,90.32371708730281,1.462377027237154,-0.00631864367361934,0.30875,2427.264156514278
444,41.582,79.87830689228456,1.9209828024694473,0.009425177199515522,0.20325,128.00285497782306
445,51.37125,85.88555178514521,1.6718602678569279,-0.0008715317729788286,0.257,228.84075281372165
446,28.98025,68.5828714950251,2.366538297462068,-0.0030860041720026654,0.1405,135.58842547526868
447,27.68225,67.11929331288586,2.4246328717097008,0.003698768041676903,0.1315,232.47560120290078
448,41.60575,79.23428446636105,1.9044070703294869,0.005909466584260947,0.205,698.1787689560049
449,1.06575,3.00901819288639,2.823380898790889,-0.5416618648531264,0.00025,0.0
450,93.69275,97.94165604805168,1.0453493578537472,-0.0021044826611911205,0.47275,1127.8201811358495
451,11.9665,44.840774430342734,3.747192113846382,-0.004996910927796083,0.0525,16.926248987380454
452,31.07775,70.06692192700191,2.254568684251656,0.006211370351241197,0.14825,1272.5259415074668
453,60.68975,90.71044091481552,1.4946583387609198,-0.004463167539873414,0.3035,258.1704774797168
454,21.29325,59.99488395657367,2.8175541054828956,-0.002549551224293234,0.10325,5.723578925720623
455,69.201,93.3782066189314,1.3493765497453998,-0.0006117094099122866,0.34425,581.2929546527083
456,5.94325,31.13546826022447,5.238794979215828,0.05094669206083058,0.02425,0.0
457,34.14675,73.26732381916516,2.145660240554816,0.007840015223135932,0.168,172.56116707902868
458,67.08,92.61774458305986,1.3807057928303497,-0.00416303731850709,0.338,540.3318926976269
459,84.4425,97.01066931652575,1.1488370111795099,-0.0018215924451983057,0.42525,1419.8543990006249
460,69.038,93.59602347270142,1.355717481281344,0.00040015944928462055,0.345,530.9471049904371
461,24.21475,63.44819974554233,2.620229395122491,-0.0033513740489050647,0.1145,132.9420114160837
462,47.9065,83.78961410943575,1.7490239134446421,0.002699260745534282,0.24025,3031.5834717257876
463,1.74725,12.245074638430145,7.008198390860006,0.06787475826248279,0.0035,0.0
464,69.1285,93.50067690608167,1.3525633697546116,-4.2483218942068746e-05,0.34525,603.6120056900119
465,21.1015,59.291277281235985,2.809813391523635,-0.007672962645395964,0.10175,42.55116042547375
466,40.7185,78.81373394856209,1.9355755724931443,0.003598229757163285,0.19325,1569.7006780568167
467,46.79775,83.15851838346107,1.7769768500293512,-0.0005841865478068975,0.23325,53.2290316936515
468,31.76725,70.81060028495509,2.2290440716446995,-0.006972037394544994,0.15775,79.02379954146545
469,25.31175,64.62975176449918,2.5533497985915306,0.004661809698029096,0.12275,60.180113679018596
470,31.48525,70.81296068720627,2.2490836403460754,-0.006957560853130262,0.154,239.42571418246067
471,24.6085,63.538118487056394,2.581958204972119,-0.0027363279505607796,0.12225,75.86089217844005
472,8.86075,38.28974256290951,4.32127557632362,0.022273535236118525,0.0395,4.6893150790566445
473,113.74975,97.17345468290841,0.8542740066058028,-7.719318301679934e-05,0.5775,2575.0948019605803
474,105.2555,97.93224392839272,0.9304240056661431,0.003300869539390572,0.537,1292.5153193306508
475,3.73325,23.466588261369765,6.2858335930810325,0.0017531997710675817,0.01275,0.06439628482972137
476,12.3345,45.21861663709586,3.666027535538195,-0.001352743533611811,0.058,2.4962270822837
477,13.96575,48.19583785592029,3.4510024779134874,-0.007924012011928827,0.0665,3.2947245035674744
478,55.864,88.32356858275031,1.5810462656227682,-0.002133903937173054,0.27725,486.61394770929473
479,3.84925,23.372047141497816,6.071844422029698,0.0,0.01375,147.54957555143483
480,67.9995,93.24322535454588,1.3712339848755637,-0.0012399505276190492,0.34025,311.90949801195063
481,59.7215,89.59610372778943,1.500231972200789,0.004078612176375618,0.30025,605.7055469535651
482,54.66425,87.46292050093649,1.6000022043828734,-0.00638653679112533,0.27,670.2176600495886
483,59.13225,90.01081738740731,1.5221950354909093,0.006084193842239793,0.29025,674.418030508857
484,29.648,68.85991227034398,2.322582038260388,-0.001335203735110424,0.14675,91.71269674889534
485,37.03725,75.79958612520049,2.0465770575623323,0.0023023634994931985,0.18125,159.16229664205525
486,94.42275,98.71223611501873,1.045428523475738,0.0012990643533263846,0.476,1007.2413715234214
487,10.4495,41.1639170483895,3.9393193022048423,0.0,0.046,87.1134707013612
488,11.66875,44.566849501127116,3.819333647659528,-0.0076580812444349,0.05075,12.555028420534013
489,63.72975,91.71358165616775,1.4391015445089264,0.000313208659876274,0.32025,335.7254173990759
490,70.71625,93.91754288817951,1.3280899777375004,0.001889483635464817,0.35825,189.80045229901245
491,21.5845,59.85149045744387,2.7728921428545426,-0.0035887989351091054,0.10325,124.40311935741363
492,51.91,85.53331740963152,1.6477233174654504,-0.0026563254965621397,0.26375,137.95638240686532
493,102.57075,98.52641705731534,0.9605703093456501,0.0004807641472517332,0.5175,2640.660261498018
494,117.76325,96.41772292354212,0.81874203474804,-0.0034679654712264085,0.598,3234.589185746588
495,99.37525,97.94494494611565,0.9856070293771906,-0.0020898992208373546,0.50625,2981.502713216621
496,27.3565,66.94807255518796,2.447245537813242,0.0025894709326836907,0.13125,215.95809475653354
497,24.43775,64.07568999589168,2.6219962965449635,0.0009226134077588988,0.11625,46.077362448035814
498,66.505,92.6881316428207,1.3937017012678852,-0.0038331102407018758,0.32275,3992.644836958685
499,34.60425,73.60616549472748,2.1270845487108514,-0.0104502770426389,0.163,691.2694249078531
500,16.4105,51.616838960421305,3.1453544352957747,-0.012412027694524319,0.077,11.041260479535842
501,16.4015,52.51702873665677,3.2019649871448816,-0.004903285345359665,0.07625,46.63083174998889
502,20.00725,57.450999571595304,2.871509056546767,0.00706181032396791,0.09425,62.14353859322224
503,10.71125,42.03376122485563,3.924262922147801,0.00908155850845449,0.0475,7.637899379812815
504,42.59675,79.46763124405676,1.8655796802351532,-0.011530053739401414,0.20975,657.3318068929
505,14.175,48.80490092796672,3.4430265204914794,-0.00247011112664719,0.06525,48.70029775666273
506,70.07225,93.90290181181662,1.3400868647976427,0.0018217749395710303,0.34725,2648.6475492613954
507,6.79375,33.246037894708955,4.893621033259827,0.0063666198631791016,0.029,3.8619877820190496
508,47.44475,83.61952226342477,1.7624610154637714,0.0018167524528733825,0.23425,113.09668079611473
509,65.843,91.93112467451368,1.3962171327933672,0.0013421277997063275,0.331,2096.1191181873
510,22.26575,60.829953129498094,2.7319965925018512,0.0034537129599319094,0.10525,60.789449089942615
511,28.55175,68.2986127023219,2.392099002769424,-0.004889786521294459,0.138,350.6837812000998
512,10.37,41.70038165841668,4.021251847484733,0.005623335467551227,0.04875,0.36724504251589907
513,74.56925,95.10141310270333,1.275343564575255,-0.0021077061388110607,0.3765,804.201602859173
514,15.19275,50.68982602113577,3.3364483731474404,0.013987253994268256,0.07175,16.589804267245125
515,52.84775,86.44229079187362,1.635685356365666,0.0019346255616357055,0.2625,478.794966724565
516,17.8645,54.95746282744599,3.0763504619466535,-0.012209104091821743,0.085,1225.991884669595
517,16.38725,53.11331794920548,3.2411367343029167,0.0,0.076,241.99188466959018
518,98.84225,98.87618009250217,1.0003432751935752,0.002019754183914202,0.49925,638.6772154251323
519,28.34375,67.71980566242965,2.3892323938233173,-0.00858596566882519,0.13925,121.72962993408899
520,68.39525,92.88351502973265,1.358040434529191,-0.0029185959852360277,0.34425,696.5691109919047
521,17.65975,54.592770332532545,3.0913671106630924,0.011931700999160633,0.08275,1160.5761147449793
522,3.74675,23.17960176366239,6.186588847310974,-0.0035907833020356605,0.01325,0.3583167024546335
523,20.3225,58.549748180525945,2.881030787576624,-0.013138737337886397,0.096,508.2074625059344
524,1.30275,7.010412178126677,5.381241357226387,-0.1743431252780886,0.00175,0.0
525,31.97525,70.98417658724331,2.219972528353752,-0.005908764549238832,0.151,419.53710972966104
526,73.0775,94.50478708745719,1.2932131926715773,-0.004840868251867914,0.3645,1222.6925562013141
527,27.12875,66.10824644853035,2.4368334865605807,-0.0028929697395978504,0.13425,37.92689138725251
528,16.99425,53.74698039344028,3.1626568041214105,0.005150637473596342,0.08175,21.69908116563278
529,31.4485,70.3928308523592,2.238352571739803,-0.009541882719463102,0.15125,279.9210908200847
530,14.64075,49.94256455545805,3.4112026061136245,0.007537293015520197,0.068,32.199654642031454
531,76.222,95.75392116960454,1.2562504417307936,0.0008618913110078896,0.3845,411.2036902759354
532,31.7665,71.30267874174811,2.2445871827789685,-0.0039644674616718945,0.15525,31.909988622963667
533,130.11175,93.22258242725366,0.7164808899062048,0.01197182927003504,0.6605,9497.602139782557
534,7.48375,34.826296869979146,4.653589025552583,-0.018901613428736086,0.0325,1.440454756431707
535,13.91075,48.702918577914836,3.501099407143025,-0.0033785590491424156,0.0645,25.019251010827528
536,22.59425,61.887499808892336,2.7390818375866575,0.010939169126527482,0.108,24.516285241035664
537,49.8665,84.3827220981711,1.6921725426523035,-0.008538110806765697,0.2465,1225.6078099980602
538,8.96775,38.614180991973925,4.305894008193127,0.02593791668435408,0.039,19.70292453747864
539,12.981,47.38353024769982,3.6502218818041614,0.018957398658838276,0.0595,14.72140425021807
540,17.8385,54.93590270580364,3.079625680735692,-0.012379513687216903,0.085,43.03760924321254
541,36.15825,75.33059392791804,2.083358401690293,-0.0003930792914383918,0.17925,96.81650620432568
542,27.23625,66.61934756739275,2.4459809102718895,0.0004517679452769041,0.134,16.59460279437557
543,57.37375,88.58094437780746,1.5439280921642293,-0.0008702056339020547,0.2885,1939.1111175030992
544,47.56025,83.55818249820362,1.7568911538144483,0.0014980553779226913,0.23875,1325.07311307862
545,35.07975,74.35161014006425,2.1195022809473913,-0.006074092905652195,0.17225,130.82675483978548
546,110.631,97.87321712632964,0.8846816636054057,0.0030390278618517286,0.562,4553.851340211744
547,37.85075,76.87778953032056,2.031077046830527,-0.007202786196043753,0.18375,39.90792402195823
548,60.8605,90.61459480099074,1.4888900814319754,-0.004922292691107444,0.3045,269.78007553141157
549,74.3375,95.41263798167229,1.2835061440278768,-0.0006887728156952377,0.366,2138.381691930996
550,50.5565,85.13510911751456,1.6839597107694275,-0.004682944962852931,0.25525,32.8492802123516
551,31.144,70.40147268231652,2.260514792008622,0.008280075159546874,0.15425,120.27103922064845
552,60.27225,89.95729936400224,1.492516031241612,0.005825897168897143,0.304,127.89271271557737
553,10.56225,41.696453968004,3.9476867114491703,0.005582428057544719,0.049,10.130947869857106
554,13.91675,48.49666793850671,3.4847696436672866,-0.005221646087513854,0.06525,46.35293178556269
555,20.8335,59.14723896108067,2.83904475777381,-0.008729292637539743,0.098,43.18179958304103
556,13.0715,47.25429218369952,3.615062707699921,0.01777124683295006,0.06025,15.340566644123538
557,30.9135,70.66148016383987,2.2857806512960317,0.009881061670586666,0.15075,35.16731927306016
558,8.975,38.033123782121244,4.237673959010723,0.019353085683848192,0.03925,44.345178724808406
559,16.70475,52.79902945902939,3.1607195234307244,-0.002577492822930294,0.08225,23.94688622775096
560,59.47425,89.87148078062322,1.5110990181569877,0.005411385765264676,0.29525,3027.2982407173695
561,2.1555,14.9022763096717,6.913605339676038,-0.003843386437487162,0.00575,0.0
562,38.3945,76.89679218870076,2.0028074903619206,-0.007095450515129942,0.1885,274.02703055825907
563,26.02375,65.26828612144497,2.5080277101280553,-0.008446398477578887,0.1275,224.30355498942194
564,46.0405,82.51796873130654,1.7922908902228807,-0.003942400743305541,0.22775,1174.9632863802594
565,10.39875,41.896856505993036,4.029028152998489,0.007664744995376616,0.0445,19.905422782880116
566,15.34325,50.34210475650902,3.281058755903021,0.010997822404176905,0.06925,47.01925025384087
567,6.276,31.762163540259486,5.060892852176464,-0.013463198142548372,0.02625,28.797339203380595
568,47.12125,83.14546795013942,1.7645004737807128,-0.0006523476462221289,0.236,90.99063941740924
569,34.49325,73.52385935130839,2.131543399108764,-0.01093617524974877,0.1655,336.65175498271475
570,12.9835,46.193935724014885,3.557895461471474,0.00791495024588107,0.0585,22.45036499027451
571,34.484,73.49786206368171,2.131361270841019,-0.011089764509481626,0.17175,16.765573110700927
572,36.63475,75.52190895442547,2.0614828531496863,0.0007084881771217688,0.181,379.0308226778616
573,26.48775,65.84621690733456,2.485912050186768,-0.004617778897552771,0.12825,49.10323436246613
574,7.0955,33.67260519822024,4.745628243001936,0.011903442690185617,0.03075,0.3160771107346609
575,14.49775,50.204936299578264,3.4629467537775356,0.00981287374200357,0.06525,15.022197002737048
576,40.4315,78.67783587653231,1.9459539190119663,0.002848731895179757,0.20125,31.319558933757474
577,25.32625,64.94346560177237,2.564274837442273,0.006764782170433081,0.12225,1133.7936083448653
578,1.5555,10.15830780959056,6.530573969521415,-0.013265310033158562,0.00275,0.0
579,21.7345,60.348123282716394,2.776605087888674,0.0,0.103,79.15447697943598
580,40.78875,78.7536739379642,1.9307694876151928,0.0032671494557376946,0.2015,190.07888241659035
581,29.09625,69.07194234450273,2.3739121826524974,0.0,0.142,38.96341559697146
582,1.216,6.100421935157168,5.016794354570039,-0.23472680440789073,0.001,0.0
583,7.46775,34.68643462687223,4.64483072235576,-0.020649249611822462,0.033,0.6317168470467981
584,16.81225,53.59573794359893,3.1878979876934337,0.003926822651721507,0.0795,40.94793688494839
585,39.886,78.76643029638583,1.9747889057911505,0.003337489887655698,0.19575,69.31086318725008
586,20.77475,59.01649133081151,2.8407798568363765,-0.009690382768687611,0.0995,11.33666140932924
587,29.2165,68.4862374417644,2.3440945165151335,-0.003698361593359456,0.14375,94.56919778153106
588,46.79675,83.23464687885546,1.778641612480684,-0.0001867881604369348,0.2335,46.2355508077489
589,36.52475,75.40208058055474,2.0644105868090743,1.885874653195785e-05,0.17975,89.66402447986788
590,22.36,61.28021880104603,2.7406180143580516,0.0066565384040209175,0.10925,1.3152191418920798
591,25.52125,64.21120477099021,2.5159898034379276,0.0018401403467225297,0.122,490.9833643102334
592,47.73175,83.76843426722499,1.7549835123837905,0.0025894684826401893,0.23225,408.06774272242933
593,15.50375,51.74897559426915,3.3378360457482317,-0.011301675254621113,0.074,0.07587482495820758
594,1.36025,8.143865824971812,5.987036077906129,-0.10925606860588877,0.00175,0.0
595,9.87575,40.72170031023434,4.123403317240142,-0.004690790946017875,0.04525,1.315576891625636
596,27.982,67.6035001631467,2.4159638397236334,0.006820574875079144,0.13825,64.30674005721758
597,11.204,43.812181648660264,3.91040535957339,0.027078185259682197,0.05025,4.330847274986175
598,22.1425,60.435840495968236,2.7294045611818105,0.0006307974533821259,0.10775,30.166774678716603
599,16.84275,53.305153430818216,3.164872329685961,0.0015657654213769856,0.08,19.214309988353676
600,60.6295,90.24470763742404,1.4884620133338398,-0.006698703147945739,0.305,342.3760235624253
601,26.7645,66.32939346066128,2.4782601378938995,-0.0014425812187919274,0.127,126.26197606054401
602,1.0535,2.2661468631581116,2.151064891464747,-0.6647986264484662,0.00025,0.0
603,15.93225,52.085851187352,3.269208755031587,-0.008483666518656952,0.07575,4.9915803568514585
604,1.277,5.849429455616938,4.58060254942595,-0.25297317066803204,0.001,1009.0400674560025
605,3.08725,20.12480781050722,6.518684204553315,0.004718166755836473,0.0105,0.0
606,50.93275,85.50607902263415,1.6788035011389362,-0.0027946501342264174,0.254,113.03061453169204
607,21.451,59.488947147417036,2.773248200429679,-0.006227486148218331,0.098,113.53363622556411
608,9.14375,39.09904435858936,4.276040394650921,-0.02235055166610178,0.042,0.4567648824825534
609,24.4935,63.66867269482441,2.5994109741288263,-0.0018448819608687383,0.11975,121.50474450172652
610,42.758,80.52753632780998,1.8833326237852561,-0.005775909160862236,0.211,1080.5760154806628
611,73.7555,95.07861855157772,1.2891054707998417,-0.002211813260180273,0.3705,694.4711244545531
612,9.27125,39.2556483186653,4.234126824178541,-0.020614540102721568,0.041,81.11231836494134
613,5.20125,28.649658796830266,5.50822567591065,0.014810744508648277,0.021,9.697022921520773
614,78.70175,96.12375742303658,1.2213674717911174,0.002536062524203686,0.397,906.7296161142605
615,8.8445,38.10453790170109,4.308274962033026,0.02016778806563635,0.04,7.546136747406553
616,6.04725,30.748510291700146,5.0847096269709615,-0.027549195842058172,0.02525,8.362176403905742
617,11.86025,44.495479341815894,3.751647675370746,-0.008354125765140052,0.0545,61.09001945738403
618,14.6465,49.870485300185514,3.4049421568419427,0.006910047814389975,0.068,34.424035455904885
619,6.1605,31.32655547645647,5.085067036191295,-0.01946063121207331,0.026,0.0
620,24.65675,63.76910736556574,2.586273834368509,-0.001160340338993704,0.11925,311.8365867125306
621,1.93825,13.445543224267622,6.936949941580097,0.10849167479854827,0.00475,0.0
622,13.75625,47.85337838014259,3.4786644892425325,-0.011020942870389128,0.0655,77.33614898641528
623,19.69625,57.47262619393608,2.917947639471274,0.007225263622506084,0.09475,51.72977411800859
624,12.03425,45.58732968813292,3.78813218008043,0.002174138350123256,0.055,0.0
625,3.8075,23.58498477054112,6.194349250306269,0.003938846533639406,0.014,0.0
626,24.3255,63.87741487241555,2.6259445796557337,-0.00042334628640250394,0.1165,53.46124726068688
627,7.91025,35.84619829801489,4.531613829906121,-0.006365808247878801,0.03475,0.0
628,5.51225,29.3555409911693,5.325509726730337,0.025381378774891994,0.02225,1.0411965150418803
629,3.23025,20.397677594528073,6.314581717987176,0.010567148204749133,0.0115,0.0
630,4.0325,24.468267568004176,6.067766290887583,0.019906467382434956,0.01475,0.0
631,3.02,19.404245184567102,6.425246749856656,-0.011116821277367128,0.01,0.0
632,1.34475,8.002306334061826,5.950776229084831,-0.11687150593048778,0.00175,0.0
633,16.622,52.76685229550171,3.1745188482433946,-0.002842244365074187,0.07975,984.1656368071477
634,3.758,23.519645606011117,6.258553913254688,0.002734019892177253,0.01375,0.0
635,5.873,30.595398193153972,5.209500799106755,0.043347400233078925,0.02425,0.0
636,34.78475,74.09339967504765,2.130054109201522,-0.0075849485870100875,0.17125,167.0990004865983
637,8.048,36.79922202554589,4.572467945520115,0.005029726138395363,0.0345,8.613604644104468
638,19.6,57.53803660548476,2.9356141125247324,0.007719259277622292,0.09225,62.77547640640533
639,32.6695,72.29692926567014,2.2129793619636096,0.002049538039855303,0.16175,1046.6844268102984
640,43.764,81.24476279656717,1.8564290923262765,-0.0019249465390116516,0.21975,9.449895924577095
641,20.69525,58.73707422411847,2.8381910933242396,-0.011751458962400818,0.10025,29.50318379155174
642,26.96675,67.12569261534493,2.489202169907198,0.003740172668134978,0.12925,29.91789847290416
643,4.19475,24.492678401132764,5.838888706390789,0.020339526458194035,0.01575,197.06348099464077
644,7.88775,36.11689711896462,4.578859258846265,-0.003098479125337006,0.03525,0.0
645,25.83325,65.23752315994615,2.525331623390249,0.008726785889944022,0.12675,19.939838611054594
646,13.697,48.01613352061541,3.5055949127995483,-0.009546360890922978,0.0645,35.23003838035558
647,2.90425,19.153819439925932,6.595100091220084,-0.016758185767026923,0.0095,0.0
648,28.14025,67.53902545882255,2.400086191800803,0.0064061825835941555,0.1385,51.57775664961303
649,13.0585,47.057434888597285,3.603586544288952,0.015958234521525227,0.06125,2.8498775308293403
650,53.22425,86.55815987356522,1.626291772520331,0.0025163732985078457,0.266,357.5309825972187
651,45.7165,82.23403332446489,1.7987823504525693,0.0033312699974379356,0.2275,172.21625740614854
652,9.08975,38.234168721863995,4.206294861999944,0.02164274111328579,0.03975,8.903922665526785
653,2.948,19.374974668650605,6.572243781767505,-0.0117724314730967,0.01025,0.0
654,3.166,20.338371526232986,6.423996060086225,0.009302601595198468,0.011,0.0
655,47.5665,83.48592427851632,1.7551412081720608,0.0011223300842237993,0.232,637.1122649731699
656,31.926,71.46907709803808,2.2385853880234947,-0.0029521394948357482,0.15775,71.33717063873908
657,27.42725,66.89579560259992,2.4390267198716575,0.0022502160455273312,0.13425,15.436864887198833
658,19.673,58.11692924928451,2.954146762023307,0.012066880299365312,0.09325,31.576238017247565
659,46.57,82.75972687907009,1.7771038625525035,-0.002671880797788573,0.234,72.65127819536536
660,30.78675,70.41035562317694,2.2870343775545305,0.008334869025236946,0.1485,192.08412694922777
661,46.0305,82.99725119349688,1.8030925406740503,-0.001427220441653665,0.22725,127.70296600652064
662,2.4,16.58646368863549,6.9110265369314545,0.042657804266887034,0.00675,0.0
663,8.91575,38.83924913996071,4.356251480802031,0.028461914128464993,0.03925,19.285889038103992
664,45.51375,82.40262956530769,1.8104996746105888,0.0042207491860632995,0.226,75.91507791907512
665,20.24975,58.56781045969715,2.8922732606425834,0.015423209443378827,0.09625,35.83009407944133
666,3.115,20.1890979223622,6.481251339442118,0.006103339637567817,0.01075,0.0
667,14.6475,48.59521702317402,3.317645811447279,-0.0043400206379220485,0.06925,18.653059076506526
668,5.3535,28.75356029359476,5.370983523600403,0.016382917522626883,0.02225,5.5109035170304645
669,5.32075,28.624652174577232,5.379815284419909,0.014431508562848805,0.02275,0.0
670,15.466,51.15882768802079,3.3078254033376955,0.017987037363886182,0.07125,24.38636092097598
671,25.81675,65.21593707867551,2.5261094862318267,0.008583060824312705,0.12525,41.919475130987706
672,1.6905,11.060664280393874,6.542836013246895,0.0236945321735198,0.0035,0.0
673,29.95925,69.40654440713162,2.316698328801009,0.002098753613591464,0.1465,401.97670430489495
674,3.66525,22.77020669681665,6.212456639196958,-0.011329780666289535,0.01275,0.2460838389409818
675,14.23,49.2611638673549,3.461782422161272,0.001571121833841671,0.06675,0.12000000000000001
676,55.166,87.78367979077548,1.5912641806688084,-0.004796729685868861,0.27325,218.56604065595823
677,16.9515,53.873785312858644,3.178113164785337,0.006174058964883322,0.07975,43.70928631044767
678,13.51,48.32210318698995,3.576765594891928,-0.006787718236303419,0.062,7.381845144478511
679,2.0995,14.205828069415189,6.766291054734551,-0.024629443839309095,0.00575,0.0
680,2.8595,18.938913125034112,6.623155490482291,-0.021658522950829928,0.00925,0.5906837005359173
681,37.3535,76.54103912554103,2.0490995254940243,0.006529883096062505,0.18425,42.47544829886691
682,3.2,20.636023390308058,6.448757309471268,0.015612436617368886,0.0105,0.11363636363636365
683,15.76325,51.916004442915565,3.29348354196727,-0.009902171390675063,0.076,0.0
684,13.2535,47.602533945783975,3.591695321672311,0.020960055931573907,0.0625,28.82254013137061
685,38.0155,76.33243032767875,2.007929142788566,-0.010294583765444898,0.18925,266.86908561490725
686,13.98475,48.73501095476116,3.4848682282315493,-0.003092478613190064,0.066,2.2905262017042447
687,5.0915,27.6890917005199,5.438297495928489,0.0,0.02,498.9402847105096
688,37.89875,77.25836985314659,2.0385466500384997,-0.005058133433531786,0.18275,10.406833216730615
689,17.7735,53.75311197513826,3.0243402804815185,-0.021832166617665294,0.083,192.76418651566803
690,19.60875,56.6811067323372,2.8906027529718723,0.0012025425993236194,0.0895,178.97366504315988
691,2.031,14.28077463343753,7.031400607305528,-0.022344232462450764,0.00525,0.0
692,6.94225,34.012595153777575,4.89936190050453,0.0162664940726307,0.03,0.0
693,4.165,24.49245281839419,5.880540892771714,0.02033552649591419,0.0165,0.0
694,13.28625,47.494417996989064,3.57470452512854,0.01997255466600678,0.06225,5.420238537348004
695,13.95275,48.442875590600224,3.471923139925837,-0.005703631486078109,0.06575,257.01773721117286
696,31.1655,70.6010073250292,2.2653577617888114,0.009509228747753617,0.147,459.5606258437872
697,23.10575,62.2260925061557,2.6930998780024757,0.013308761402359925,0.11125,79.59626907493345
698,4.47275,25.871569182415087,5.784264531309617,-0.02948593891447082,0.017,0.0
699,23.8875,63.27559003141303,2.6488996350146743,-0.004534474599498628,0.1135,73.56263065096248
700,6.6155,32.741108026282454,4.949150937386812,-0.0002799029598394842,0.02825,984.650854095203
701,6.0275,30.48561278532423,5.057754091302236,-0.03127834658704032,0.0265,0.0
702,37.00925,75.28464723278405,2.0342116425700074,-0.0006580511046971882,0.185,40.942651616135926
703,9.151,38.874927832775455,4.248161712684456,-0.024847098546078028,0.04125,7.150423857128267
704,3.48025,21.960707595772647,6.310094848293269,-0.027050424210239177,0.01275,0.0
705,18.13025,55.824308086001565,3.0790699568953306,-0.005412430000176771,0.08625,995.1102546028217
706,12.0485,45.12200845110583,3.745031203146103,-0.0022815929418271708,0.056,0.4600141228654537
707,16.8295,53.42320132077298,3.174378402256335,0.0025264767193888815,0.0795,194.24661203714496
708,18.9095,56.13720385060196,2.9687302070706236,-0.002985001942070742,0.08675,58.46705761112067
709,8.34775,37.37671166088779,4.477459394553957,0.01179217905062746,0.0365,0.13959542959030932
710,8.03925,36.140333982582305,4.495485770759998,-0.002816749511731498,0.03625,0.9754449174567903
711,11.0205,42.518496391380616,3.858127706672167,0.014061203531360977,0.0505,217.9808823825908
712,6.15975,31.584420587426653,5.127549103036106,-0.01590036147992957,0.0265,0.0
713,23.551,62.893471809076104,2.6705223476317825,-0.0071651090890902935,0.1125,1.9574609418733602
714,36.87,76.2929338336011,2.0692414926390317,0.005119845107953491,0.18275,20.83385374359672
715,8.56825,37.91254650156143,4.424771277864374,0.01797404481438014,0.03775,1.517889838987864
716,21.53225,60.1890367091258,2.795297133793533,-0.0011463761246139903,0.1025,100.13142710916802
717,11.012,42.935995748704066,3.8990188656650986,0.018304844917848007,0.0495,12.379037945058446
718,26.798,66.7570994245623,2.4911224503530973,0.0013488512618797799,0.1305,24.56003757290205
719,12.55875,45.933615388875864,3.6574989858764497,0.005460614173681488,0.05725,223.75539581018535
720,22.7615,61.6910006616902,2.7103222837550334,0.009558045922648084,0.1095,33.970806362742024
721,7.275,34.038221533024945,4.678793337872844,-0.028842050685030207,0.03175,0.13922919466567024
722,15.643,51.52807328616262,3.2940020000103956,-0.01315952849103219,0.07625,0.10821047533828947
723,2.85825,18.598054437083228,6.506797668882438,-0.029546060272844565,0.00975,0.0
724,50.3805,85.65699913098189,1.7002014495882711,-0.0020287865150809825,0.2485,53.042400488460416
725,11.308,43.65004544805085,3.8601030640299654,-0.016685315247899846,0.053,5.081036040608362
726,8.764,38.273711908512524,4.367151062130594,0.022091672364446646,0.0385,2.6301519081093248
727,7.01175,33.94298371495011,4.84087192426286,0.015376740064563466,0.02925,0.058823529411764705
728,6.561,32.83468909860501,5.004525087426461,0.00095963274362032,0.028,18.4475461187254
729,2.0215,13.536149548012043,6.696091787292626,-0.04560085419190507,0.00525,0.0
730,11.453,44.03826896329283,3.8451295698326056,-0.012839775892684147,0.053,19.159217709870948
731,63.559,91.81583499532623,1.4445764564471788,0.0007971426946258298,0.31725,326.6199462451127
732,54.3175,87.3972154136819,1.60900658928857,-0.0067129160201175875,0.27225,1450.7720665203442
733,9.436,39.332018202909175,4.168293578095504,-0.019770462877395367,0.04425,1.6730750560130085
734,2.0935,15.022006288050525,7.175546352066169,-0.0003680585838323758,0.00525,0.0
735,14.29075,49.23254691112718,3.445063898754592,0.001318756755299022,0.06725,1.2844681145684975
736,13.38125,47.684812663752744,3.563554426062793,0.02171006531569919,0.0635,2.145048274266053
737,24.10525,62.94831844566051,2.6113945487252987,-0.006786544971724151,0.1175,62.37480554464728
738,25.8915,64.47627878050457,2.4902488762916235,0.0036292862568834128,0.1245,229.27877306910213
739,3.184,20.837362907125048,6.544397897966409,0.019829180697688686,0.01075,0.0
740,33.76725,72.8592903924175,2.157690969576069,0.005414623692748588,0.168,221.3555606162815
741,3.67775,22.457916075097195,6.106428135435306,-0.017327299063554014,0.0135,2.614826630569042
742,20.78875,58.84824043493631,2.8307733959442634,-0.010930286923084065,0.09975,31.661574526596684
743,6.47725,32.470703242765936,5.013038441123307,-0.0038815811265040523,0.02875,0.15545543568795953
744,4.8935,27.197271566191368,5.55783622482709,-0.007783371853808063,0.0195,4.088353205338096
745,3.0495,19.950590373822674,6.542249671691318,0.0009421769232837995,0.01025,0.0
746,1.40425,8.999421055397567,6.408702905748668,-0.06587210679561606,0.00175,0.0
747,3.2865,20.872190345827587,6.3508870670401905,0.020554451854196243,0.01175,0.0
748,14.0575,48.90274596984148,3.478765496698665,-0.0016003004757645378,0.0645,20.12199373348531
749,20.6,58.42880266825012,2.8363496440898115,-0.014036782097845313,0.097,86.83178046166464
750,3.80625,22.65941467041462,5.953212392883972,-0.013448066474058606,0.01525,0.0
751,15.70625,51.982973350098774,3.309699855159492,-0.00934231543262265,0.0735,11.264186757765476
752,15.0055,50.18148079723984,3.3442058443397316,0.009609926058127272,0.07025,33.74197988473558
753,6.99575,33.29671004262157,4.7595625976659495,0.007028048468414649,0.032,1.6157777303518825
754,1.61575,10.690868795678002,6.616660247982671,0.00892632127648696,0.00325,0.0
755,19.7655,58.04257700116556,2.9365600162487953,0.011510907283854843,0.09525,0.9465549964147846
756,3.81475,23.18118362500207,6.076724195557263,-0.0035611464593694464,0.0145,0.0
757,2.919,19.255262404926366,6.596527031492418,-0.014464133410141189,0.01,0.0
758,1.905,13.630165822728964,7.154942689096569,0.11441446103605935,0.004,0.0
759,31.43025,71.23279555603713,2.266376995284388,-0.004390324737040707,0.15025,152.19770595067246
760,22.128,60.66804157723574,2.7416866222539653,0.002296206854599081,0.105,1143.2181758969182
761,9.14225,38.9167977128586,4.2568074284622055,-0.02437959742031115,0.04175,8.99618190154917
762,5.2185,27.99441336311383,5.364455947707929,0.0047626614744664675,0.0215,0.8333754354935818
763,3.339,21.471267611233586,6.430448520884572,-0.03683906873321208,0.01175,0.0
764,2.8615,18.825140483634037,6.578766550282732,-0.02427534901282713,0.009,1.5640985206076083
765,7.03975,33.675854639992934,4.783671954258736,0.011945350541846311,0.031,0.0
766,17.41675,54.52755159465926,3.130753532930039,0.011412565042677736,0.08275,13.580436506294937
767,3.1605,20.71631075101894,6.554757396304048,0.017298842101393097,0.011,0.0
768,8.0785,36.375494936948655,4.502753597443666,0.0,0.036,1.2700970151249185
769,13.832,48.855844065729165,3.5320882060243757,-0.0020170257927356605,0.064,43.48044575788073
770,4.06475,24.51571562315954,6.031297281052842,0.020747821377491205,0.0155,0.0
771,1.36,8.210405147626519,6.0370626085489105,-0.10572209021423029,0.00175,0.0
772,15.964,52.26119508897622,3.2736904966785407,-0.007024095533093799,0.075,38.95819335412556
773,2.2365,15.522493507847743,6.940529178559242,0.013865488858980868,0.006,0.0
774,7.99375,36.09006558799854,4.5147853745737025,-0.003421239865827319,0.035,9.072683025596344
775,4.24175,25.59225562205208,6.033419136453605,-0.0342001446514939,0.016,0.0
776,5.77275,30.665341971630756,5.312085569551904,0.04433910259101248,0.0225,17.066478738221907
777,1.6535,11.167345931499947,6.75376228091923,0.027863291113038535,0.00275,0.0
778,2.3535,16.489694213472045,7.006456007423856,0.040116604100099984,0.00625,0.0
779,8.22025,36.65261373300498,4.458819833095706,0.003296038849350147,0.0375,0.5997503062639901
780,6.32925,32.06060378433716,5.065466490395728,-0.009401578714098191,0.02575,545.4252350075278
781,12.1555,45.38612447459803,3.7337933013531344,0.0002530844063728388,0.05575,39.97354600578515
782,9.24175,39.85056867716536,4.312015438327737,-0.014082171096894802,0.04,10.247014847906383
783,5.40625,29.148964415037412,5.39171596116299,0.02231442044992704,0.0225,0.0
784,11.0305,43.31113636679769,3.9264889503465565,0.022082884229536637,0.051,0.9885082546717757
785,24.346,63.72084329689632,2.6173023616567943,-0.0014891634280254085,0.11625,35.365850984338955
786,11.4825,43.39947663731786,3.779619128005039,-0.019185523170452745,0.0515,19.535109195773842
787,5.3755,28.838106887453847,5.364730143698977,0.017658037599936893,0.022,5.300959470355624
788,7.53525,34.701726324348364,4.605252158103363,-0.02045783079197494,0.0335,0.0
789,12.33025,45.86541282885166,3.719747193191676,0.004815291418197809,0.0565,1.8619016180125842
790,57.4165,88.75861395176054,1.5458729450900097,0.0,0.285,551.4524298384863
791,26.67175,66.83502997863891,2.5058359492211393,0.0018555399956756702,0.127,74.8345601787667
792,14.167,49.20198999994806,3.4729999294097595,0.0010491217521422236,0.06675,5.341932843458033
793,75.6485,95.66722794340595,1.264628220564928,0.0004685137505338055,0.377,1125.3682757966683
794,26.09925,65.24078470891394,2.499718754711876,-0.008629431148144517,0.1255,406.2790679784216
795,6.2605,31.69776532867432,5.063136383463672,-0.01434462987544416,0.0265,16.633326443322364
796,27.925,68.0780436705367,2.437888761702299,0.00985845992849188,0.134,14.595529249590243
797,26.418,66.21906838105104,2.5065890067776153,-0.0021655407113299052,0.1265,60.47690191859169
798,6.7755,32.78333855133798,4.838512073107221,0.0002799029598394842,0.02925,1.3518472569713393
799,24.36775,63.41970533433338,2.6026081740962286,-0.0035464583100257574,0.1195,24.99559237866745
800,5.13475,28.28129329300697,5.50782283324543,0.009190556109304415,0.02,1.1338985781098123
801,127.201,94.12153215233843,0.7399433349764423,-0.01393584789963409,0.65,5598.567935808968
802,6.898,33.83426939430437,4.904939024978889,0.013983527212606317,0.03025,0.0
803,24.7355,63.98864881011425,2.586915518591266,0.0003322615134739859,0.1185,109.9488008489609
804,18.00975,54.81005555995287,3.0433546029207994,-0.013375536608262184,0.082,161.15947430949078
805,2.45175,16.839479325486533,6.8683509026150835,0.04923266102319124,0.007,0.0
806,2.367,15.874517664413288,6.706598083824794,0.023604540425823606,0.00625,3.170471329025946
807,31.48275,71.17220716828867,2.260673135869283,-0.004759879226713615,0.152,43.01013742514818
808,2.06,14.114733664742195,6.851812458612716,-0.027423310295184633,0.00525,0.0
809,51.0245,85.50183940059549,1.675701660978461,-0.002816184159949886,0.25625,199.1891241394439
810,6.554,32.26269214318733,4.922595688615704,-0.006672671663844332,0.02825,1.210573009618891
811,1.82725,12.647426488685223,6.921563271957982,0.0819154854169617,0.004,0.0
812,2.043,13.705915293350794,6.7087201631673,-0.04018795459897828,0.0055,0.0
813,33.5395,73.40751055172318,2.1886882795427236,0.008670182759176637,0.162,62.76068095719842
814,16.9385,53.60402564771987,3.1646264809587548,0.003993973997096889,0.082,1.7995486656246795
815,3.183,20.60455405758586,6.473312616269514,0.014949644724101985,0.0115,0.0
816,10.0625,40.969924669589744,4.071545308779105,-0.002051528932473845,0.04675,12.565816513991102
817,2.18225,14.812642861239638,6.787784562373532,-0.006463446070871459,0.00525,5.704994246459607
818,4.3225,25.44116363203024,5.885752141591727,-0.03677173833308767,0.01725,0.0
819,3.34,21.236281334339772,6.358168064173585,-0.041618283452091065,0.01175,0.0
820,4.738,26.26083136185818,5.542598430109367,-0.023000238787302507,0.01925,0.4923577390871102
821,26.76625,66.34414063944756,2.478649068862749,-0.001346034180373934,0.13,19.474344510837664
822,6.23775,30.93832606885004,4.959853483844341,-0.024876463387611514,0.02575,14.327663832495972
823,6.702,33.01745347628303,4.92650753152537,0.003370298863458965,0.02875,0.0
824,3.11925,20.445550483446095,6.5546366862053675,0.011585233306709464,0.0105,0.0
825,6.60725,32.53196243054507,4.923676632569537,-0.0030630136164198074,0.02875,0.7212828989487685
826,39.71575,78.06914979667059,1.9656974826528666,-0.0005242239971012808,0.1955,183.59803203596974
827,1.07375,3.433694584864172,3.1978529311889843,-0.48432501483185464,0.00025,0.0
828,32.93075,72.38942264975866,2.198231824351363,0.002604799420937054,0.161,110.13473785921207
829,6.2975,31.759064112286463,5.043122526762439,-0.013505579705894943,0.027,0.0
830,13.43325,47.72164480907297,3.552501800314367,0.02204538849376525,0.06425,7.228333300672971
831,3.86825,23.008166721220274,5.947952361202164,-0.0068147379242027295,0.015,0.32638774788676095
832,13.71125,48.03181900934876,3.503095560896983,-0.009404512551963728,0.0625,1230.4618949962974
833,4.22425,24.606621738789112,5.825086521581136,0.022355239573740304,0.016,13.284910873214587
834,4.19375,24.870702621754077,5.930420893413789,0.026991301075978358,0.0165,0.0
835,18.93575,56.75955015299974,2.997480963415748,0.0018031658873172152,0.09075,0.22075319396752194
836,9.97225,40.92685220909906,4.10407402633298,-0.002508351150656285,0.046,2.8638128376894993
837,80.45575,96.51806036142398,1.1996415465821149,-0.004032507727224965,0.40425,1355.401479243846
838,10.718,42.717363791464514,3.9855722888099008,0.016087748955238013,0.04925,0.43664463742431664
839,1.96175,13.095807038055902,6.6755738692778905,0.09704558888222437,0.00525,0.0
840,92.7205,97.84382572910937,1.0552555878053869,-0.0025385002485005526,0.47025,1121.0337110513292
841,28.26175,67.56971698624244,2.390853962908965,0.006603492705614444,0.138,41.80087674808348
842,1.569,10.325787837914278,6.581126729072198,-0.006163480964786583,0.003,0.0
843,1.2775,7.383198605984662,5.7794118246455275,-0.15184212741777603,0.00125,0.0
844,2.47975,16.780807156084666,6.767136669456463,0.047716848521464295,0.0075,0.0
845,2.51725,17.435228683252465,6.926300003278365,0.06433165000628294,0.0075,0.0
846,15.1835,51.00273176420899,3.359089259012019,0.01665989139083135,0.071,0.09175752443456477
847,6.3335,31.810025891011104,5.0225034958571255,-0.012809253109798746,0.02725,0.37352881209081046
848,8.12775,37.06262726146624,4.560010736238963,0.008127290754538219,0.036,2.730123011808922
849,4.74275,26.89744301132799,5.671275739039163,-0.012597713564355129,0.01875,0.9335575389608648
850,6.657,32.95982309546914,4.951152635642052,0.002611596351218104,0.027,2.691690258884716
851,3.6535,22.29925451529679,6.103532096700914,-0.02040640918791392,0.01325,0.0
852,2.499,16.989736954716154,6.798614227577493,0.0530906568947338,0.00725,0.0
853,18.0945,55.24709159795209,3.053253286797209,-0.0099263587537195,0.08525,36.39045437498861
854,3.39325,21.918227725209757,6.459361298227291,-0.027891318776443352,0.01175,0.0
855,4.563,26.17186987383922,5.735671679561522,-0.02447395726877155,0.01775,0.0
856,3.1285,20.131761217102333,6.434956438261894,0.004868195743286785,0.01075,0.0
857,2.08625,14.520004082889983,6.9598581583654795,-0.015129259535408668,0.00525,0.0
858,18.55425,55.8328387547002,3.009167104825051,-0.00534606931562065,0.09025,4.134588735086929
859,6.407,32.04436863772397,5.001462250308096,-0.009621556493398131,0.02725,0.0
860,1.984,14.075502617792583,7.094507367839004,0.12837723349043118,0.00475,0.0
861,46.57125,83.27045343662652,1.7880227272539717,0.0,0.2295,92.60953088064745
862,2.8745,18.66882109213762,6.494632489872194,-0.027896681069622398,0.01,0.0
863,7.1235,34.33919834366728,4.8205514625770025,-0.025018758947154884,0.0315,0.0
864,17.361,54.37556302663556,3.132052475470051,0.01020033452951008,0.08225,0.8237819074391274
865,2.452,16.450557778166772,6.70903661426051,0.03908462985192207,0.00775,0.0
866,8.5815,37.78076500418003,4.402582882267673,0.01646183630306708,0.0385,17.328857996853174
867,17.59075,54.38512848185152,3.091689011659623,0.010276726548910986,0.08375,6.679419216040709
868,3.95525,23.79811620740716,6.016842477063943,0.007845827262984661,0.01475,1.2206523600483545
869,2.07425,14.412083956822297,6.948093989067035,-0.018369214601949402,0.00525,0.0
870,8.828,38.223555251232334,4.3298091584993585,0.021522168030037703,0.04025,0.2250935358029672
871,4.72925,26.891917712336205,5.686296497824434,-0.012686935925028564,0.01925,0.0
872,4.107,24.260774870133986,5.907176739745309,0.01620791416488343,0.01575,0.0
873,34.92175,74.15169752270594,2.123367171539397,-0.007243373245517271,0.17375,198.07870468065556
874,2.98025,19.63633765182791,6.588822297400523,-0.005953083547551419,0.009,0.0
875,1.69975,11.939712690106095,7.024393404974905,0.05690719792621768,0.00325,0.0
876,7.70525,35.88532864055184,4.657256888556742,-0.005891983299497472,0.03425,0.0
877,50.9155,85.70547658655912,1.683288518949222,-0.0017830677026353658,0.2545,153.82752421774148
878,2.99225,20.102219149665675,6.718094794775061,0.004230428410277209,0.0095,0.0
879,3.20875,21.06202923999553,6.563935875339471,0.024486636510710813,0.0105,0.5315681271730793
880,2.97725,19.907355629001426,6.686491100512696,0.0,0.0095,0.0
881,37.11375,76.26223044788108,2.0548241675357803,0.004945032131457028,0.1815,167.88449894857936
882,3.46375,21.949820832894037,6.337010705996113,-0.02726577398215224,0.0125,0.0
883,4.363,25.64232074429474,5.87722226548126,-0.03335138138307481,0.01725,0.0
884,3.0885,19.64919057932427,6.362049726185615,-0.005668909912197151,0.01025,0.0
885,1.59125,10.473375594171351,6.581854261851595,0.0,0.00275,0.0
886,10.41975,42.306500918209785,4.060222262358481,0.01189041287305237,0.04625,1.300220257471741
887,11.47,44.50085034491313,3.879760274185975,-0.008301705693021022,0.05225,3.632889604662346
888,10.72675,42.21352366046286,3.9353507502703864,0.010934910872868908,0.04675,67.8917408371623
889,30.00275,69.39112352775108,2.3128254419261927,0.0020022505102141874,0.1455,91.77221425988931
890,18.88575,56.50807453417069,2.99210116273755,-0.00012526959177128205,0.091,1.8554832556411245
891,2.89175,18.93726978696364,6.548723017883164,-0.02169620851476406,0.0095,0.0
892,6.98625,34.2368091491114,4.900598912021671,0.01912000619472476,0.02925,0.0
893,4.53575,25.606056695093997,5.645385370687096,-0.03396600685513462,0.01675,1.75958811871149
894,18.775,55.87982653653676,2.976289029908749,-0.0049807296199164686,0.087,264.1821057468981
895,30.72575,70.26293658111473,2.286776940550344,0.007424628013189771,0.15025,28.91832267629408
896,1.71775,11.736162887303895,6.8322881020543695,0.04943945009295736,0.00375,0.0
897,1.06275,2.7077934695741592,2.547911992071662,-0.5874711418873054,0.00025,0.0
898,28.56575,68.21125912124204,2.3878686581392765,-0.005445602491361168,0.136,68.15536365152492
899,33.07225,72.92663850465341,2.2050703688032542,0.005815882110657977,0.15975,72.16596492734571
900,15.723,51.78735611675296,3.2937325012245093,-0.010979692630447957,0.0735,3.8098144012655326
901,2.1165,14.430124215377278,6.817918363041474,-0.01782592847645681,0.0055,1.1716791979949877
902,15.69925,51.69444726861003,3.2927972526464657,-0.011759536227879952,0.07325,14.453491871775032
903,24.2305,63.39556860916873,2.6163541243131068,-0.003711776671936562,0.1155,257.52525820272393
904,3.319,20.99149589059654,6.324644739559066,-0.046653365345381115,0.011,2.6854910346157834
905,18.8205,56.21708254474311,2.9870132326316043,-0.002367475311890077,0.09075,30.620771910785624
906,22.42475,61.2615261080131,2.7318710847618415,0.006524042600160707,0.10675,12.411110613485295
907,15.16075,50.61879566975358,3.3388055122440234,0.01337826150788679,0.07025,24.365693603691074
908,9.61475,40.16090831986708,4.17701014793594,-0.010713167666716927,0.0425,1.8355359125981578
909,3.89825,24.237094630473592,6.217429521060371,0.01578380488594644,0.014,0.0
910,10.6435,42.07376211030491,3.953000621064961,0.009494652710799079,0.04725,8.597163811424844
911,14.593,49.80901108631198,3.413212573584046,0.006374372651147153,0.06675,44.706767731861746
912,17.7535,54.407070037519176,3.064582760442683,0.010451906328522664,0.0845,50.16139838139542
913,116.4985,96.98332041572775,0.8324855720522388,-0.0009277871363970736,0.594,1231.0903702472772
914,13.81125,48.093912083884206,3.4822273207627266,-0.008843441482247583,0.06325,47.9782247043228
915,7.904,36.10297965937259,4.567684673503618,-0.003265864511393657,0.0355,0.8098625047773637
916,4.44725,25.554539245631368,5.746144076818566,-0.0348406546646165,0.01675,9.340638952252073
917,26.05075,65.27671052275588,2.505751677888578,-0.008390346218177136,0.12525,1303.65688387831
918,10.00925,41.11178917585332,4.1073795914632285,-0.0005503167694076438,0.04475,1.4229365614613583
919,1.844,12.360900532141311,6.703308314610255,0.07196343328477073,0.00425,0.0
920,4.25025,25.031515518038105,5.889421920601872,-0.043821565092345915,0.016,1.4297564890661623
921,5.3245,28.87262729475317,5.42259879702379,0.018177595162447213,0.02175,0.0
922,2.681,18.681153213100707,6.967979564752222,-0.027609892530745084,0.008,0.0
923,2.45175,16.75859136483832,6.835358974136156,0.0471415134000297,0.007,2.2507039816671908
924,2.4465,16.661108483050306,6.810181272450564,0.04460789413317645,0.00725,0.0
925,2.175,14.673418221415728,6.746399182260106,-0.010564702050764208,0.0065,0.0
926,3.9425,23.482632992555704,5.956279769830235,0.0020500370051192984,0.01525,0.33467505396917163
927,1.8365,12.871021076273884,7.008451443655804,0.08952632306758823,0.004,0.0
928,10.89775,42.548917701122356,3.9043763805484946,0.01437182323591557,0.05,0.0
929,1.4425,9.153121798581342,6.345318404562456,-0.05851743693608691,0.002,0.0
930,32.3825,71.95654681755842,2.2220812728343526,0.0,0.15775,23.938505119134753
931,60.981,90.56338150995484,1.4851081732007483,-0.005167815361602379,0.3035,558.6455376542533
932,9.7555,40.33171061919352,4.134253561497978,-0.008870051902638787,0.043,4.578383292631146
933,9.00475,39.12518271418172,4.3449493560822585,0.031647467522058825,0.0395,3.041600885695585
934,18.576,55.99640277089967,3.0144489002422303,-0.004075650248861917,0.087,161.78165409441908
935,16.3655,53.03742218271876,3.2408067081799365,-0.0006210247457640872,0.078,0.36722894223976366
936,11.187,43.29914820246196,3.870487905824793,0.021962658469321328,0.05175,2.831863625730801
937,19.57875,57.07401912737824,2.915100255500389,0.004202677535560806,0.094,71.53470494751775
938,7.94975,35.80812450244492,4.5043082489946125,-0.006827336324094713,0.03425,3.719354730106499
939,4.79225,26.872674319720645,5.607527637272814,-0.0129978208129089,0.019,20.300033734463884
940,2.347,16.13563387878417,6.875003783035437,0.030690033056512078,0.00675,0.0
941,2.6815,17.99262324878847,6.709909844784064,-0.04391908857334559,0.0085,0.0
942,3.0865,20.33315954529137,6.587772410591728,0.009191293536933376,0.01025,0.0
943,1.72275,11.370629060821996,6.600278079130457,0.03569781356218993,0.0035,2.0312985818534064
944,55.8555,88.35402779900346,1.5818321883969073,-0.001984159205030478,0.277,396.88140521749546
945,6.9035,33.20279045612761,4.809558985460652,0.0058013088697290716,0.0295,1.97521470771239
946,1.6045,10.759229526550738,6.705658788750849,0.011694494015377366,0.003,0.0
947,5.3425,29.19813053016604,5.465256065543479,0.023046336154415314,0.02175,0.0
948,7.34225,34.72023889152652,4.728828205458343,-0.020226206523289658,0.03075,0.6920455197132447
949,2.9755,19.149767051965313,6.435814838502878,-0.01685007949801043,0.0105,0.0
950,4.264,25.287955120344193,5.930571088260833,-0.0393949975240202,0.016,0.0
951,11.78325,44.366506129669915,3.7652180959981254,-0.009614786178739898,0.0555,3.382259325212324
952,66.2795,92.00483466726376,1.3881341088460801,0.0016902037815931248,0.323,8407.376857830197
953,2.53975,17.047744024696726,6.712370912371975,0.054570917717093215,0.0075,1.954886146022363
954,2.0115,13.632620064846597,6.777340325551378,-0.042516666736625686,0.00525,0.0
955,11.64075,44.3637095396511,3.811069693933045,-0.009642162278404642,0.05375,3.0609189952433615
956,2.09325,14.127453793064365,6.74905233157261,-0.027032102502146715,0.0055,0.0
957,32.62375,72.58910373074329,2.225038621579165,0.003801120677792147,0.157,20.517221736103057
958,3.625,22.69913407317376,6.261830089151382,-0.012687463574286406,0.013,0.0
959,7.10175,34.07561714567272,4.798200041633784,0.01707045441203414,0.03025,0.0
960,7.11975,33.628070442978576,4.723209444570185,0.011328672790978267,0.031,6.002117575333996
961,14.54975,49.66461183130891,3.413434033664421,0.005113498826527785,0.06775,107.91601251506764
962,29.9705,69.84924737668811,2.3306000025587865,0.004860062167319157,0.14475,20.517221736103057
963,3.2905,21.16806867744158,6.433085755186621,-0.04301551774675061,0.0115,0.0
964,6.78575,33.499222325475,4.936701517956748,0.009661449435163671,0.02875,0.0
965,5.708,29.787456406007298,5.218545270849211,0.03172471016972689,0.02475,0.4340294260979246
966,1.8215,12.51144563261794,6.868759611648609,0.0772208146685276,0.004,0.0
967,5.40125,28.943733058441843,5.358710124219735,0.01924583453906714,0.0225,0.776397773894182
968,19.779,57.81427402960615,2.9230129950758963,0.00979929768621357,0.09525,2.981206119702454
969,4.0565,24.22880654338197,5.972835336714402,0.015635268680600722,0.01575,0.0
970,4.12,24.594873997578016,5.969629611062625,0.022147848346973475,0.016,0.0
971,29.31375,69.44981735195604,2.3691891126845266,0.0023694391122357494,0.14175,64.39920392782251
972,7.49125,35.16917885340522,4.694700998285362,-0.014646682865051774,0.0325,0.0
973,3.79,22.67318721209236,5.982371296066585,-0.013184179611709368,0.01525,0.0
974,2.294,16.04741237274612,6.9953846437428595,0.02830901486900017,0.00625,0.0
975,3.022,20.05823020981132,6.6374024519560955,0.0032790365912973574,0.01025,0.0
976,1.078,3.403940760820581,3.157644490557125,-0.48810468499726434,0.00025,0.0
977,2.50525,17.147827396892247,6.844756969121742,0.05711310540860515,0.00725,0.0
978,4.07075,24.35113937652063,5.981978597683629,0.017822532815283232,0.0155,0.0
979,2.30825,15.956374381680572,6.912758315468676,0.025838219515360805,0.0065,0.0
980,2.781,18.864464105865835,6.783338405561249,-0.023369102395134345,0.009,0.0
981,9.5925,39.91665415048764,4.161235772789954,-0.013362563169054154,0.043,1.7703178922591742
982,12.183,45.359683488992246,3.723194901829783,0.0,0.05575,1.946803998671548
983,2.155,15.034742627377025,6.976678713400012,0.0,0.006,0.0
984,1.993,14.09369039773674,7.071595784112764,-0.02807127108992713,0.00475,0.0
985,2.04525,14.635103313600142,7.155654963256396,-0.011700205422943588,0.00475,0.0
