network,k,kendall_tau,spearman,precision_at_1pct,precision_at_5pct,kendall_tau_nonzero,spearman_nonzero,precision_at_1pct_nonzero,precision_at_5pct_nonzero,n_nonzero_bk,seconds,n
ca-GrQc,1,0.0,0.0,,,0.0,0.0,,,0,0.9033892154693604,4158
ca-GrQc,2,0.9033284150648175,0.9827131780392564,0.5121951219512195,0.714975845410628,0.6637384029787068,0.841526996336523,0.3888888888888889,0.7096774193548387,1870,1.4048845767974854,4158
ca-GrQc,3,0.9122118781476357,0.9856268410207173,0.7073170731707317,0.7681159420289855,0.6966497121226045,0.8683045122633972,0.5555555555555556,0.7741935483870968,1870,1.9627435207366943,4158
ca-GrQc,4,0.9157266928217386,0.9859929943695875,0.7560975609756098,0.8067632850241546,0.7089107344892842,0.871659914749436,0.7222222222222222,0.7956989247311828,1870,2.9412779808044434,4158
ca-GrQc,5,0.9273897310075103,0.988422954625974,0.7804878048780488,0.855072463768116,0.7492041543394504,0.8939245934306068,0.9444444444444444,0.8494623655913979,1870,3.2724452018737793,4158
ca-GrQc,6,0.9467173756916083,0.9924466115559041,0.8048780487804879,0.8888888888888888,0.8159630930406865,0.9307916057725341,1.0,0.9032258064516129,1870,3.880631923675537,4158
ca-HepTh,1,0.0,0.0,,,0.0,0.0,,,0,2.4891834259033203,8638
ca-HepTh,2,0.890912336361935,0.9784745163673487,0.6395348837209303,0.728538283062645,0.6831996303899781,0.8601230153233806,0.6136363636363636,0.6846846846846847,4446,5.576975345611572,8638
ca-HepTh,3,0.8824989180664617,0.9754381546021923,0.6744186046511628,0.7470997679814385,0.6605216273398785,0.8404485287886428,0.6136363636363636,0.7117117117117117,4446,8.108130931854248,8638
ca-HepTh,4,0.8834061754728264,0.9749259564394638,0.7093023255813954,0.7726218097447796,0.6632109644412881,0.8371215336321681,0.7272727272727273,0.7522522522522522,4446,10.721924543380737,8638
ca-HepTh,5,0.9041837840356476,0.9808712346178317,0.813953488372093,0.8190255220417634,0.7232331215598387,0.8757414672246999,0.8409090909090909,0.8243243243243243,4446,11.419198274612427,8638
ca-HepTh,6,0.9357917050176617,0.9890159491511614,0.8953488372093024,0.8700696055684455,0.8145336580083294,0.928648712894299,0.8863636363636364,0.8738738738738738,4446,14.271779537200928,8638
email-Eu-core,1,0.0,0.0,,,0.0,0.0,,,0,0.027562379837036133,986
email-Eu-core,2,0.8916837086422446,0.9731675321455086,0.8888888888888888,0.8775510204081632,0.8530721972643871,0.9562866623644813,0.875,0.9024390243902439,837,0.04285383224487305,986
email-Eu-core,3,0.9736481674245331,0.9959828090143338,0.8888888888888888,0.9591836734693877,0.9642547839881095,0.9934555100119222,0.875,0.975609756097561,837,0.11431479454040527,986
email-Eu-core,4,0.9967339404692169,0.9998049527995071,1.0,1.0,0.9955697197490458,0.9996822445197693,1.0,1.0,837,0.1409010887145996,986
email-Eu-core,5,0.9997935007522473,0.9999977011890456,1.0,1.0,0.9997198919583266,0.9999962549589178,1.0,1.0,837,0.18377947807312012,986
email-Eu-core,6,1.0,1.0,1.0,1.0,0.9999999999999998,1.0,1.0,1.0,837,0.23593759536743164,986
facebook_combined,1,0.0,0.0,,,0.0,0.0,,,0,0.9393467903137207,4039
facebook_combined,2,0.8312410289161499,0.912658914674898,0.55,0.44776119402985076,0.8000048603033001,0.8861774970618831,0.5833333333333334,0.45108695652173914,3697,1.684169054031372,4039
facebook_combined,3,0.9284769713041977,0.9709721752417122,0.7,0.681592039800995,0.9152387597736771,0.9621710725537178,0.75,0.6847826086956522,3697,1.8871266841888428,4039
facebook_combined,4,0.9967976643808185,0.99982593171099,0.875,0.8706467661691543,0.9962049434475738,0.99977315500798,0.8611111111111112,0.8695652173913043,3697,3.1178669929504395,4039
facebook_combined,5,0.9989746769733122,0.9999718795259162,0.9,0.9601990049751243,0.9987848997314855,0.9999633535277711,0.9166666666666666,0.9565217391304348,3697,4.274887800216675,4039
facebook_combined,6,0.999816379413465,0.9999972437929036,0.95,0.9900497512437811,0.9997823930427981,0.9999964081236143,0.9444444444444444,0.9891304347826086,3697,4.85627293586731,4039
p2p-Gnutella08,1,0.0,0.0,,,0.0,0.0,,,0,1.3133819103240967,6299
p2p-Gnutella08,2,0.9195982030287246,0.9869519687188907,0.7741935483870968,0.7643312101910829,0.8561980815079542,0.9659899284592637,0.7111111111111111,0.7929515418502202,4547,2.4325830936431885,6299
p2p-Gnutella08,3,0.9055619558341137,0.9828366998369402,0.8548387096774194,0.7611464968152867,0.8327484012297032,0.9553527733620089,0.7777777777777778,0.775330396475771,4547,3.6124041080474854,6299
p2p-Gnutella08,4,0.9349284073447764,0.99028821706441,0.9354838709677419,0.8407643312101911,0.8847716533904769,0.9747365819441104,0.8444444444444444,0.8458149779735683,4547,4.52258825302124,6299
p2p-Gnutella08,5,0.9721667724537275,0.9977543567602281,0.967741935483871,0.8980891719745223,0.9507131054871825,0.9941583719131817,0.9777777777777777,0.9162995594713657,4547,6.073515892028809,6299
p2p-Gnutella08,6,0.9947164991949768,0.9998769089755789,1.0,0.964968152866242,0.9906440118691315,0.9996798013269613,0.9777777777777777,0.9691629955947136,4547,7.303032159805298,6299
