audit,graph,values,zeros,off_grid,at_grid_step,minimum_positive,at_minimum,sha256,n,structural_zeros,shipped_zeros,z_structural,z_shipped,z_delta,w_structural,w_shipped,w_delta,geometric_floor_structural,geometric_floor_shipped,geometric_floor_delta,geometric_prediction_max_delta,tied_prediction_max_delta,geometric_signed_median_structural,geometric_signed_median_shipped,tied_signed_median_structural,tied_signed_median_shipped,registered_hits_structural,sensitivity_hits_shipped,policy,p1_absolute_median,p1_signed_median,algorithm,source_occurrence,plain_source_row,filtered_source_row,source,cells,cell_delta,median_drop,median_drop_delta,median_all,median_all_delta,median_filtered,median_filtered_delta,registered_hits
decimal_grid,amazon,2146057.0,701532.0,0.0,0.0,4.300E-13,3.0,3a89a0714033591105d0070b9228cfe0763e8a0b2ca8487ca54e800a27c040c4,,,,,,,,,,,,,,,,,,,,,,,,,,,,,,,,,,,,,
decimal_grid,cit-Patents,3764117.0,709724.0,0.0,1679.0,1.00E-14,1679.0,48f352137529955aed7faf1fd06be1ded7fe77708ca0989683ef984733ab71a6,,,,,,,,,,,,,,,,,,,,,,,,,,,,,,,,,,,,,
decimal_grid,com-lj,3997962.0,1151702.0,0.0,3802.0,1.00E-14,3802.0,78a77750ac83057a6c62e5cef3ef34c74c50a8c6fc7603d0b460eb91a0d480d4,,,,,,,,,,,,,,,,,,,,,,,,,,,,,,,,,,,,,
decimal_grid,com-youtube,1134890.0,650530.0,0.0,0.0,1.100E-13,1.0,b9f3aa834eb638ca7db74b61f5515298eb41cfcf9efdf0ce95f81e3dd8d675b3,,,,,,,,,,,,,,,,,,,,,,,,,,,,,,,,,,,,,
decimal_grid,dblp,4000148.0,1678358.0,0.0,0.0,2.209300E-10,1.0,4236b420a8ef0303120735eca6dfe787a8a4526e94a8d285e24af23789cb7c47,,,,,,,,,,,,,,,,,,,,,,,,,,,,,,,,,,,,,
support,cit-Patents,,,,,,,,3764117.0,709062.0,709724.0,0.18837405957359987,0.18854993083371213,0.00017587126011225918,0.3170282962135645,0.3172773277542335,0.0002490315406690202,0.3113526575629787,0.31158652273466614,0.0002338651716874418,0.00019222427994503022,0.00021028223294089488,-0.013002958709007362,-0.012929501959623169,-3.5833584077771263e-07,9.805205371665737e-05,12.0,12.0,,,,,,,,,,,,,,,,,
support,com-lj,,,,,,,,3997962.0,1150616.0,1151702.0,0.28780063442323867,0.2880722728230033,0.0002716383997646288,0.44696466615921254,0.4472921820321058,0.0003275158728932581,0.4280537568152001,0.42833088369774536,0.0002771268825452755,0.0002132604155902218,0.0002692180475182271,-0.033515138734649286,-0.03346553817697506,0.0002609826754070843,0.0003829748665106214,9.0,9.0,,,,,,,,,,,,,,,,,
support_global,ALL,,,,,,,,,,,,,,,,,,,,,,,,,,,,structural,0.07856417907755398,-0.07697006904311415,,,,,,,,,,,,,,
support_global,ALL,,,,,,,,,,,,,,,,,,,,,,,,,,,,shipped,0.07856417907755398,-0.07697006904311415,,,,,,,,,,,,,,
repeated_identifier,ALL,,,,,,,,,,,,,,,,,,,,,,,,,,,,,,,baseline_degree_mix_mass_4_SF_10_Dir+SF_10_Sym+HY_10_Dir_12_L2_drop0.3_S1,0.0,388.0,389.0,,,,,,,,,,
repeated_identifier,ALL,,,,,,,,,,,,,,,,,,,,,,,,,,,,,,,baseline_degree_mix_mass_4_SF_10_Dir+SF_10_Sym+HY_10_Dir_12_L2_drop0.3_S2,0.0,390.0,391.0,,,,,,,,,,
repeated_identifier,ALL,,,,,,,,,,,,,,,,,,,,,,,,,,,,,,,baseline_degree_mix_mass_4_SF_10_Dir+SF_10_Sym+HY_10_Dir_12_L2_drop0.3_S3,0.0,392.0,393.0,,,,,,,,,,
repeated_identifier,ALL,,,,,,,,,,,,,,,,,,,,,,,,,,,,,,,baseline_degree_mix_mass_3_SF_10_Dir+SF_10_Sym+HY_10_Dir_12_L2_drop0.1_S1,0.0,518.0,519.0,,,,,,,,,,
repeated_identifier,ALL,,,,,,,,,,,,,,,,,,,,,,,,,,,,,,,baseline_degree_mix_mass_3_SF_10_Dir+SF_10_Sym+HY_10_Dir_12_L2_drop0.1_S2,0.0,522.0,523.0,,,,,,,,,,
repeated_identifier,ALL,,,,,,,,,,,,,,,,,,,,,,,,,,,,,,,baseline_degree_mix_mass_3_SF_10_Dir+SF_10_Sym+HY_10_Dir_12_L2_drop0.1_S3,0.0,542.0,543.0,,,,,,,,,,
repeated_identifier,ALL,,,,,,,,,,,,,,,,,,,,,,,,,,,,,,,baseline_degree_mix_mass_3_SF_10_Dir+SF_10_Sym+HY_10_Dir_12_L2_drop0.1_S2,1.0,588.0,589.0,,,,,,,,,,
repeated_identifier,ALL,,,,,,,,,,,,,,,,,,,,,,,,,,,,,,,baseline_degree_mix_mass_3_SF_10_Dir+SF_10_Sym+HY_10_Dir_12_L2_drop0.1_S3,1.0,596.0,597.0,,,,,,,,,,
repeated_identifier,ALL,,,,,,,,,,,,,,,,,,,,,,,,,,,,,,,baseline_degree_mix_mass_3_SF_10_Dir+SF_10_Sym+HY_10_Dir_12_L2_drop0.1_S2,2.0,606.0,607.0,,,,,,,,,,
repeated_identifier,ALL,,,,,,,,,,,,,,,,,,,,,,,,,,,,,,,baseline_degree_mix_mass_3_SF_10_Dir+SF_10_Sym+HY_10_Dir_12_L2_drop0.1_S1,1.0,608.0,609.0,,,,,,,,,,
repeated_identifier,ALL,,,,,,,,,,,,,,,,,,,,,,,,,,,,,,,baseline_degree_mix_mass_3_SF_10_Dir+SF_10_Sym+HY_10_Dir_12_L2_drop0.1_S3,2.0,610.0,611.0,,,,,,,,,,
repeated_identifier,ALL,,,,,,,,,,,,,,,,,,,,,,,,,,,,,,,baseline_degree_mix_mass_4_SF_10_Dir+SF_10_Sym+HY_10_Dir_12_L2_drop0.3_S1,1.0,618.0,619.0,,,,,,,,,,
repeated_identifier,ALL,,,,,,,,,,,,,,,,,,,,,,,,,,,,,,,baseline_degree_mix_mass_4_SF_10_Dir+SF_10_Sym+HY_10_Dir_12_L2_drop0.3_S2,1.0,620.0,621.0,,,,,,,,,,
repeated_identifier,ALL,,,,,,,,,,,,,,,,,,,,,,,,,,,,,,,baseline_degree_mix_mass_4_SF_10_Dir+SF_10_Sym+HY_10_Dir_12_L2_drop0.3_S3,1.0,622.0,623.0,,,,,,,,,,
repeated_identifier,ALL,,,,,,,,,,,,,,,,,,,,,,,,,,,,,,,baseline_degree_mix_mass_3_SF_10_Dir+SF_10_Sym+HY_10_Dir_12_L2_drop0.1_S1,2.0,632.0,633.0,,,,,,,,,,
input_provenance,ALL,,,,,,,84d1aaa859563b0f09231b3327eeb19e5bf476d4c35538cd26161f7bcea8aba9,,,,,,,,,,,,,,,,,,,,,,,,,,,,all_results.csv,,,,,,,,,
input_provenance,ALL,,,,,,,659a8d05d6e1e62c079ae8fed474203317ef2cfb9c90af38b355aca027f283e7,,,,,,,,,,,,,,,,,,,,,,,,,,,,results_c3_structure.csv,,,,,,,,,
input_provenance,ALL,,,,,,,83844a8678ea479ae07befb04a970323724668d57d1a7ee4ed3bd1d6ae3fea1a,,,,,,,,,,,,,,,,,,,,,,,,,,,,results_c3_scored_cells.csv,,,,,,,,,
identifier_sensitivity,amazon,,,,,,,,,,,,,,,,,,,,,,,,,,,,retain_occurrences,,,,,,,,404.0,0.0,0.16449999999999998,0.0,0.8271999999999999,0.0,0.6625,0.0,12.0
identifier_sensitivity,cit-Patents,,,,,,,,,,,,,,,,,,,,,,,,,,,,retain_occurrences,,,,,,,,404.0,0.0,0.125,0.0,0.7271,0.0,0.602,0.0,12.0
identifier_sensitivity,com-lj,,,,,,,,,,,,,,,,,,,,,,,,,,,,retain_occurrences,,,,,,,,401.0,0.0,0.16090000000000004,0.0,0.7977,0.0,0.6357,0.0,9.0
identifier_sensitivity,com-youtube,,,,,,,,,,,,,,,,,,,,,,,,,,,,retain_occurrences,,,,,,,,404.0,0.0,0.23145,0.0,0.9121,0.0,0.67565,0.0,18.0
identifier_sensitivity,dblp,,,,,,,,,,,,,,,,,,,,,,,,,,,,retain_occurrences,,,,,,,,401.0,0.0,0.2197,0.0,0.8442,0.0,0.6205,0.0,9.0
identifier_sensitivity,email-EuAll,,,,,,,,,,,,,,,,,,,,,,,,,,,,retain_occurrences,,,,,,,,401.0,0.0,0.43279999999999996,0.0,0.9911,0.0,0.5538,0.0,26.0
identifier_sensitivity,p2p-Gnutella31,,,,,,,,,,,,,,,,,,,,,,,,,,,,retain_occurrences,,,,,,,,404.0,0.0,0.1644,0.0,0.90025,0.0,0.7322500000000001,0.0,0.0
identifier_sensitivity,soc-Epinions1,,,,,,,,,,,,,,,,,,,,,,,,,,,,retain_occurrences,,,,,,,,401.0,0.0,0.26249999999999996,0.0,0.9236,0.0,0.6583,0.0,15.0
identifier_sensitivity,soc-LiveJournal1,,,,,,,,,,,,,,,,,,,,,,,,,,,,retain_occurrences,,,,,,,,398.0,0.0,0.19289999999999996,0.0,0.82325,0.0,0.62915,0.0,12.0
identifier_sensitivity,soc-Pokec,,,,,,,,,,,,,,,,,,,,,,,,,,,,retain_occurrences,,,,,,,,398.0,0.0,0.09920000000000007,0.0,0.8213,0.0,0.7211,0.0,9.0
identifier_sensitivity,soc-Slashdot0902,,,,,,,,,,,,,,,,,,,,,,,,,,,,retain_occurrences,,,,,,,,398.0,0.0,0.14799999999999996,0.0,0.89215,0.0,0.7414499999999999,0.0,9.0
identifier_sensitivity,web-Google,,,,,,,,,,,,,,,,,,,,,,,,,,,,retain_occurrences,,,,,,,,398.0,0.0,0.5257000000000001,0.0,0.79305,0.0,0.26585000000000003,0.0,13.0
identifier_sensitivity,wiki-Talk,,,,,,,,,,,,,,,,,,,,,,,,,,,,retain_occurrences,,,,,,,,398.0,0.0,0.33440000000000003,0.0,0.9927,0.0,0.6528,0.0,27.0
identifier_sensitivity,wiki-topcats,,,,,,,,,,,,,,,,,,,,,,,,,,,,retain_occurrences,,,,,,,,398.0,0.0,0.03219999999999995,0.0,0.61295,0.0,0.58065,0.0,0.0
identifier_sensitivity,amazon,,,,,,,,,,,,,,,,,,,,,,,,,,,,keep_first,,,,,,,,395.0,-9.0,0.16410000000000002,-0.00039999999999995595,0.8274,0.000200000000000089,0.6627,0.00019999999999997797,12.0
identifier_sensitivity,cit-Patents,,,,,,,,,,,,,,,,,,,,,,,,,,,,keep_first,,,,,,,,395.0,-9.0,0.125,0.0,0.7269,-0.00019999999999997797,0.602,0.0,12.0
identifier_sensitivity,com-lj,,,,,,,,,,,,,,,,,,,,,,,,,,,,keep_first,,,,,,,,392.0,-9.0,0.1609,-5.551115123125783e-17,0.79785,0.00014999999999998348,0.6357,0.0,9.0
identifier_sensitivity,com-youtube,,,,,,,,,,,,,,,,,,,,,,,,,,,,keep_first,,,,,,,,395.0,-9.0,0.2318,0.00035000000000001696,0.912,-9.999999999998899e-05,0.6755,-0.00014999999999998348,18.0
identifier_sensitivity,dblp,,,,,,,,,,,,,,,,,,,,,,,,,,,,keep_first,,,,,,,,392.0,-9.0,0.21985,0.00014999999999998348,0.84415,-4.999999999999449e-05,0.62045,-5.0000000000105516e-05,9.0
identifier_sensitivity,email-EuAll,,,,,,,,,,,,,,,,,,,,,,,,,,,,keep_first,,,,,,,,392.0,-9.0,0.43299999999999994,0.00019999999999997797,0.9911,0.0,0.5535,-0.00029999999999996696,26.0
identifier_sensitivity,p2p-Gnutella31,,,,,,,,,,,,,,,,,,,,,,,,,,,,keep_first,,,,,,,,395.0,-9.0,0.16449999999999998,9.999999999998899e-05,0.8999,-0.00034999999999996145,0.7314,-0.0008500000000000174,0.0
identifier_sensitivity,soc-Epinions1,,,,,,,,,,,,,,,,,,,,,,,,,,,,keep_first,,,,,,,,392.0,-9.0,0.26249999999999996,0.0,0.9236,0.0,0.65815,-0.00014999999999998348,15.0
identifier_sensitivity,soc-LiveJournal1,,,,,,,,,,,,,,,,,,,,,,,,,,,,keep_first,,,,,,,,389.0,-9.0,0.19279999999999997,-9.999999999998899e-05,0.8232,-4.999999999999449e-05,0.6289,-0.00024999999999997247,12.0
identifier_sensitivity,soc-Pokec,,,,,,,,,,,,,,,,,,,,,,,,,,,,keep_first,,,,,,,,389.0,-9.0,0.09920000000000007,0.0,0.8212,-9.999999999998899e-05,0.7209,-0.00019999999999997797,9.0
identifier_sensitivity,soc-Slashdot0902,,,,,,,,,,,,,,,,,,,,,,,,,,,,keep_first,,,,,,,,389.0,-9.0,0.14889999999999992,0.0008999999999999564,0.8918,-0.00034999999999996145,0.7405,-0.0009499999999998954,9.0
identifier_sensitivity,web-Google,,,,,,,,,,,,,,,,,,,,,,,,,,,,keep_first,,,,,,,,389.0,-9.0,0.526,0.00029999999999996696,0.7928,-0.0002500000000000835,0.2651,-0.0007500000000000284,13.0
identifier_sensitivity,wiki-Talk,,,,,,,,,,,,,,,,,,,,,,,,,,,,keep_first,,,,,,,,389.0,-9.0,0.3345,9.999999999998899e-05,0.9927,0.0,0.6526,-0.000200000000000089,27.0
identifier_sensitivity,wiki-topcats,,,,,,,,,,,,,,,,,,,,,,,,,,,,keep_first,,,,,,,,389.0,-9.0,0.032199999999999895,-5.551115123125783e-17,0.6129,-4.999999999999449e-05,0.5805,-0.00014999999999998348,0.0
identifier_sensitivity,amazon,,,,,,,,,,,,,,,,,,,,,,,,,,,,keep_last,,,,,,,,395.0,-9.0,0.16410000000000002,-0.00039999999999995595,0.8269,-0.00029999999999996696,0.6625,0.0,12.0
identifier_sensitivity,cit-Patents,,,,,,,,,,,,,,,,,,,,,,,,,,,,keep_last,,,,,,,,395.0,-9.0,0.125,0.0,0.7269,-0.00019999999999997797,0.6019,-9.999999999998899e-05,12.0
identifier_sensitivity,com-lj,,,,,,,,,,,,,,,,,,,,,,,,,,,,keep_last,,,,,,,,392.0,-9.0,0.1609,-5.551115123125783e-17,0.7977,0.0,0.6357,0.0,9.0
identifier_sensitivity,com-youtube,,,,,,,,,,,,,,,,,,,,,,,,,,,,keep_last,,,,,,,,395.0,-9.0,0.23170000000000002,0.000250000000000028,0.9117,-0.00040000000000006697,0.675,-0.0006499999999999284,18.0
identifier_sensitivity,dblp,,,,,,,,,,,,,,,,,,,,,,,,,,,,keep_last,,,,,,,,392.0,-9.0,0.22004999999999997,0.00034999999999996145,0.844,-0.00019999999999997797,0.62035,-0.0001500000000000945,9.0
identifier_sensitivity,email-EuAll,,,,,,,,,,,,,,,,,,,,,,,,,,,,keep_last,,,,,,,,392.0,-9.0,0.43309999999999993,0.00029999999999996696,0.9911,0.0,0.5535,-0.00029999999999996696,26.0
identifier_sensitivity,p2p-Gnutella31,,,,,,,,,,,,,,,,,,,,,,,,,,,,keep_last,,,,,,,,395.0,-9.0,0.1643,-9.999999999998899e-05,0.9,-0.00024999999999997247,0.7318,-0.00045000000000006146,0.0
identifier_sensitivity,soc-Epinions1,,,,,,,,,,,,,,,,,,,,,,,,,,,,keep_last,,,,,,,,392.0,-9.0,0.26254999999999995,4.999999999999449e-05,0.9236,0.0,0.65815,-0.00014999999999998348,15.0
identifier_sensitivity,soc-LiveJournal1,,,,,,,,,,,,,,,,,,,,,,,,,,,,keep_last,,,,,,,,389.0,-9.0,0.19279999999999997,-9.999999999998899e-05,0.8232,-4.999999999999449e-05,0.6294,0.00024999999999997247,12.0
identifier_sensitivity,soc-Pokec,,,,,,,,,,,,,,,,,,,,,,,,,,,,keep_last,,,,,,,,389.0,-9.0,0.09920000000000007,0.0,0.8212,-9.999999999998899e-05,0.721,-9.999999999998899e-05,9.0
identifier_sensitivity,soc-Slashdot0902,,,,,,,,,,,,,,,,,,,,,,,,,,,,keep_last,,,,,,,,389.0,-9.0,0.14889999999999992,0.0008999999999999564,0.8918,-0.00034999999999996145,0.7407,-0.0007499999999999174,9.0
identifier_sensitivity,web-Google,,,,,,,,,,,,,,,,,,,,,,,,,,,,keep_last,,,,,,,,389.0,-9.0,0.5258,9.999999999998899e-05,0.793,-4.999999999999449e-05,0.2657,-0.000150000000000039,13.0
identifier_sensitivity,wiki-Talk,,,,,,,,,,,,,,,,,,,,,,,,,,,,keep_last,,,,,,,,389.0,-9.0,0.3345,9.999999999998899e-05,0.9927,0.0,0.6526,-0.000200000000000089,27.0
identifier_sensitivity,wiki-topcats,,,,,,,,,,,,,,,,,,,,,,,,,,,,keep_last,,,,,,,,389.0,-9.0,0.032200000000000006,5.551115123125783e-17,0.6126,-0.00034999999999996145,0.5803,-0.00034999999999996145,0.0
