graph,n,n_zero,n_nonzero,z,total_pairs,scoreable_pairs,cross_pairs,w_exact,w_asym,tau_floor,tau_floor_wz_approx,tau_floor_asym,regime,arcs,seconds,n_zero_shipped,z_shipped,w_shipped,tau_floor_shipped,clamped,floor_shipped_geometric,cells,median_drop,min_tau,registered_hits,regime_hits
amazon,2146057,701532,1444525,0.3268934608912997,2302779250596.0,2056706027850.0,1013380512300,0.4927201547414865,0.4927199817108438,0.4656507257323734,0.4656506990048093,0.4656505354802631,undirected,11486264,14.1,701532,0.3268934608912997,0.4927201547414865,0.4656507257323734,False,0.4656507257323734,404,0.1644999999999999,0.189,12,12
cit-Patents,3764117,709062,3055055,0.1883740595735998,7084286512786.0,6832902407395.0,2166223408410,0.3170282962135645,0.3170282253404122,0.3113526575629787,0.3113526510071515,0.3113525814028161,undirected,33023480,39.3,709724,0.18854993083371213,0.3172773277542335,0.3115865227346661,True,0.31158652273466614,404,0.125,0.1535,12,12
com-lj,3997962,1150616,2847346,0.2878006344232386,7991848077741.0,7329890063321.0,3276201865136,0.4469646661592125,0.4469645793459864,0.4280537568152001,0.4280537448512978,0.4280536617111094,undirected,69362378,78.9,1151702,0.2880722728230033,0.4472921820321058,0.4283308836977453,True,0.42833088369774536,401,0.1609,0.1671,9,9
com-youtube,1134890,650530,484360,0.5732097383887426,643987088605.0,432392773420.0,315090710800,0.728714100163603,0.7287136920164444,0.5971147596365709,0.5971146637845545,0.5971143293452272,undirected,5975248,11.4,650530,0.5732097383887426,0.728714100163603,0.5971147596365709,False,0.5971147596365709,404,0.23144999999999993,0.3224,18,30
dblp,4000148,1678358,2321790,0.4195739757628968,8000590010878.0,6592148061975.0,3896794820820,0.5911267138093566,0.591126609710371,0.5365782379028609,0.5365782180794859,0.5365781235866354,undirected,17298002,30.0,1678358,0.4195739757628968,0.5911267138093566,0.5365782379028609,False,0.5365782379028609,401,0.2197,0.1639,9,9
email-EuAll,265214,254838,10376,0.9608768767862932,35169100291.0,2698024588.0,2644199088,0.9800500335544012,0.9800481490312508,0.2714504527836746,0.2714502020096316,0.2714496800422091,directed,418956,0.9,254838,0.9608768767862933,0.9800500335544013,0.2714504527836746,False,0.2714504527836746,401,0.4327999999999999,-0.1176,26,391
p2p-Gnutella31,62586,28829,33757,0.4606301728821142,1958472405.0,1542931199.0,973180553,0.6307348983744284,0.6307279986873051,0.5598367618059,0.55983535131063,0.5598292272024276,sym_digraph,295784,0.4,28829,0.4606301728821142,0.6307348983744284,0.5598367618059,False,0.5598367618059,404,0.16439999999999994,0.6544,0,0
soc-Epinions1,75879,48145,27734,0.6344970281632599,2878773381.0,1719826941.0,1335253430,0.7763882505664272,0.7763819905824679,0.6000916574508729,0.6000901224256749,0.6000852839256876,directed,508837,0.9,48145,0.6344970281632599,0.7763882505664272,0.6000916574508729,False,0.6000916574508729,401,0.2624999999999999,0.323,15,27
soc-LiveJournal1,4847571,1721596,3125975,0.3551461133833831,11749469876235.0,10267524343425.0,5381666056100,0.5241444652182636,0.52414438542969,0.4899759218717207,0.4899759086270374,0.4899758340398167,directed,68475391,156.0,1721596,0.35514611338338314,0.5241444652182636,0.4899759218717207,False,0.48997592187172073,398,0.1928999999999999,0.1465,12,12
soc-Pokec,1632803,357652,1275151,0.2190417337547762,1333022002003.0,1269064704277.0,456060305452,0.3593672599316538,0.3593670793863714,0.3506402216740825,0.3506402023807846,0.3506400262199558,directed,30622564,51.4,357652,0.21904173375477629,0.3593672599316538,0.3506402216740825,False,0.35064022167408254,398,0.0992,0.2197,9,9
soc-Slashdot0902,82168,33814,48354,0.4115227339110116,3375749028.0,2804072637.0,1635042156,0.583095507022702,0.5830904795571726,0.5314338934487698,0.5314329506334694,0.5314283686039248,directed,870161,1.5,33814,0.4115227339110116,0.583095507022702,0.5314338934487698,False,0.5314338934487698,398,0.14799999999999996,0.5184,9,9
web-Google,875713,491379,384334,0.5611187683636077,383436191328.0,262709776197.0,188853656586,0.7188680197587431,0.7188674939214039,0.5950325585114099,0.5950324363966527,0.5950320011425247,directed,5105039,22.1,491379,0.5611187683636077,0.7188680197587431,0.5950325585114099,False,0.5950325585114099,398,0.5257000000000001,0.1835,13,26
wiki-Talk,2394385,2295675,98710,0.958774382565878,2866538566920.0,231477861945.0,226606079250,0.9789535696672472,0.9789533609378132,0.2781877045067577,0.2781876760722265,0.2781876167579157,directed,5021410,7.1,2295675,0.9587743825658781,0.9789535696672472,0.2781877045067577,False,0.2781877045067577,398,0.3344,0.055,27,392
wiki-topcats,1791489,71785,1719704,0.0400700199666311,1604715522816.0,1602139015596.0,123448951640,0.0770525843502267,0.0770525429968968,0.0769907022630525,0.0769907014352031,0.0769906601150852,directed,28508141,48.3,71785,0.04007001996663111,0.07705258435022673,0.0769907022630525,False,0.07699070226305259,398,0.032199999999999895,0.2146,0,0
