kendall_tau,spearman,precision_at_1pct,precision_at_5pct,rmse,radius,richness,n_features,fit_seconds,feature_seconds,target,network,seed
0.6613276319734379,0.8140970058023032,0.4883720930232558,0.6102088167053364,37487.30899795349,0,node,2,1.0244221999982983,4.5000000682193786e-05,betweenness,ca-HepTh,0
0.6607120246820605,0.8133368337374581,0.4883720930232558,0.6148491879350348,37883.9124977721,0,node,2,0.951330300000336,4.5000000682193786e-05,betweenness,ca-HepTh,1
0.6602636272452802,0.8128088405370252,0.5,0.6148491879350348,37503.73868780855,0,node,2,1.0269307999988089,4.5000000682193786e-05,betweenness,ca-HepTh,2
0.6607604745470876,0.8133742225534075,0.4767441860465116,0.6078886310904872,37714.45229433943,0,node,2,1.0540861999998017,4.5000000682193786e-05,betweenness,ca-HepTh,3
0.6610749164994245,0.8138516097498221,0.5,0.6102088167053364,37633.0955853867,0,node,2,1.1172867000004771,4.5000000682193786e-05,betweenness,ca-HepTh,4
0.6620960965056105,0.8149411095949974,0.4883720930232558,0.6102088167053364,37647.14565291735,0,node,2,1.1335927999989508,4.5000000682193786e-05,betweenness,ca-HepTh,5
0.6603055644935872,0.8129360540710288,0.4883720930232558,0.6218097447795824,37440.385797481154,0,node,2,1.0317563000007794,4.5000000682193786e-05,betweenness,ca-HepTh,6
0.6617838023597685,0.8145649693906394,0.5,0.617169373549884,37170.86505862698,0,node,2,1.0970964999996795,4.5000000682193786e-05,betweenness,ca-HepTh,7
0.6608825391794138,0.8134189291272483,0.5,0.6102088167053364,37384.73437206045,0,node,2,1.0672532999997202,4.5000000682193786e-05,betweenness,ca-HepTh,8
0.6617763133635026,0.8143611168776462,0.5,0.6218097447795824,37241.48818400567,0,node,2,1.0656081999986782,4.5000000682193786e-05,betweenness,ca-HepTh,9
0.6613276319734379,0.8140970058023032,0.4883720930232558,0.6102088167053364,37487.30899795351,0,node+edge,2,1.0990760999993654,4.5000000682193786e-05,betweenness,ca-HepTh,0
0.6607120246820605,0.8133368337374581,0.4883720930232558,0.6148491879350348,37883.9124977721,0,node+edge,2,1.1357821000001422,4.5000000682193786e-05,betweenness,ca-HepTh,1
0.6602636272452802,0.8128088405370252,0.5,0.6148491879350348,37503.73868780856,0,node+edge,2,1.079004499999428,4.5000000682193786e-05,betweenness,ca-HepTh,2
0.6607604745470876,0.8133742225534075,0.4767441860465116,0.6078886310904872,37714.45229433943,0,node+edge,2,1.078944499999125,4.5000000682193786e-05,betweenness,ca-HepTh,3
0.6610749164994245,0.8138516097498221,0.5,0.6102088167053364,37633.09558538671,0,node+edge,2,1.0910918000008678,4.5000000682193786e-05,betweenness,ca-HepTh,4
0.6620960965056105,0.8149411095949974,0.4883720930232558,0.6102088167053364,37647.14565291734,0,node+edge,2,1.1066315999996732,4.5000000682193786e-05,betweenness,ca-HepTh,5
0.6603055644935872,0.8129360540710288,0.4883720930232558,0.6218097447795824,37440.385797481154,0,node+edge,2,1.118253699998604,4.5000000682193786e-05,betweenness,ca-HepTh,6
0.6617838023597685,0.8145649693906394,0.5,0.617169373549884,37170.86505862697,0,node+edge,2,1.0952034999991156,4.5000000682193786e-05,betweenness,ca-HepTh,7
0.6608825391794138,0.8134189291272483,0.5,0.6102088167053364,37384.73437206045,0,node+edge,2,1.1317894000003434,4.5000000682193786e-05,betweenness,ca-HepTh,8
0.6617763133635026,0.8143611168776462,0.5,0.6218097447795824,37241.48818400567,0,node+edge,2,1.144566400000258,4.5000000682193786e-05,betweenness,ca-HepTh,9
0.6613276319734379,0.8140970058023032,0.4883720930232558,0.6102088167053364,37487.3089979535,0,node+edge+subgraph,2,1.1004303000008804,4.5000000682193786e-05,betweenness,ca-HepTh,0
0.6607120246820605,0.8133368337374581,0.4883720930232558,0.6148491879350348,37883.9124977721,0,node+edge+subgraph,2,1.0743482999987464,4.5000000682193786e-05,betweenness,ca-HepTh,1
0.6602636272452802,0.8128088405370252,0.5,0.6148491879350348,37503.73868780856,0,node+edge+subgraph,2,1.0687112000014167,4.5000000682193786e-05,betweenness,ca-HepTh,2
0.6607604745470876,0.8133742225534075,0.4767441860465116,0.6078886310904872,37714.45229433943,0,node+edge+subgraph,2,1.056626600000527,4.5000000682193786e-05,betweenness,ca-HepTh,3
0.6610749164994245,0.8138516097498221,0.5,0.6102088167053364,37633.09558538671,0,node+edge+subgraph,2,1.0916708000004292,4.5000000682193786e-05,betweenness,ca-HepTh,4
0.6620960965056105,0.8149411095949974,0.4883720930232558,0.6102088167053364,37647.14565291735,0,node+edge+subgraph,2,1.0600480000011885,4.5000000682193786e-05,betweenness,ca-HepTh,5
0.6603055644935872,0.8129360540710288,0.4883720930232558,0.6218097447795824,37440.385797481154,0,node+edge+subgraph,2,1.1349340999986453,4.5000000682193786e-05,betweenness,ca-HepTh,6
0.6617838023597685,0.8145649693906394,0.5,0.617169373549884,37170.86505862697,0,node+edge+subgraph,2,1.0869938999985609,4.5000000682193786e-05,betweenness,ca-HepTh,7
0.6608825391794138,0.8134189291272483,0.5,0.6102088167053364,37384.73437206045,0,node+edge+subgraph,2,1.0345938000009482,4.5000000682193786e-05,betweenness,ca-HepTh,8
0.6617763133635026,0.8143611168776462,0.5,0.6218097447795824,37241.48818400567,0,node+edge+subgraph,2,1.0378776000015932,4.5000000682193786e-05,betweenness,ca-HepTh,9
0.6613276319734379,0.8140970058023032,0.4883720930232558,0.6102088167053364,37487.3089979535,0,node+edge+subgraph+dynamic,2,1.068141600000672,4.5000000682193786e-05,betweenness,ca-HepTh,0
0.6607120246820605,0.8133368337374581,0.4883720930232558,0.6148491879350348,37883.91249777209,0,node+edge+subgraph+dynamic,2,1.0850821000003634,4.5000000682193786e-05,betweenness,ca-HepTh,1
0.6602636272452802,0.8128088405370252,0.5,0.6148491879350348,37503.73868780855,0,node+edge+subgraph+dynamic,2,1.0470040000000154,4.5000000682193786e-05,betweenness,ca-HepTh,2
0.6607604745470876,0.8133742225534075,0.4767441860465116,0.6078886310904872,37714.45229433943,0,node+edge+subgraph+dynamic,2,1.1302415000009205,4.5000000682193786e-05,betweenness,ca-HepTh,3
0.6610749164994245,0.8138516097498221,0.5,0.6102088167053364,37633.0955853867,0,node+edge+subgraph+dynamic,2,1.0866195000016887,4.5000000682193786e-05,betweenness,ca-HepTh,4
0.6620960965056105,0.8149411095949974,0.4883720930232558,0.6102088167053364,37647.14565291734,0,node+edge+subgraph+dynamic,2,1.1062325000002602,4.5000000682193786e-05,betweenness,ca-HepTh,5
0.6603055644935872,0.8129360540710288,0.4883720930232558,0.6218097447795824,37440.385797481154,0,node+edge+subgraph+dynamic,2,1.1180984000002354,4.5000000682193786e-05,betweenness,ca-HepTh,6
0.6617838023597685,0.8145649693906394,0.5,0.617169373549884,37170.865058626965,0,node+edge+subgraph+dynamic,2,1.0679096999992908,4.5000000682193786e-05,betweenness,ca-HepTh,7
0.6608825391794138,0.8134189291272483,0.5,0.6102088167053364,37384.73437206045,0,node+edge+subgraph+dynamic,2,1.1458365999988018,4.5000000682193786e-05,betweenness,ca-HepTh,8
0.6617763133635026,0.8143611168776462,0.5,0.6218097447795824,37241.48818400567,0,node+edge+subgraph+dynamic,2,1.0617218000006687,4.5000000682193786e-05,betweenness,ca-HepTh,9
0.8948994427387309,0.97995139238352,0.6744186046511628,0.7331786542923434,26198.522714162125,1,node,17,1.733674000000974,0.7682761000505707,betweenness,ca-HepTh,0
0.8939153235656149,0.9794446477964868,0.6744186046511628,0.728538283062645,25962.238146507305,1,node,17,1.799596200000451,0.7682761000505707,betweenness,ca-HepTh,1
0.8944908722458765,0.9798468126655188,0.6511627906976745,0.7215777262180975,25132.123821374826,1,node,17,1.9082550000002807,0.7682761000505707,betweenness,ca-HepTh,2
0.8944518906129587,0.979877959781372,0.6744186046511628,0.7192575406032483,26286.734830826303,1,node,17,1.9437851999991835,0.7682761000505707,betweenness,ca-HepTh,3
0.8944663195839333,0.9797947920943656,0.6976744186046512,0.7262180974477959,26024.59978156094,1,node,17,1.8341519000005064,0.7682761000505707,betweenness,ca-HepTh,4
0.8948925883913464,0.9800375440542962,0.686046511627907,0.7215777262180975,25305.148503850905,1,node,17,1.7805547999996634,0.7682761000505707,betweenness,ca-HepTh,5
0.893286927100245,0.9795059991189952,0.6744186046511628,0.7331786542923434,25542.046540596508,1,node,17,1.744544600000154,0.7682761000505707,betweenness,ca-HepTh,6
0.8952907275808014,0.9801494778915106,0.6627906976744186,0.7308584686774942,25606.079662532968,1,node,17,1.7338106999995944,0.7682761000505707,betweenness,ca-HepTh,7
0.8949375653148743,0.979955303025275,0.686046511627907,0.728538283062645,25654.201819565056,1,node,17,1.7188277000004746,0.7682761000505707,betweenness,ca-HepTh,8
0.8952981712764698,0.9801195688940584,0.6511627906976745,0.7238979118329466,25384.26892726222,1,node,17,1.7376119000000472,0.7682761000505707,betweenness,ca-HepTh,9
0.9022654659369306,0.9823593217498624,0.6627906976744186,0.7470997679814385,26766.030059426907,1,node+edge,38,2.926887399999032,1.0566887000495626,betweenness,ca-HepTh,0
0.9023181820150624,0.982354604053582,0.686046511627907,0.7517401392111369,25635.50892282384,1,node+edge,38,2.9587000999999877,1.0566887000495626,betweenness,ca-HepTh,1
0.90206956956973,0.9822132564723008,0.6627906976744186,0.7424593967517401,25067.127918315477,1,node+edge,38,2.9756600000000617,1.0566887000495626,betweenness,ca-HepTh,2
0.9023597000483142,0.9823594013463414,0.6744186046511628,0.7354988399071926,25791.83069009245,1,node+edge,38,2.9444557999995595,1.0566887000495626,betweenness,ca-HepTh,3
0.9019342450484924,0.9822211784748834,0.6976744186046512,0.7447795823665894,25845.36516324496,1,node+edge,38,3.0167666000015743,1.0566887000495626,betweenness,ca-HepTh,4
0.90213925638978,0.9822988527086975,0.686046511627907,0.7447795823665894,25168.107335175395,1,node+edge,38,3.1508702999999514,1.0566887000495626,betweenness,ca-HepTh,5
0.9012671355366154,0.9819220875268958,0.686046511627907,0.7424593967517401,25674.15226630012,1,node+edge,38,3.0701106999986223,1.0566887000495626,betweenness,ca-HepTh,6
0.9026133710337856,0.9823191738272326,0.6627906976744186,0.7378190255220418,25295.83660663757,1,node+edge,38,3.070597900001303,1.0566887000495626,betweenness,ca-HepTh,7
0.902278318688458,0.982169165123516,0.686046511627907,0.7447795823665894,25122.640298340444,1,node+edge,38,3.053429600000527,1.0566887000495626,betweenness,ca-HepTh,8
0.90186131285006,0.982010020160694,0.686046511627907,0.7494199535962877,25027.547350594923,1,node+edge,38,3.001348499999949,1.0566887000495626,betweenness,ca-HepTh,9
0.9044376387284504,0.982919958348164,0.7325581395348837,0.7610208816705336,24023.41317321664,2,node,35,3.320897200001127,1.5736236999910034,betweenness,ca-HepTh,0
0.9035941363191604,0.9825073992159308,0.7558139534883721,0.7517401392111369,23974.78466878524,2,node,35,3.3120115000001533,1.5736236999910034,betweenness,ca-HepTh,1
0.9032303385860084,0.9824000065519016,0.7325581395348837,0.7540603248259861,23028.35749126758,2,node,35,3.337764599998991,1.5736236999910034,betweenness,ca-HepTh,2
0.9046697624429048,0.9829384023146424,0.7209302325581395,0.7470997679814385,23669.7421312582,2,node,35,3.410041799999817,1.5736236999910034,betweenness,ca-HepTh,3
0.9032033087577334,0.9823092694317712,0.7325581395348837,0.7517401392111369,23621.187709864364,2,node,35,3.3179844000005687,1.5736236999910034,betweenness,ca-HepTh,4
0.904264232222526,0.982868301279016,0.7209302325581395,0.7610208816705336,23166.16573504956,2,node,35,3.324873300000036,1.5736236999910034,betweenness,ca-HepTh,5
0.9035020667501548,0.9824605234834686,0.7093023255813954,0.7587006960556845,23760.397309139065,2,node,35,3.4781087999999727,1.5736236999910034,betweenness,ca-HepTh,6
0.9039978290847184,0.982756306391084,0.7325581395348837,0.765661252900232,23513.374556330837,2,node,35,4.359384499999578,1.5736236999910034,betweenness,ca-HepTh,7
0.904718501112663,0.9829425409149752,0.7441860465116279,0.7587006960556845,23066.555282651865,2,node,35,4.762571500001286,1.5736236999910034,betweenness,ca-HepTh,8
0.9045010532235102,0.9828824024602708,0.7209302325581395,0.7633410672853829,23233.993296494937,2,node,35,3.783135600000605,1.5736236999910034,betweenness,ca-HepTh,9
0.9136093121745136,0.9851999424525658,0.7093023255813954,0.7703016241299304,24089.15840818136,2,node+edge,80,8.77469419999943,1.8620362999899955,betweenness,ca-HepTh,0
0.9137271977018948,0.9852953753166892,0.7441860465116279,0.7679814385150812,23328.82741184833,2,node+edge,80,9.66686429999936,1.8620362999899955,betweenness,ca-HepTh,1
0.9138090268421522,0.9854657806824128,0.7441860465116279,0.7726218097447796,22467.22021354348,2,node+edge,80,8.207973700000366,1.8620362999899955,betweenness,ca-HepTh,2
0.913620165360283,0.9851133057367268,0.7093023255813954,0.7726218097447796,23005.562944207093,2,node+edge,80,7.731266200000391,1.8620362999899955,betweenness,ca-HepTh,3
0.9136993685346788,0.9853781700535218,0.7558139534883721,0.777262180974478,22922.977275026074,2,node+edge,80,8.612883300000249,1.8620362999899955,betweenness,ca-HepTh,4
0.9138947515598022,0.9853321952444576,0.7325581395348837,0.7749419953596288,23086.36547533492,2,node+edge,80,9.783836199998404,1.8620362999899955,betweenness,ca-HepTh,5
0.9133286901883236,0.9852508288602032,0.7558139534883721,0.7679814385150812,23106.882905902217,2,node+edge,80,8.436132500000895,1.8620362999899955,betweenness,ca-HepTh,6
0.9148260216481298,0.9857733887608526,0.7674418604651163,0.7795823665893271,22681.31937913477,2,node+edge,80,7.176912799999627,1.8620362999899955,betweenness,ca-HepTh,7
0.9141382303522032,0.9855450055254238,0.7441860465116279,0.7749419953596288,22244.64582889364,2,node+edge,80,6.972789499999635,1.8620362999899955,betweenness,ca-HepTh,8
0.9130816181153668,0.9849458531499816,0.7325581395348837,0.777262180974478,22463.07280016622,2,node+edge,80,7.250009400000636,1.8620362999899955,betweenness,ca-HepTh,9
0.9192344221002964,0.9870337958232476,0.7674418604651163,0.7911832946635731,21656.941798561103,2,node+edge+subgraph,144,10.975007099999855,2.986236299988377,betweenness,ca-HepTh,0
0.9194316569966964,0.9870577256455108,0.7906976744186046,0.7911832946635731,21144.94390814445,2,node+edge+subgraph,144,12.85033459999977,2.986236299988377,betweenness,ca-HepTh,1
0.9193646889382532,0.9870047267061386,0.7790697674418605,0.7911832946635731,20240.02279671416,2,node+edge+subgraph,144,11.756387500001438,2.986236299988377,betweenness,ca-HepTh,2
0.9190921698239056,0.9866614999366872,0.7674418604651163,0.7819025522041764,21088.302669752506,2,node+edge+subgraph,144,11.172006699998748,2.986236299988377,betweenness,ca-HepTh,3
0.9187302270886972,0.9866819027913568,0.7790697674418605,0.7865429234338747,20833.67808818212,2,node+edge+subgraph,144,11.317144200000255,2.986236299988377,betweenness,ca-HepTh,4
0.9199460219307736,0.9870947212191472,0.7674418604651163,0.7842227378190255,20959.319864307392,2,node+edge+subgraph,144,11.24264630000107,2.986236299988377,betweenness,ca-HepTh,5
0.9190970568340904,0.9869446706481944,0.7674418604651163,0.777262180974478,21118.84981657281,2,node+edge+subgraph,144,11.031381099999637,2.986236299988377,betweenness,ca-HepTh,6
0.9192206564762246,0.9867358980972548,0.8023255813953488,0.7749419953596288,20674.991207377687,2,node+edge+subgraph,144,12.716604200000802,2.986236299988377,betweenness,ca-HepTh,7
0.919724915011604,0.9870352595704386,0.7558139534883721,0.7935034802784223,20517.45486888012,2,node+edge+subgraph,144,15.89653840000028,2.986236299988377,betweenness,ca-HepTh,8
0.9188663752297408,0.9866562710750983,0.7906976744186046,0.7911832946635731,20492.72268066292,2,node+edge+subgraph,144,15.67376139999942,2.986236299988377,betweenness,ca-HepTh,9
0.9189993685708658,0.986879326652662,0.7674418604651163,0.7911832946635731,21572.59920987679,2,node+edge+subgraph+dynamic,145,15.535589500001151,2.986236299988377,betweenness,ca-HepTh,0
0.9192781154588178,0.9868720916866168,0.7906976744186046,0.7865429234338747,21196.39972339075,2,node+edge+subgraph+dynamic,145,16.54803399999946,2.986236299988377,betweenness,ca-HepTh,1
0.9194711095260352,0.9870568900444556,0.7790697674418605,0.7911832946635731,20284.34900046661,2,node+edge+subgraph+dynamic,145,17.504079099999217,2.986236299988377,betweenness,ca-HepTh,2
0.9191324536055244,0.9866597900705586,0.7790697674418605,0.7795823665893271,21059.945211365797,2,node+edge+subgraph+dynamic,145,16.938605399998778,2.986236299988377,betweenness,ca-HepTh,3
0.9187463046835534,0.9866842113088656,0.7674418604651163,0.7842227378190255,20821.586968649623,2,node+edge+subgraph+dynamic,145,16.002134000000297,2.986236299988377,betweenness,ca-HepTh,4
0.9197599129336584,0.9870110462849524,0.7674418604651163,0.7865429234338747,20934.423161721057,2,node+edge+subgraph+dynamic,145,15.83158530000037,2.986236299988377,betweenness,ca-HepTh,5
0.9189838412788288,0.986854192691516,0.7558139534883721,0.777262180974478,21144.969304531496,2,node+edge+subgraph+dynamic,145,15.643669099999896,2.986236299988377,betweenness,ca-HepTh,6
0.9194804150086232,0.9868662361675344,0.8023255813953488,0.7726218097447796,20625.73297670413,2,node+edge+subgraph+dynamic,145,15.274252400000478,2.986236299988377,betweenness,ca-HepTh,7
0.9195252788427958,0.9869449538275546,0.7558139534883721,0.7958236658932715,20640.96100090006,2,node+edge+subgraph+dynamic,145,15.50573599999916,2.986236299988377,betweenness,ca-HepTh,8
0.9181236979897296,0.98620254495174,0.7906976744186046,0.7888631090487239,20453.6080046062,2,node+edge+subgraph+dynamic,145,15.322135599999456,2.986236299988377,betweenness,ca-HepTh,9
0.9058776871964992,0.9832498234782144,0.7325581395348837,0.7726218097447796,23309.460426128964,3,node,45,5.825688999999329,2.253552099900844,betweenness,ca-HepTh,0
0.9055035873692584,0.9830297162966276,0.7441860465116279,0.7587006960556845,23397.40839458644,3,node,45,6.063572600000043,2.253552099900844,betweenness,ca-HepTh,1
0.9048905198076482,0.9828155255372956,0.7209302325581395,0.7587006960556845,22725.89980981518,3,node,45,5.974008799999865,2.253552099900844,betweenness,ca-HepTh,2
0.9063717256503442,0.9833750379060052,0.7093023255813954,0.7587006960556845,23071.988080050814,3,node,45,6.095194800000172,2.253552099900844,betweenness,ca-HepTh,3
0.9054934337418266,0.9830204797612851,0.7558139534883721,0.7679814385150812,23106.88366591439,3,node,45,6.015146499999901,2.253552099900844,betweenness,ca-HepTh,4
0.9057984024690798,0.983239082976886,0.7441860465116279,0.7633410672853829,22802.28894198317,3,node,45,5.840813200000412,2.253552099900844,betweenness,ca-HepTh,5
0.9043342144636696,0.9824707110981828,0.7325581395348837,0.7587006960556845,23286.255953076707,3,node,45,6.407707099999243,2.253552099900844,betweenness,ca-HepTh,6
0.9056396538907892,0.9831464532076016,0.7325581395348837,0.765661252900232,23133.558013353417,3,node,45,6.061215300000185,2.253552099900844,betweenness,ca-HepTh,7
0.9067751655398152,0.9835980061601688,0.7674418604651163,0.7703016241299304,22722.92048308553,3,node,45,5.833215000000564,2.253552099900844,betweenness,ca-HepTh,8
0.9055592385891578,0.9831188254935318,0.7209302325581395,0.765661252900232,22885.225899981677,3,node,45,5.792610200000127,2.253552099900844,betweenness,ca-HepTh,9
0.9128517402909364,0.9843385633849736,0.7325581395348837,0.7703016241299304,23783.850505625134,3,node+edge,93,12.347380299999712,2.541964699899836,betweenness,ca-HepTh,0
0.9134736290818952,0.9848244328940172,0.7558139534883721,0.7749419953596288,23123.67058804881,3,node+edge,93,11.82313890000114,2.541964699899836,betweenness,ca-HepTh,1
0.9138591990172013,0.984980742666694,0.7325581395348837,0.765661252900232,22410.545615196614,3,node+edge,93,11.676009400000112,2.541964699899836,betweenness,ca-HepTh,2
0.9132070727204232,0.9845391672542916,0.7441860465116279,0.7703016241299304,22870.196373751933,3,node+edge,93,11.949072699999306,2.541964699899836,betweenness,ca-HepTh,3
0.9140570932998284,0.9851370625411732,0.7558139534883721,0.777262180974478,22719.62597576771,3,node+edge,93,11.310495400000946,2.541964699899836,betweenness,ca-HepTh,4
0.913770860912301,0.9849118123902102,0.7558139534883721,0.7749419953596288,22887.59353280593,3,node+edge,93,11.630315899999914,2.541964699899836,betweenness,ca-HepTh,5
0.9123601511368842,0.9842648895037452,0.7441860465116279,0.765661252900232,23057.116371864915,3,node+edge,93,11.910114500000418,2.541964699899836,betweenness,ca-HepTh,6
0.9139240424908442,0.9848821061787968,0.7674418604651163,0.7749419953596288,22532.058783669057,3,node+edge,93,13.399799700000584,2.541964699899836,betweenness,ca-HepTh,7
0.913143109910032,0.9845836416149716,0.7441860465116279,0.7795823665893271,22325.469687081677,3,node+edge,93,11.981260599999588,2.541964699899836,betweenness,ca-HepTh,8
0.9124467957535276,0.984216646786976,0.7325581395348837,0.777262180974478,22385.68232114881,3,node+edge,93,11.464004999999815,2.541964699899836,betweenness,ca-HepTh,9
0.9195534201887988,0.986555037249567,0.7674418604651163,0.7819025522041764,21472.016775780197,3,node+edge+subgraph,168,18.67292720000114,3.666164699898218,betweenness,ca-HepTh,0
0.9202864429089064,0.9869208614561455,0.7906976744186046,0.7935034802784223,21106.87841758033,3,node+edge+subgraph,168,17.93293249999988,3.666164699898218,betweenness,ca-HepTh,1
0.9200441567484255,0.9869411925079686,0.7906976744186046,0.7842227378190255,20254.17184329072,3,node+edge+subgraph,168,18.359890599998835,3.666164699898218,betweenness,ca-HepTh,2
0.9196018541945078,0.986294500074688,0.7790697674418605,0.7819025522041764,20971.51070401175,3,node+edge+subgraph,168,18.49909680000019,3.666164699898218,betweenness,ca-HepTh,3
0.9197341185892748,0.9867253431394456,0.7674418604651163,0.7888631090487239,20725.452746421844,3,node+edge+subgraph,168,18.005574599999818,3.666164699898218,betweenness,ca-HepTh,4
0.9202441187834168,0.9867201342858204,0.7558139534883721,0.7819025522041764,21099.67653726877,3,node+edge+subgraph,168,18.894177000000127,3.666164699898218,betweenness,ca-HepTh,5
0.9195382293569944,0.9865375078155938,0.7674418604651163,0.777262180974478,21031.330740387224,3,node+edge+subgraph,168,15.793784699999378,3.666164699898218,betweenness,ca-HepTh,6
0.9203038757108374,0.9866889965726712,0.8023255813953488,0.777262180974478,20504.983396743017,3,node+edge+subgraph,168,13.563501099999485,3.666164699898218,betweenness,ca-HepTh,7
0.9200768123862972,0.9867417680718624,0.7674418604651163,0.7935034802784223,20586.780044818628,3,node+edge+subgraph,168,13.360794999998689,3.666164699898218,betweenness,ca-HepTh,8
0.9199497758616086,0.986813350070713,0.7790697674418605,0.7888631090487239,20390.55458246532,3,node+edge+subgraph,168,13.502211199998785,3.666164699898218,betweenness,ca-HepTh,9
0.9195068558623216,0.9864884484360272,0.7674418604651163,0.7865429234338747,21393.69335099821,3,node+edge+subgraph+dynamic,170,16.250955699999395,3.666164699898218,betweenness,ca-HepTh,0
0.9201364212638412,0.9867952847103472,0.7906976744186046,0.7911832946635731,21029.5206433148,3,node+edge+subgraph+dynamic,170,18.144705199998494,3.666164699898218,betweenness,ca-HepTh,1
0.9200125280485442,0.9868053129546264,0.7906976744186046,0.7819025522041764,20317.585250236443,3,node+edge+subgraph+dynamic,170,16.54430339999999,3.666164699898218,betweenness,ca-HepTh,2
0.9198252749180724,0.9863866820138336,0.7790697674418605,0.7819025522041764,20930.62502183633,3,node+edge+subgraph+dynamic,170,16.026375900000858,3.666164699898218,betweenness,ca-HepTh,3
0.9196254923503604,0.986644016550866,0.7674418604651163,0.7935034802784223,20803.952124349635,3,node+edge+subgraph+dynamic,170,15.192314899999474,3.666164699898218,betweenness,ca-HepTh,4
0.9203005032941106,0.9868280723491376,0.7674418604651163,0.7819025522041764,21016.58725643921,3,node+edge+subgraph+dynamic,170,16.45102719999886,3.666164699898218,betweenness,ca-HepTh,5
0.9196754033765356,0.9866308084814772,0.7674418604651163,0.7819025522041764,21065.1886567264,3,node+edge+subgraph+dynamic,170,15.220642399999631,3.666164699898218,betweenness,ca-HepTh,6
0.9200480361221246,0.9866300580758246,0.7906976744186046,0.7795823665893271,20555.27461250522,3,node+edge+subgraph+dynamic,170,14.516582800000831,3.666164699898218,betweenness,ca-HepTh,7
0.9200115458915348,0.9867384615440364,0.7790697674418605,0.7935034802784223,20531.54862195179,3,node+edge+subgraph+dynamic,170,15.812195400001656,3.666164699898218,betweenness,ca-HepTh,8
0.9195755410994592,0.9865407335972606,0.7674418604651163,0.7865429234338747,20363.654302922947,3,node+edge+subgraph+dynamic,170,27.507583599999634,3.666164699898218,betweenness,ca-HepTh,9
0.902467539883971,0.9823919506089958,0.6511627906976745,0.7494199535962877,26474.547177237902,1,node+edge+subgraph,56,4.3049570999864955,2.1808887000479444,betweenness,ca-HepTh,0
0.9027053202104788,0.9824803214498636,0.6976744186046512,0.7517401392111369,25552.61520791952,1,node+edge+subgraph,56,4.447105600003852,2.1808887000479444,betweenness,ca-HepTh,1
0.9024786388306082,0.9823355047232647,0.6976744186046512,0.7494199535962877,24992.424684077057,1,node+edge+subgraph,56,4.4543353999906685,2.1808887000479444,betweenness,ca-HepTh,2
0.9028317201722834,0.9825361743748522,0.6744186046511628,0.7424593967517401,25868.474172051127,1,node+edge+subgraph,56,4.589728999999352,2.1808887000479444,betweenness,ca-HepTh,3
0.9021542259754903,0.9822740638065658,0.686046511627907,0.7447795823665894,25710.68235371006,1,node+edge+subgraph,56,4.451559900015127,2.1808887000479444,betweenness,ca-HepTh,4
0.9021851043414663,0.98234423780311,0.6744186046511628,0.7447795823665894,25319.542962175936,1,node+edge+subgraph,56,4.454992899991339,2.1808887000479444,betweenness,ca-HepTh,5
0.9016285563046054,0.9819851840238006,0.686046511627907,0.7424593967517401,25622.486614657806,1,node+edge+subgraph,56,4.392189099977259,2.1808887000479444,betweenness,ca-HepTh,6
0.9024587704050476,0.9822714576281645,0.686046511627907,0.7424593967517401,25269.242210004937,1,node+edge+subgraph,56,4.439070199994603,2.1808887000479444,betweenness,ca-HepTh,7
0.9022035864322951,0.9820961206010411,0.686046511627907,0.7494199535962877,25369.513424996065,1,node+edge+subgraph,56,4.473110099992482,2.1808887000479444,betweenness,ca-HepTh,8
0.9023892390489545,0.9821815968222335,0.6744186046511628,0.7424593967517401,25026.834011874045,1,node+edge+subgraph,56,4.396964499988826,2.1808887000479444,betweenness,ca-HepTh,9
0.9024645041992782,0.982391935747271,0.6511627906976745,0.7494199535962877,26474.54717723791,1,node+edge+subgraph+dynamic,56,4.458832500007702,2.1808887000479444,betweenness,ca-HepTh,0
0.9027075352942878,0.9824803322905098,0.6976744186046512,0.7517401392111369,25552.615207919513,1,node+edge+subgraph+dynamic,56,4.332148599991342,2.1808887000479444,betweenness,ca-HepTh,1
0.9024799033447297,0.9823355109141546,0.6976744186046512,0.7494199535962877,24992.42468407705,1,node+edge+subgraph+dynamic,56,4.324204999982612,2.1808887000479444,betweenness,ca-HepTh,2
0.9028317834042462,0.9825361744264439,0.6744186046511628,0.7424593967517401,25868.474172051123,1,node+edge+subgraph+dynamic,56,4.422040399978869,2.1808887000479444,betweenness,ca-HepTh,3
0.9021542259754903,0.9822740638065658,0.686046511627907,0.7447795823665894,25710.68235371006,1,node+edge+subgraph+dynamic,56,4.368705399974715,2.1808887000479444,betweenness,ca-HepTh,4
0.9021851517662279,0.9823442380817796,0.6744186046511628,0.7447795823665894,25319.54296217592,1,node+edge+subgraph+dynamic,56,4.26054909999948,2.1808887000479444,betweenness,ca-HepTh,5
0.9016283352887475,0.9819851832348887,0.686046511627907,0.7424593967517401,25622.486614657806,1,node+edge+subgraph+dynamic,56,4.4252485999895725,2.1808887000479444,betweenness,ca-HepTh,6
0.9024603977169036,0.9822714651630038,0.686046511627907,0.7424593967517401,25269.242210004948,1,node+edge+subgraph+dynamic,56,4.3474696000048425,2.1808887000479444,betweenness,ca-HepTh,7
0.9022028127190401,0.9820961177810104,0.686046511627907,0.7494199535962877,25369.513424996083,1,node+edge+subgraph+dynamic,56,4.3686767000181135,2.1808887000479444,betweenness,ca-HepTh,8
0.9023896970580024,0.982181600142632,0.6744186046511628,0.7424593967517401,25026.834011874053,1,node+edge+subgraph+dynamic,56,4.325793700001668,2.1808887000479444,betweenness,ca-HepTh,9
