network,target,contrast,lower_set,upper_set,n_pairs,mean_gain,paired_sd,positive_count,zero_count,negative_count,heuristic_star
ca-GrQc,spread_mean,add_nonorbit_subgraph,node_edge,plus_nonorbit_subgraph,10,3.4497899090923936e-05,7.748348317898638e-05,8,0,2,False
ca-GrQc,spread_mean,add_orbit_lt15,plus_nonorbit_subgraph,plus_orbit_lt15,10,7.64042039768098e-06,0.00010625038863031664,5,0,5,False
ca-GrQc,spread_mean,add_remaining_g5_orbits,plus_orbit_lt15,full_r1_structural,10,-5.765043036809469e-06,7.254381302693919e-05,5,0,5,False
ca-GrQc,spread_cv,add_nonorbit_subgraph,node_edge,plus_nonorbit_subgraph,10,-3.6478825133612335e-05,0.0002608247803710339,3,0,7,False
ca-GrQc,spread_cv,add_orbit_lt15,plus_nonorbit_subgraph,plus_orbit_lt15,10,0.0001377210522524708,0.0003272126609667637,6,0,4,False
ca-GrQc,spread_cv,add_remaining_g5_orbits,plus_orbit_lt15,full_r1_structural,10,-7.649888617676792e-05,0.00031334879312188964,3,0,7,False
ca-GrQc,spread_resid,add_nonorbit_subgraph,node_edge,plus_nonorbit_subgraph,10,0.00020835235321078893,0.00046005042788875485,6,0,4,False
ca-GrQc,spread_resid,add_orbit_lt15,plus_nonorbit_subgraph,plus_orbit_lt15,10,-0.0003834257497188909,0.0008133562176675539,4,0,6,False
ca-GrQc,spread_resid,add_remaining_g5_orbits,plus_orbit_lt15,full_r1_structural,10,0.0002642421486616198,0.0005573596241810304,7,0,3,False
ca-GrQc,betweenness,add_nonorbit_subgraph,node_edge,plus_nonorbit_subgraph,10,0.00029069561546745114,0.0003371466860580345,8,0,2,False
ca-GrQc,betweenness,add_orbit_lt15,plus_nonorbit_subgraph,plus_orbit_lt15,10,4.331260665391135e-06,0.00023855900366098913,5,0,5,False
ca-GrQc,betweenness,add_remaining_g5_orbits,plus_orbit_lt15,full_r1_structural,10,0.00030852171730062495,0.0002992931824056833,8,0,2,False
ca-HepTh,spread_mean,add_nonorbit_subgraph,node_edge,plus_nonorbit_subgraph,10,-7.80481259424759e-06,3.984380441686678e-05,4,0,6,False
ca-HepTh,spread_mean,add_orbit_lt15,plus_nonorbit_subgraph,plus_orbit_lt15,10,-3.168927646343134e-05,4.390866337621594e-05,2,0,8,False
ca-HepTh,spread_mean,add_remaining_g5_orbits,plus_orbit_lt15,full_r1_structural,10,7.073982491079267e-06,5.7191097116494115e-05,6,0,4,False
ca-HepTh,spread_cv,add_nonorbit_subgraph,node_edge,plus_nonorbit_subgraph,10,-4.555568841206892e-05,0.0001012971449042937,3,0,7,False
ca-HepTh,spread_cv,add_orbit_lt15,plus_nonorbit_subgraph,plus_orbit_lt15,10,-0.00010391857705434049,0.00012876712577911614,2,0,8,False
ca-HepTh,spread_cv,add_remaining_g5_orbits,plus_orbit_lt15,full_r1_structural,10,7.0034117426009955e-06,0.0002077955957927288,7,0,3,False
ca-HepTh,spread_resid,add_nonorbit_subgraph,node_edge,plus_nonorbit_subgraph,10,-0.0001040712365744767,0.0001698773901365614,2,0,8,False
ca-HepTh,spread_resid,add_orbit_lt15,plus_nonorbit_subgraph,plus_orbit_lt15,10,-2.5953949087109685e-06,0.00020209257712236898,5,0,5,False
ca-HepTh,spread_resid,add_remaining_g5_orbits,plus_orbit_lt15,full_r1_structural,10,-0.00021281897487608338,0.0001442533294599434,0,0,10,False
ca-HepTh,betweenness,add_nonorbit_subgraph,node_edge,plus_nonorbit_subgraph,10,0.00013451139349440755,0.00019583651426101755,7,0,3,False
ca-HepTh,betweenness,add_orbit_lt15,plus_nonorbit_subgraph,plus_orbit_lt15,10,-4.205790583926561e-05,9.225750887555672e-05,3,0,7,False
ca-HepTh,betweenness,add_remaining_g5_orbits,plus_orbit_lt15,full_r1_structural,10,0.00016603871309871509,0.00016068335829195256,9,0,1,False
email-Eu-core,spread_mean,add_nonorbit_subgraph,node_edge,plus_nonorbit_subgraph,10,-6.509212395456876e-05,7.448873282531484e-05,2,0,8,False
email-Eu-core,spread_mean,add_orbit_lt15,plus_nonorbit_subgraph,plus_orbit_lt15,10,2.811414570369486e-05,9.596291091220909e-05,5,1,4,False
email-Eu-core,spread_mean,add_remaining_g5_orbits,plus_orbit_lt15,full_r1_structural,10,0.00019996880162317376,0.00023461746633626594,8,0,2,False
email-Eu-core,spread_cv,add_nonorbit_subgraph,node_edge,plus_nonorbit_subgraph,10,-0.00013487446206773558,0.00012351856182377433,2,0,8,False
email-Eu-core,spread_cv,add_orbit_lt15,plus_nonorbit_subgraph,plus_orbit_lt15,10,0.00010461281953794144,0.00019934262244178868,6,0,4,False
email-Eu-core,spread_cv,add_remaining_g5_orbits,plus_orbit_lt15,full_r1_structural,10,0.0002540114253091308,0.00022459086975564087,10,0,0,False
email-Eu-core,spread_resid,add_nonorbit_subgraph,node_edge,plus_nonorbit_subgraph,10,0.0007970150715606979,0.005396223315072856,6,0,4,False
email-Eu-core,spread_resid,add_orbit_lt15,plus_nonorbit_subgraph,plus_orbit_lt15,10,-0.0024862026955241234,0.006080099508916469,2,0,8,False
email-Eu-core,spread_resid,add_remaining_g5_orbits,plus_orbit_lt15,full_r1_structural,10,0.000490267832480707,0.008814967386009743,4,0,6,False
email-Eu-core,betweenness,add_nonorbit_subgraph,node_edge,plus_nonorbit_subgraph,10,0.002535137686215894,0.0010804754077569333,10,0,0,True
email-Eu-core,betweenness,add_orbit_lt15,plus_nonorbit_subgraph,plus_orbit_lt15,10,0.00023190003468066546,0.0003796613961282139,7,0,3,False
email-Eu-core,betweenness,add_remaining_g5_orbits,plus_orbit_lt15,full_r1_structural,10,-0.0005359544278925821,0.0004944422545282854,1,0,9,False
facebook_combined,spread_mean,add_nonorbit_subgraph,node_edge,plus_nonorbit_subgraph,10,-2.8727567174069434e-05,0.00010356276455783968,3,0,7,False
facebook_combined,spread_mean,add_orbit_lt15,plus_nonorbit_subgraph,plus_orbit_lt15,10,-4.531936947971271e-05,0.00019926666223703284,6,0,4,False
facebook_combined,spread_mean,add_remaining_g5_orbits,plus_orbit_lt15,full_r1_structural,10,-0.00011282410818533873,0.00022362375126688767,3,0,7,False
facebook_combined,spread_cv,add_nonorbit_subgraph,node_edge,plus_nonorbit_subgraph,10,0.00013160528232398773,0.0002815491099867346,7,0,3,False
facebook_combined,spread_cv,add_orbit_lt15,plus_nonorbit_subgraph,plus_orbit_lt15,10,-0.00018864500416297946,0.0002916407925269443,4,0,6,False
facebook_combined,spread_cv,add_remaining_g5_orbits,plus_orbit_lt15,full_r1_structural,10,-0.00021249130781628712,0.000296765523231203,3,0,7,False
facebook_combined,spread_resid,add_nonorbit_subgraph,node_edge,plus_nonorbit_subgraph,10,3.44668535310344e-05,0.0003766869821099735,6,0,4,False
facebook_combined,spread_resid,add_orbit_lt15,plus_nonorbit_subgraph,plus_orbit_lt15,10,-0.00046052428948581967,0.00048583066144600233,1,0,9,False
facebook_combined,spread_resid,add_remaining_g5_orbits,plus_orbit_lt15,full_r1_structural,10,0.00016834631615889606,0.0008445532892779682,6,0,4,False
facebook_combined,betweenness,add_nonorbit_subgraph,node_edge,plus_nonorbit_subgraph,10,0.003493323678939364,0.0013792138699794806,10,0,0,True
facebook_combined,betweenness,add_orbit_lt15,plus_nonorbit_subgraph,plus_orbit_lt15,10,-3.941661053097345e-06,0.00039132201070622057,4,0,6,False
facebook_combined,betweenness,add_remaining_g5_orbits,plus_orbit_lt15,full_r1_structural,10,-0.00029708191427035846,0.00041013976262891944,4,0,6,False
p2p-Gnutella08,spread_mean,add_nonorbit_subgraph,node_edge,plus_nonorbit_subgraph,10,-1.0735312317833313e-05,6.119153617167927e-05,3,0,7,False
p2p-Gnutella08,spread_mean,add_orbit_lt15,plus_nonorbit_subgraph,plus_orbit_lt15,10,-6.808277674759111e-05,6.173283071837354e-05,1,0,9,False
p2p-Gnutella08,spread_mean,add_remaining_g5_orbits,plus_orbit_lt15,full_r1_structural,10,5.926439900810765e-05,5.053559987150816e-05,8,0,2,False
p2p-Gnutella08,spread_cv,add_nonorbit_subgraph,node_edge,plus_nonorbit_subgraph,10,2.099712826794109e-05,9.067725642881315e-05,6,0,4,False
p2p-Gnutella08,spread_cv,add_orbit_lt15,plus_nonorbit_subgraph,plus_orbit_lt15,10,-3.338781769062216e-05,0.00010156605354348262,3,0,7,False
p2p-Gnutella08,spread_cv,add_remaining_g5_orbits,plus_orbit_lt15,full_r1_structural,10,1.2331029542034244e-05,0.00013983696102452714,5,0,5,False
p2p-Gnutella08,spread_resid,add_nonorbit_subgraph,node_edge,plus_nonorbit_subgraph,10,-0.00016182106366984805,0.00038979926281539393,3,0,7,False
p2p-Gnutella08,spread_resid,add_orbit_lt15,plus_nonorbit_subgraph,plus_orbit_lt15,10,-0.00030056592542851147,0.0003823408748458665,2,0,8,False
p2p-Gnutella08,spread_resid,add_remaining_g5_orbits,plus_orbit_lt15,full_r1_structural,10,-9.434812426890315e-05,0.00020508977770909256,4,0,6,False
p2p-Gnutella08,betweenness,add_nonorbit_subgraph,node_edge,plus_nonorbit_subgraph,10,9.943199036691608e-05,7.981715460536115e-05,9,0,1,False
p2p-Gnutella08,betweenness,add_orbit_lt15,plus_nonorbit_subgraph,plus_orbit_lt15,10,2.438207804756898e-05,7.735194571771105e-05,7,0,3,False
p2p-Gnutella08,betweenness,add_remaining_g5_orbits,plus_orbit_lt15,full_r1_structural,10,3.490805850121514e-05,0.00011750484541316252,6,0,4,False
