network,target,radius,richness,seed,objective,kendall_tau,n_features,target_skew
ca-GrQc,betweenness,0,node+edge+subgraph,0,raw,0.5442822494387292,2,6.150247409840588
ca-GrQc,betweenness,0,node+edge+subgraph,1,raw,0.5434340474248759,2,6.150247409840588
ca-GrQc,betweenness,0,node+edge+subgraph,2,raw,0.5414911029649696,2,6.150247409840588
ca-GrQc,betweenness,0,node+edge+subgraph,3,raw,0.5438919339615759,2,6.150247409840588
ca-GrQc,betweenness,0,node+edge+subgraph,4,raw,0.5415842355258742,2,6.150247409840588
ca-GrQc,betweenness,0,node+edge+subgraph,5,raw,0.5425414048472575,2,6.150247409840588
ca-GrQc,betweenness,0,node+edge+subgraph,6,raw,0.542763495273354,2,6.150247409840588
ca-GrQc,betweenness,0,node+edge+subgraph,7,raw,0.541881851259573,2,6.150247409840588
ca-GrQc,betweenness,0,node+edge+subgraph,8,raw,0.5406079382907646,2,6.150247409840588
ca-GrQc,betweenness,0,node+edge+subgraph,9,raw,0.5392301719905397,2,6.150247409840588
ca-GrQc,betweenness,0,node+edge+subgraph,0,log1p,0.5557523890667565,2,6.150247409840588
ca-GrQc,betweenness,0,node+edge+subgraph,1,log1p,0.5567776280103828,2,6.150247409840588
ca-GrQc,betweenness,0,node+edge+subgraph,2,log1p,0.5573627727199763,2,6.150247409840588
ca-GrQc,betweenness,0,node+edge+subgraph,3,log1p,0.5557200660367827,2,6.150247409840588
ca-GrQc,betweenness,0,node+edge+subgraph,4,log1p,0.5550576924302764,2,6.150247409840588
ca-GrQc,betweenness,0,node+edge+subgraph,5,log1p,0.5567247595113103,2,6.150247409840588
ca-GrQc,betweenness,0,node+edge+subgraph,6,log1p,0.5555456088409407,2,6.150247409840588
ca-GrQc,betweenness,0,node+edge+subgraph,7,log1p,0.5555297357386696,2,6.150247409840588
ca-GrQc,betweenness,0,node+edge+subgraph,8,log1p,0.5567288854771394,2,6.150247409840588
ca-GrQc,betweenness,0,node+edge+subgraph,9,log1p,0.5543355032602051,2,6.150247409840588
ca-GrQc,betweenness,1,node+edge+subgraph,0,raw,0.9186074125546109,62,6.150247409840588
ca-GrQc,betweenness,1,node+edge+subgraph,1,raw,0.9163919413751233,62,6.150247409840588
ca-GrQc,betweenness,1,node+edge+subgraph,2,raw,0.9175580695684847,62,6.150247409840588
ca-GrQc,betweenness,1,node+edge+subgraph,3,raw,0.9182415326240427,62,6.150247409840588
ca-GrQc,betweenness,1,node+edge+subgraph,4,raw,0.9177213086073348,62,6.150247409840588
ca-GrQc,betweenness,1,node+edge+subgraph,5,raw,0.91826243668624,62,6.150247409840588
ca-GrQc,betweenness,1,node+edge+subgraph,6,raw,0.9188044925158632,62,6.150247409840588
ca-GrQc,betweenness,1,node+edge+subgraph,7,raw,0.9175887484386052,62,6.150247409840588
ca-GrQc,betweenness,1,node+edge+subgraph,8,raw,0.9191405699451248,62,6.150247409840588
ca-GrQc,betweenness,1,node+edge+subgraph,9,raw,0.918335934822769,62,6.150247409840588
ca-GrQc,betweenness,1,node+edge+subgraph,0,log1p,0.9211150437702076,62,6.150247409840588
ca-GrQc,betweenness,1,node+edge+subgraph,1,log1p,0.9180033570945239,62,6.150247409840588
ca-GrQc,betweenness,1,node+edge+subgraph,2,log1p,0.9199980698446877,62,6.150247409840588
ca-GrQc,betweenness,1,node+edge+subgraph,3,log1p,0.9201820120168522,62,6.150247409840588
ca-GrQc,betweenness,1,node+edge+subgraph,4,log1p,0.9190082138318165,62,6.150247409840588
ca-GrQc,betweenness,1,node+edge+subgraph,5,log1p,0.9203467312721054,62,6.150247409840588
ca-GrQc,betweenness,1,node+edge+subgraph,6,log1p,0.9220155386745522,62,6.150247409840588
ca-GrQc,betweenness,1,node+edge+subgraph,7,log1p,0.9191767196072103,62,6.150247409840588
ca-GrQc,betweenness,1,node+edge+subgraph,8,log1p,0.9197403660994142,62,6.150247409840588
ca-GrQc,betweenness,1,node+edge+subgraph,9,log1p,0.9206158373861301,62,6.150247409840588
ca-GrQc,betweenness,2,node+edge+subgraph,0,raw,0.9220376798561933,144,6.150247409840588
ca-GrQc,betweenness,2,node+edge+subgraph,1,raw,0.9208002401140368,144,6.150247409840588
ca-GrQc,betweenness,2,node+edge+subgraph,2,raw,0.9205761439982795,144,6.150247409840588
ca-GrQc,betweenness,2,node+edge+subgraph,3,raw,0.9220839202770483,144,6.150247409840588
ca-GrQc,betweenness,2,node+edge+subgraph,4,raw,0.9210296967374078,144,6.150247409840588
ca-GrQc,betweenness,2,node+edge+subgraph,5,raw,0.9212847320135197,144,6.150247409840588
ca-GrQc,betweenness,2,node+edge+subgraph,6,raw,0.9217987457056898,144,6.150247409840588
ca-GrQc,betweenness,2,node+edge+subgraph,7,raw,0.9199570862932376,144,6.150247409840588
ca-GrQc,betweenness,2,node+edge+subgraph,8,raw,0.921757383047844,144,6.150247409840588
ca-GrQc,betweenness,2,node+edge+subgraph,9,raw,0.9228033409836123,144,6.150247409840588
ca-GrQc,betweenness,2,node+edge+subgraph,0,log1p,0.9288384408466656,144,6.150247409840588
ca-GrQc,betweenness,2,node+edge+subgraph,1,log1p,0.9279043350038592,144,6.150247409840588
ca-GrQc,betweenness,2,node+edge+subgraph,2,log1p,0.9301191878568119,144,6.150247409840588
ca-GrQc,betweenness,2,node+edge+subgraph,3,log1p,0.9295796658828168,144,6.150247409840588
ca-GrQc,betweenness,2,node+edge+subgraph,4,log1p,0.9284350469946828,144,6.150247409840588
ca-GrQc,betweenness,2,node+edge+subgraph,5,log1p,0.9284288298523738,144,6.150247409840588
ca-GrQc,betweenness,2,node+edge+subgraph,6,log1p,0.9313362016071587,144,6.150247409840588
ca-GrQc,betweenness,2,node+edge+subgraph,7,log1p,0.9270318841603201,144,6.150247409840588
ca-GrQc,betweenness,2,node+edge+subgraph,8,log1p,0.9280843823130639,144,6.150247409840588
ca-GrQc,betweenness,2,node+edge+subgraph,9,log1p,0.9285940282478462,144,6.150247409840588
ca-GrQc,betweenness,3,node+edge+subgraph,0,raw,0.9241086890061202,168,6.150247409840588
ca-GrQc,betweenness,3,node+edge+subgraph,1,raw,0.9208367552609298,168,6.150247409840588
ca-GrQc,betweenness,3,node+edge+subgraph,2,raw,0.9209385472026907,168,6.150247409840588
ca-GrQc,betweenness,3,node+edge+subgraph,3,raw,0.922289771148177,168,6.150247409840588
ca-GrQc,betweenness,3,node+edge+subgraph,4,raw,0.9206287770352048,168,6.150247409840588
ca-GrQc,betweenness,3,node+edge+subgraph,5,raw,0.9204776637574156,168,6.150247409840588
ca-GrQc,betweenness,3,node+edge+subgraph,6,raw,0.9222489458577379,168,6.150247409840588
ca-GrQc,betweenness,3,node+edge+subgraph,7,raw,0.9201034795804698,168,6.150247409840588
ca-GrQc,betweenness,3,node+edge+subgraph,8,raw,0.9201087665999182,168,6.150247409840588
ca-GrQc,betweenness,3,node+edge+subgraph,9,raw,0.9212025941674626,168,6.150247409840588
ca-GrQc,betweenness,3,node+edge+subgraph,0,log1p,0.9296284439218205,168,6.150247409840588
ca-GrQc,betweenness,3,node+edge+subgraph,1,log1p,0.9284737390519328,168,6.150247409840588
ca-GrQc,betweenness,3,node+edge+subgraph,2,log1p,0.9286674751269609,168,6.150247409840588
ca-GrQc,betweenness,3,node+edge+subgraph,3,log1p,0.9291988407665737,168,6.150247409840588
ca-GrQc,betweenness,3,node+edge+subgraph,4,log1p,0.9278920432689192,168,6.150247409840588
ca-GrQc,betweenness,3,node+edge+subgraph,5,log1p,0.9273482596468433,168,6.150247409840588
ca-GrQc,betweenness,3,node+edge+subgraph,6,log1p,0.9308066543583888,168,6.150247409840588
ca-GrQc,betweenness,3,node+edge+subgraph,7,log1p,0.9262272465000172,168,6.150247409840588
ca-GrQc,betweenness,3,node+edge+subgraph,8,log1p,0.9264033590699928,168,6.150247409840588
ca-GrQc,betweenness,3,node+edge+subgraph,9,log1p,0.9285143990282166,168,6.150247409840588
ca-GrQc,spread_mean,0,node+edge+subgraph,0,raw,0.7809055546326367,2,6.999132083371501
ca-GrQc,spread_mean,0,node+edge+subgraph,1,raw,0.7787514610128716,2,6.999132083371501
ca-GrQc,spread_mean,0,node+edge+subgraph,2,raw,0.7829781961213644,2,6.999132083371501
ca-GrQc,spread_mean,0,node+edge+subgraph,3,raw,0.7818992216411518,2,6.999132083371501
ca-GrQc,spread_mean,0,node+edge+subgraph,4,raw,0.7822588575861275,2,6.999132083371501
ca-GrQc,spread_mean,0,node+edge+subgraph,5,raw,0.7819915501245116,2,6.999132083371501
ca-GrQc,spread_mean,0,node+edge+subgraph,6,raw,0.7810344343822223,2,6.999132083371501
ca-GrQc,spread_mean,0,node+edge+subgraph,7,raw,0.7778982990273096,2,6.999132083371501
ca-GrQc,spread_mean,0,node+edge+subgraph,8,raw,0.7815324897576011,2,6.999132083371501
ca-GrQc,spread_mean,0,node+edge+subgraph,9,raw,0.7778389501874885,2,6.999132083371501
ca-GrQc,spread_mean,0,node+edge+subgraph,0,log1p,0.7804610594711778,2,6.999132083371501
ca-GrQc,spread_mean,0,node+edge+subgraph,1,log1p,0.780844720968947,2,6.999132083371501
ca-GrQc,spread_mean,0,node+edge+subgraph,2,log1p,0.7828059079564018,2,6.999132083371501
ca-GrQc,spread_mean,0,node+edge+subgraph,3,log1p,0.7824940074680568,2,6.999132083371501
ca-GrQc,spread_mean,0,node+edge+subgraph,4,log1p,0.7824440126809566,2,6.999132083371501
ca-GrQc,spread_mean,0,node+edge+subgraph,5,log1p,0.7828005182814601,2,6.999132083371501
ca-GrQc,spread_mean,0,node+edge+subgraph,6,log1p,0.7812933164863874,2,6.999132083371501
ca-GrQc,spread_mean,0,node+edge+subgraph,7,log1p,0.7785225940624221,2,6.999132083371501
ca-GrQc,spread_mean,0,node+edge+subgraph,8,log1p,0.7825118715263583,2,6.999132083371501
ca-GrQc,spread_mean,0,node+edge+subgraph,9,log1p,0.778088003889181,2,6.999132083371501
ca-GrQc,spread_mean,1,node+edge+subgraph,0,raw,0.9206914883458671,62,6.999132083371501
ca-GrQc,spread_mean,1,node+edge+subgraph,1,raw,0.9209969947749896,62,6.999132083371501
ca-GrQc,spread_mean,1,node+edge+subgraph,2,raw,0.9218053383365225,62,6.999132083371501
ca-GrQc,spread_mean,1,node+edge+subgraph,3,raw,0.9199854162316207,62,6.999132083371501
ca-GrQc,spread_mean,1,node+edge+subgraph,4,raw,0.9215282138065861,62,6.999132083371501
ca-GrQc,spread_mean,1,node+edge+subgraph,5,raw,0.92025376687792,62,6.999132083371501
ca-GrQc,spread_mean,1,node+edge+subgraph,6,raw,0.9202378899250314,62,6.999132083371501
ca-GrQc,spread_mean,1,node+edge+subgraph,7,raw,0.9196782496849107,62,6.999132083371501
ca-GrQc,spread_mean,1,node+edge+subgraph,8,raw,0.9202812844190807,62,6.999132083371501
ca-GrQc,spread_mean,1,node+edge+subgraph,9,raw,0.9215066404626255,62,6.999132083371501
ca-GrQc,spread_mean,1,node+edge+subgraph,0,log1p,0.9208266279642926,62,6.999132083371501
ca-GrQc,spread_mean,1,node+edge+subgraph,1,log1p,0.9212484139019517,62,6.999132083371501
ca-GrQc,spread_mean,1,node+edge+subgraph,2,log1p,0.9215209186624319,62,6.999132083371501
ca-GrQc,spread_mean,1,node+edge+subgraph,3,log1p,0.9194844275300841,62,6.999132083371501
ca-GrQc,spread_mean,1,node+edge+subgraph,4,log1p,0.9213050380553137,62,6.999132083371501
ca-GrQc,spread_mean,1,node+edge+subgraph,5,log1p,0.9204864346651005,62,6.999132083371501
ca-GrQc,spread_mean,1,node+edge+subgraph,6,log1p,0.9208844981638523,62,6.999132083371501
ca-GrQc,spread_mean,1,node+edge+subgraph,7,log1p,0.919757764356487,62,6.999132083371501
ca-GrQc,spread_mean,1,node+edge+subgraph,8,log1p,0.9207612060270147,62,6.999132083371501
ca-GrQc,spread_mean,1,node+edge+subgraph,9,log1p,0.921246885015817,62,6.999132083371501
ca-GrQc,spread_mean,2,node+edge+subgraph,0,raw,0.9409498708859083,144,6.999132083371501
ca-GrQc,spread_mean,2,node+edge+subgraph,1,raw,0.9413639062491984,144,6.999132083371501
ca-GrQc,spread_mean,2,node+edge+subgraph,2,raw,0.9420189151679391,144,6.999132083371501
ca-GrQc,spread_mean,2,node+edge+subgraph,3,raw,0.9410510057482768,144,6.999132083371501
ca-GrQc,spread_mean,2,node+edge+subgraph,4,raw,0.9418430099019829,144,6.999132083371501
ca-GrQc,spread_mean,2,node+edge+subgraph,5,raw,0.941752558356324,144,6.999132083371501
ca-GrQc,spread_mean,2,node+edge+subgraph,6,raw,0.941923119629612,144,6.999132083371501
ca-GrQc,spread_mean,2,node+edge+subgraph,7,raw,0.9412141252425954,144,6.999132083371501
ca-GrQc,spread_mean,2,node+edge+subgraph,8,raw,0.941669747268879,144,6.999132083371501
ca-GrQc,spread_mean,2,node+edge+subgraph,9,raw,0.9421837983380684,144,6.999132083371501
ca-GrQc,spread_mean,2,node+edge+subgraph,0,log1p,0.9413746567977829,144,6.999132083371501
ca-GrQc,spread_mean,2,node+edge+subgraph,1,log1p,0.9414039540578645,144,6.999132083371501
ca-GrQc,spread_mean,2,node+edge+subgraph,2,log1p,0.9419360415960017,144,6.999132083371501
ca-GrQc,spread_mean,2,node+edge+subgraph,3,log1p,0.9412202253855875,144,6.999132083371501
ca-GrQc,spread_mean,2,node+edge+subgraph,4,log1p,0.9424444223377578,144,6.999132083371501
ca-GrQc,spread_mean,2,node+edge+subgraph,5,log1p,0.9416613510868915,144,6.999132083371501
ca-GrQc,spread_mean,2,node+edge+subgraph,6,log1p,0.9418937203082908,144,6.999132083371501
ca-GrQc,spread_mean,2,node+edge+subgraph,7,log1p,0.9413601955905284,144,6.999132083371501
ca-GrQc,spread_mean,2,node+edge+subgraph,8,log1p,0.941561872156893,144,6.999132083371501
ca-GrQc,spread_mean,2,node+edge+subgraph,9,log1p,0.9420388851982403,144,6.999132083371501
ca-GrQc,spread_mean,3,node+edge+subgraph,0,raw,0.9436680071159862,168,6.999132083371501
ca-GrQc,spread_mean,3,node+edge+subgraph,1,raw,0.9439344518985143,168,6.999132083371501
ca-GrQc,spread_mean,3,node+edge+subgraph,2,raw,0.9443727133622164,168,6.999132083371501
ca-GrQc,spread_mean,3,node+edge+subgraph,3,raw,0.9437346937522609,168,6.999132083371501
ca-GrQc,spread_mean,3,node+edge+subgraph,4,raw,0.9443473651886092,168,6.999132083371501
ca-GrQc,spread_mean,3,node+edge+subgraph,5,raw,0.9439757974161406,168,6.999132083371501
ca-GrQc,spread_mean,3,node+edge+subgraph,6,raw,0.9445078391131587,168,6.999132083371501
ca-GrQc,spread_mean,3,node+edge+subgraph,7,raw,0.9436294988908315,168,6.999132083371501
ca-GrQc,spread_mean,3,node+edge+subgraph,8,raw,0.9440662750357932,168,6.999132083371501
ca-GrQc,spread_mean,3,node+edge+subgraph,9,raw,0.944822357359412,168,6.999132083371501
ca-GrQc,spread_mean,3,node+edge+subgraph,0,log1p,0.9442559932702524,168,6.999132083371501
ca-GrQc,spread_mean,3,node+edge+subgraph,1,log1p,0.9445423443813229,168,6.999132083371501
ca-GrQc,spread_mean,3,node+edge+subgraph,2,log1p,0.9446331398033868,168,6.999132083371501
ca-GrQc,spread_mean,3,node+edge+subgraph,3,log1p,0.944159246969548,168,6.999132083371501
ca-GrQc,spread_mean,3,node+edge+subgraph,4,log1p,0.9447832611785858,168,6.999132083371501
ca-GrQc,spread_mean,3,node+edge+subgraph,5,log1p,0.9443070600026382,168,6.999132083371501
ca-GrQc,spread_mean,3,node+edge+subgraph,6,log1p,0.9448634084256188,168,6.999132083371501
ca-GrQc,spread_mean,3,node+edge+subgraph,7,log1p,0.9436218597209696,168,6.999132083371501
ca-GrQc,spread_mean,3,node+edge+subgraph,8,log1p,0.9441658163271953,168,6.999132083371501
ca-GrQc,spread_mean,3,node+edge+subgraph,9,log1p,0.9450686630142221,168,6.999132083371501
ca-HepTh,betweenness,0,node+edge+subgraph,0,raw,0.6613323403675373,2,6.949874061764126
ca-HepTh,betweenness,0,node+edge+subgraph,1,raw,0.6602000069459174,2,6.949874061764126
ca-HepTh,betweenness,0,node+edge+subgraph,2,raw,0.660974973452914,2,6.949874061764126
ca-HepTh,betweenness,0,node+edge+subgraph,3,raw,0.6605875822623632,2,6.949874061764126
ca-HepTh,betweenness,0,node+edge+subgraph,4,raw,0.6608054668848892,2,6.949874061764126
ca-HepTh,betweenness,0,node+edge+subgraph,5,raw,0.6624082977501019,2,6.949874061764126
ca-HepTh,betweenness,0,node+edge+subgraph,6,raw,0.6608500464738655,2,6.949874061764126
ca-HepTh,betweenness,0,node+edge+subgraph,7,raw,0.6620609099607606,2,6.949874061764126
ca-HepTh,betweenness,0,node+edge+subgraph,8,raw,0.660404479681563,2,6.949874061764126
ca-HepTh,betweenness,0,node+edge+subgraph,9,raw,0.6617446094155199,2,6.949874061764126
ca-HepTh,betweenness,0,node+edge+subgraph,0,log1p,0.6613276319734379,2,6.949874061764126
ca-HepTh,betweenness,0,node+edge+subgraph,1,log1p,0.6607120246820605,2,6.949874061764126
ca-HepTh,betweenness,0,node+edge+subgraph,2,log1p,0.6602636272452802,2,6.949874061764126
ca-HepTh,betweenness,0,node+edge+subgraph,3,log1p,0.6607604745470876,2,6.949874061764126
ca-HepTh,betweenness,0,node+edge+subgraph,4,log1p,0.6610749164994245,2,6.949874061764126
ca-HepTh,betweenness,0,node+edge+subgraph,5,log1p,0.6620960965056105,2,6.949874061764126
ca-HepTh,betweenness,0,node+edge+subgraph,6,log1p,0.6603055644935872,2,6.949874061764126
ca-HepTh,betweenness,0,node+edge+subgraph,7,log1p,0.6617838023597685,2,6.949874061764126
ca-HepTh,betweenness,0,node+edge+subgraph,8,log1p,0.6608825391794138,2,6.949874061764126
ca-HepTh,betweenness,0,node+edge+subgraph,9,log1p,0.6617763133635026,2,6.949874061764126
ca-HepTh,betweenness,1,node+edge+subgraph,0,raw,0.8995017737625204,62,6.949874061764126
ca-HepTh,betweenness,1,node+edge+subgraph,1,raw,0.8979580238853289,62,6.949874061764126
ca-HepTh,betweenness,1,node+edge+subgraph,2,raw,0.8993988190929453,62,6.949874061764126
ca-HepTh,betweenness,1,node+edge+subgraph,3,raw,0.899388840726276,62,6.949874061764126
ca-HepTh,betweenness,1,node+edge+subgraph,4,raw,0.8989356306192163,62,6.949874061764126
ca-HepTh,betweenness,1,node+edge+subgraph,5,raw,0.8994946794392901,62,6.949874061764126
ca-HepTh,betweenness,1,node+edge+subgraph,6,raw,0.8983110571275632,62,6.949874061764126
ca-HepTh,betweenness,1,node+edge+subgraph,7,raw,0.8990511837181682,62,6.949874061764126
ca-HepTh,betweenness,1,node+edge+subgraph,8,raw,0.8988532987175103,62,6.949874061764126
ca-HepTh,betweenness,1,node+edge+subgraph,9,raw,0.8986835051693036,62,6.949874061764126
ca-HepTh,betweenness,1,node+edge+subgraph,0,log1p,0.9040937706995367,62,6.949874061764126
ca-HepTh,betweenness,1,node+edge+subgraph,1,log1p,0.9037167528929108,62,6.949874061764126
ca-HepTh,betweenness,1,node+edge+subgraph,2,log1p,0.9028246167002313,62,6.949874061764126
ca-HepTh,betweenness,1,node+edge+subgraph,3,log1p,0.9041756793957121,62,6.949874061764126
ca-HepTh,betweenness,1,node+edge+subgraph,4,log1p,0.9037483870143866,62,6.949874061764126
ca-HepTh,betweenness,1,node+edge+subgraph,5,log1p,0.9035048920471612,62,6.949874061764126
ca-HepTh,betweenness,1,node+edge+subgraph,6,log1p,0.902890982056001,62,6.949874061764126
ca-HepTh,betweenness,1,node+edge+subgraph,7,log1p,0.9034156054703077,62,6.949874061764126
ca-HepTh,betweenness,1,node+edge+subgraph,8,log1p,0.9037189957727895,62,6.949874061764126
ca-HepTh,betweenness,1,node+edge+subgraph,9,log1p,0.903365736337928,62,6.949874061764126
ca-HepTh,betweenness,2,node+edge+subgraph,0,raw,0.9151929524082035,144,6.949874061764126
ca-HepTh,betweenness,2,node+edge+subgraph,1,raw,0.9152378421768356,144,6.949874061764126
ca-HepTh,betweenness,2,node+edge+subgraph,2,raw,0.9155954028461436,144,6.949874061764126
ca-HepTh,betweenness,2,node+edge+subgraph,3,raw,0.9154469879556384,144,6.949874061764126
ca-HepTh,betweenness,2,node+edge+subgraph,4,raw,0.9153085261064392,144,6.949874061764126
ca-HepTh,betweenness,2,node+edge+subgraph,5,raw,0.9150731088524724,144,6.949874061764126
ca-HepTh,betweenness,2,node+edge+subgraph,6,raw,0.9148506867044292,144,6.949874061764126
ca-HepTh,betweenness,2,node+edge+subgraph,7,raw,0.9157260837706144,144,6.949874061764126
ca-HepTh,betweenness,2,node+edge+subgraph,8,raw,0.9155344615286619,144,6.949874061764126
ca-HepTh,betweenness,2,node+edge+subgraph,9,raw,0.9143941304403232,144,6.949874061764126
ca-HepTh,betweenness,2,node+edge+subgraph,0,log1p,0.9192337630699499,144,6.949874061764126
ca-HepTh,betweenness,2,node+edge+subgraph,1,log1p,0.9194316569966963,144,6.949874061764126
ca-HepTh,betweenness,2,node+edge+subgraph,2,log1p,0.9193644638720965,144,6.949874061764126
ca-HepTh,betweenness,2,node+edge+subgraph,3,log1p,0.9190923142347798,144,6.949874061764126
ca-HepTh,betweenness,2,node+edge+subgraph,4,log1p,0.9187301628845689,144,6.949874061764126
ca-HepTh,betweenness,2,node+edge+subgraph,5,log1p,0.9199461666231278,144,6.949874061764126
ca-HepTh,betweenness,2,node+edge+subgraph,6,log1p,0.9190965586912764,144,6.949874061764126
ca-HepTh,betweenness,2,node+edge+subgraph,7,log1p,0.9192209133548641,144,6.949874061764126
ca-HepTh,betweenness,2,node+edge+subgraph,8,log1p,0.9197250757428233,144,6.949874061764126
ca-HepTh,betweenness,2,node+edge+subgraph,9,log1p,0.9188666159269514,144,6.949874061764126
ca-HepTh,betweenness,3,node+edge+subgraph,0,raw,0.9163934114767233,168,6.949874061764126
ca-HepTh,betweenness,3,node+edge+subgraph,1,raw,0.9157995885820148,168,6.949874061764126
ca-HepTh,betweenness,3,node+edge+subgraph,2,raw,0.9159034634572835,168,6.949874061764126
ca-HepTh,betweenness,3,node+edge+subgraph,3,raw,0.9163577678911686,168,6.949874061764126
ca-HepTh,betweenness,3,node+edge+subgraph,4,raw,0.9153639876589734,168,6.949874061764126
ca-HepTh,betweenness,3,node+edge+subgraph,5,raw,0.9164853501253557,168,6.949874061764126
ca-HepTh,betweenness,3,node+edge+subgraph,6,raw,0.9158131082038842,168,6.949874061764126
ca-HepTh,betweenness,3,node+edge+subgraph,7,raw,0.9166405034403231,168,6.949874061764126
ca-HepTh,betweenness,3,node+edge+subgraph,8,raw,0.9167799883848023,168,6.949874061764126
ca-HepTh,betweenness,3,node+edge+subgraph,9,raw,0.9157320687474334,168,6.949874061764126
ca-HepTh,betweenness,3,node+edge+subgraph,0,log1p,0.9195534201887988,168,6.949874061764126
ca-HepTh,betweenness,3,node+edge+subgraph,1,log1p,0.9202862983942044,168,6.949874061764126
ca-HepTh,betweenness,3,node+edge+subgraph,2,log1p,0.9200441567484257,168,6.949874061764126
ca-HepTh,betweenness,3,node+edge+subgraph,3,log1p,0.9196016781041716,168,6.949874061764126
ca-HepTh,betweenness,3,node+edge+subgraph,4,log1p,0.91973423093832,168,6.949874061764126
ca-HepTh,betweenness,3,node+edge+subgraph,5,log1p,0.9202439423418441,168,6.949874061764126
ca-HepTh,betweenness,3,node+edge+subgraph,6,log1p,0.9195380049346797,168,6.949874061764126
ca-HepTh,betweenness,3,node+edge+subgraph,7,log1p,0.9203038757108374,168,6.949874061764126
ca-HepTh,betweenness,3,node+edge+subgraph,8,log1p,0.9200762828505389,168,6.949874061764126
ca-HepTh,betweenness,3,node+edge+subgraph,9,log1p,0.9199498079642321,168,6.949874061764126
ca-HepTh,spread_mean,0,node+edge+subgraph,0,raw,0.7229330324036256,2,4.868351072592601
ca-HepTh,spread_mean,0,node+edge+subgraph,1,raw,0.7222766576001541,2,4.868351072592601
ca-HepTh,spread_mean,0,node+edge+subgraph,2,raw,0.7239620086743411,2,4.868351072592601
ca-HepTh,spread_mean,0,node+edge+subgraph,3,raw,0.722920808715034,2,4.868351072592601
ca-HepTh,spread_mean,0,node+edge+subgraph,4,raw,0.7223801559324792,2,4.868351072592601
ca-HepTh,spread_mean,0,node+edge+subgraph,5,raw,0.7221110147977999,2,4.868351072592601
ca-HepTh,spread_mean,0,node+edge+subgraph,6,raw,0.7235769533356688,2,4.868351072592601
ca-HepTh,spread_mean,0,node+edge+subgraph,7,raw,0.7221939931092237,2,4.868351072592601
ca-HepTh,spread_mean,0,node+edge+subgraph,8,raw,0.721852097276703,2,4.868351072592601
ca-HepTh,spread_mean,0,node+edge+subgraph,9,raw,0.7233147112034104,2,4.868351072592601
ca-HepTh,spread_mean,0,node+edge+subgraph,0,log1p,0.7229289110254569,2,4.868351072592601
ca-HepTh,spread_mean,0,node+edge+subgraph,1,log1p,0.7223165696877257,2,4.868351072592601
ca-HepTh,spread_mean,0,node+edge+subgraph,2,log1p,0.7237673809085791,2,4.868351072592601
ca-HepTh,spread_mean,0,node+edge+subgraph,3,log1p,0.7227058447326798,2,4.868351072592601
ca-HepTh,spread_mean,0,node+edge+subgraph,4,log1p,0.7223842231480043,2,4.868351072592601
ca-HepTh,spread_mean,0,node+edge+subgraph,5,log1p,0.7219773944597173,2,4.868351072592601
ca-HepTh,spread_mean,0,node+edge+subgraph,6,log1p,0.7234992976750806,2,4.868351072592601
ca-HepTh,spread_mean,0,node+edge+subgraph,7,log1p,0.7222227890646222,2,4.868351072592601
ca-HepTh,spread_mean,0,node+edge+subgraph,8,log1p,0.7218438545518917,2,4.868351072592601
ca-HepTh,spread_mean,0,node+edge+subgraph,9,log1p,0.7230854811262762,2,4.868351072592601
ca-HepTh,spread_mean,1,node+edge+subgraph,0,raw,0.9008405370646503,62,4.868351072592601
ca-HepTh,spread_mean,1,node+edge+subgraph,1,raw,0.9013390948568296,62,4.868351072592601
ca-HepTh,spread_mean,1,node+edge+subgraph,2,raw,0.9016019290821816,62,4.868351072592601
ca-HepTh,spread_mean,1,node+edge+subgraph,3,raw,0.901205112296237,62,4.868351072592601
ca-HepTh,spread_mean,1,node+edge+subgraph,4,raw,0.9015580177419713,62,4.868351072592601
ca-HepTh,spread_mean,1,node+edge+subgraph,5,raw,0.901594048956444,62,4.868351072592601
ca-HepTh,spread_mean,1,node+edge+subgraph,6,raw,0.9008034457973427,62,4.868351072592601
ca-HepTh,spread_mean,1,node+edge+subgraph,7,raw,0.9009985024363742,62,4.868351072592601
ca-HepTh,spread_mean,1,node+edge+subgraph,8,raw,0.901060403116515,62,4.868351072592601
ca-HepTh,spread_mean,1,node+edge+subgraph,9,raw,0.9012728681351364,62,4.868351072592601
ca-HepTh,spread_mean,1,node+edge+subgraph,0,log1p,0.9009100365318232,62,4.868351072592601
ca-HepTh,spread_mean,1,node+edge+subgraph,1,log1p,0.9015794087161694,62,4.868351072592601
ca-HepTh,spread_mean,1,node+edge+subgraph,2,log1p,0.9019011090444304,62,4.868351072592601
ca-HepTh,spread_mean,1,node+edge+subgraph,3,log1p,0.9016027650157736,62,4.868351072592601
ca-HepTh,spread_mean,1,node+edge+subgraph,4,log1p,0.9017885565703105,62,4.868351072592601
ca-HepTh,spread_mean,1,node+edge+subgraph,5,log1p,0.9016749172535987,62,4.868351072592601
ca-HepTh,spread_mean,1,node+edge+subgraph,6,log1p,0.900894610131437,62,4.868351072592601
ca-HepTh,spread_mean,1,node+edge+subgraph,7,log1p,0.9011534576137964,62,4.868351072592601
ca-HepTh,spread_mean,1,node+edge+subgraph,8,log1p,0.9015274378830145,62,4.868351072592601
ca-HepTh,spread_mean,1,node+edge+subgraph,9,log1p,0.90158840391981,62,4.868351072592601
ca-HepTh,spread_mean,2,node+edge+subgraph,0,raw,0.9458255669206734,144,4.868351072592601
ca-HepTh,spread_mean,2,node+edge+subgraph,1,raw,0.9460468326887093,144,4.868351072592601
ca-HepTh,spread_mean,2,node+edge+subgraph,2,raw,0.9459168926109274,144,4.868351072592601
ca-HepTh,spread_mean,2,node+edge+subgraph,3,raw,0.9460099022683326,144,4.868351072592601
ca-HepTh,spread_mean,2,node+edge+subgraph,4,raw,0.9463276109772438,144,4.868351072592601
ca-HepTh,spread_mean,2,node+edge+subgraph,5,raw,0.9461359464839192,144,4.868351072592601
ca-HepTh,spread_mean,2,node+edge+subgraph,6,raw,0.9462954576249007,144,4.868351072592601
ca-HepTh,spread_mean,2,node+edge+subgraph,7,raw,0.9459140803579238,144,4.868351072592601
ca-HepTh,spread_mean,2,node+edge+subgraph,8,raw,0.9458444678724756,144,4.868351072592601
ca-HepTh,spread_mean,2,node+edge+subgraph,9,raw,0.9461948593837575,144,4.868351072592601
ca-HepTh,spread_mean,2,node+edge+subgraph,0,log1p,0.9461475139670731,144,4.868351072592601
ca-HepTh,spread_mean,2,node+edge+subgraph,1,log1p,0.9460069378472358,144,4.868351072592601
ca-HepTh,spread_mean,2,node+edge+subgraph,2,log1p,0.9459302303783658,144,4.868351072592601
ca-HepTh,spread_mean,2,node+edge+subgraph,3,log1p,0.9460573578359077,144,4.868351072592601
ca-HepTh,spread_mean,2,node+edge+subgraph,4,log1p,0.9464346406605348,144,4.868351072592601
ca-HepTh,spread_mean,2,node+edge+subgraph,5,log1p,0.9462110047664526,144,4.868351072592601
ca-HepTh,spread_mean,2,node+edge+subgraph,6,log1p,0.9462006537886126,144,4.868351072592601
ca-HepTh,spread_mean,2,node+edge+subgraph,7,log1p,0.9460299040570789,144,4.868351072592601
ca-HepTh,spread_mean,2,node+edge+subgraph,8,log1p,0.9458749788589358,144,4.868351072592601
ca-HepTh,spread_mean,2,node+edge+subgraph,9,log1p,0.9462870357665745,144,4.868351072592601
ca-HepTh,spread_mean,3,node+edge+subgraph,0,raw,0.95041044797948,168,4.868351072592601
ca-HepTh,spread_mean,3,node+edge+subgraph,1,raw,0.950658574709477,168,4.868351072592601
ca-HepTh,spread_mean,3,node+edge+subgraph,2,raw,0.9508797239452786,168,4.868351072592601
ca-HepTh,spread_mean,3,node+edge+subgraph,3,raw,0.9509653847253908,168,4.868351072592601
ca-HepTh,spread_mean,3,node+edge+subgraph,4,raw,0.9510320988739659,168,4.868351072592601
ca-HepTh,spread_mean,3,node+edge+subgraph,5,raw,0.9509295243153217,168,4.868351072592601
ca-HepTh,spread_mean,3,node+edge+subgraph,6,raw,0.9511249836708632,168,4.868351072592601
ca-HepTh,spread_mean,3,node+edge+subgraph,7,raw,0.9508347443015873,168,4.868351072592601
ca-HepTh,spread_mean,3,node+edge+subgraph,8,raw,0.9505026109720022,168,4.868351072592601
ca-HepTh,spread_mean,3,node+edge+subgraph,9,raw,0.9505956980750391,168,4.868351072592601
ca-HepTh,spread_mean,3,node+edge+subgraph,0,log1p,0.9508401891130157,168,4.868351072592601
ca-HepTh,spread_mean,3,node+edge+subgraph,1,log1p,0.9509346210481601,168,4.868351072592601
ca-HepTh,spread_mean,3,node+edge+subgraph,2,log1p,0.9509659481887727,168,4.868351072592601
ca-HepTh,spread_mean,3,node+edge+subgraph,3,log1p,0.9511747788582392,168,4.868351072592601
ca-HepTh,spread_mean,3,node+edge+subgraph,4,log1p,0.9512048154433831,168,4.868351072592601
ca-HepTh,spread_mean,3,node+edge+subgraph,5,log1p,0.9509734267163173,168,4.868351072592601
ca-HepTh,spread_mean,3,node+edge+subgraph,6,log1p,0.951230994435057,168,4.868351072592601
ca-HepTh,spread_mean,3,node+edge+subgraph,7,log1p,0.9510373283381492,168,4.868351072592601
ca-HepTh,spread_mean,3,node+edge+subgraph,8,log1p,0.950675863845354,168,4.868351072592601
ca-HepTh,spread_mean,3,node+edge+subgraph,9,log1p,0.9509549657803421,168,4.868351072592601
email-Eu-core,betweenness,0,node+edge+subgraph,0,raw,0.7433305282930307,2,9.727161282084747
email-Eu-core,betweenness,0,node+edge+subgraph,1,raw,0.7455284745729901,2,9.727161282084747
email-Eu-core,betweenness,0,node+edge+subgraph,2,raw,0.7448414296914242,2,9.727161282084747
email-Eu-core,betweenness,0,node+edge+subgraph,3,raw,0.7359374896238038,2,9.727161282084747
email-Eu-core,betweenness,0,node+edge+subgraph,4,raw,0.7396988799173521,2,9.727161282084747
email-Eu-core,betweenness,0,node+edge+subgraph,5,raw,0.7421706803556174,2,9.727161282084747
email-Eu-core,betweenness,0,node+edge+subgraph,6,raw,0.7419773621128196,2,9.727161282084747
email-Eu-core,betweenness,0,node+edge+subgraph,7,raw,0.74743772006827,2,9.727161282084747
email-Eu-core,betweenness,0,node+edge+subgraph,8,raw,0.7415141908143169,2,9.727161282084747
email-Eu-core,betweenness,0,node+edge+subgraph,9,raw,0.7468237028738668,2,9.727161282084747
email-Eu-core,betweenness,0,node+edge+subgraph,0,log1p,0.7840808309380904,2,9.727161282084747
email-Eu-core,betweenness,0,node+edge+subgraph,1,log1p,0.7824487911617833,2,9.727161282084747
email-Eu-core,betweenness,0,node+edge+subgraph,2,log1p,0.7863398985820581,2,9.727161282084747
email-Eu-core,betweenness,0,node+edge+subgraph,3,log1p,0.7797498284859244,2,9.727161282084747
email-Eu-core,betweenness,0,node+edge+subgraph,4,log1p,0.7850744483945072,2,9.727161282084747
email-Eu-core,betweenness,0,node+edge+subgraph,5,log1p,0.7812885640850515,2,9.727161282084747
email-Eu-core,betweenness,0,node+edge+subgraph,6,log1p,0.781659781518336,2,9.727161282084747
email-Eu-core,betweenness,0,node+edge+subgraph,7,log1p,0.7839008043675117,2,9.727161282084747
email-Eu-core,betweenness,0,node+edge+subgraph,8,log1p,0.782234946489235,2,9.727161282084747
email-Eu-core,betweenness,0,node+edge+subgraph,9,log1p,0.7841655378009221,2,9.727161282084747
email-Eu-core,betweenness,1,node+edge+subgraph,0,raw,0.8999593072233798,62,9.727161282084747
email-Eu-core,betweenness,1,node+edge+subgraph,1,raw,0.9010898030387412,62,9.727161282084747
email-Eu-core,betweenness,1,node+edge+subgraph,2,raw,0.8994295572149499,62,9.727161282084747
email-Eu-core,betweenness,1,node+edge+subgraph,3,raw,0.896367161482436,62,9.727161282084747
email-Eu-core,betweenness,1,node+edge+subgraph,4,raw,0.8977653955730193,62,9.727161282084747
email-Eu-core,betweenness,1,node+edge+subgraph,5,raw,0.9006450054758818,62,9.727161282084747
email-Eu-core,betweenness,1,node+edge+subgraph,6,raw,0.8967042516765708,62,9.727161282084747
email-Eu-core,betweenness,1,node+edge+subgraph,7,raw,0.896693070494329,62,9.727161282084747
email-Eu-core,betweenness,1,node+edge+subgraph,8,raw,0.8945030905251344,62,9.727161282084747
email-Eu-core,betweenness,1,node+edge+subgraph,9,raw,0.9012173178604963,62,9.727161282084747
email-Eu-core,betweenness,1,node+edge+subgraph,0,log1p,0.9097468364655003,62,9.727161282084747
email-Eu-core,betweenness,1,node+edge+subgraph,1,log1p,0.9074058282614842,62,9.727161282084747
email-Eu-core,betweenness,1,node+edge+subgraph,2,log1p,0.9087982926804535,62,9.727161282084747
email-Eu-core,betweenness,1,node+edge+subgraph,3,log1p,0.9065211573623998,62,9.727161282084747
email-Eu-core,betweenness,1,node+edge+subgraph,4,log1p,0.9058152089299666,62,9.727161282084747
email-Eu-core,betweenness,1,node+edge+subgraph,5,log1p,0.9094325588246018,62,9.727161282084747
email-Eu-core,betweenness,1,node+edge+subgraph,6,log1p,0.9096950282657779,62,9.727161282084747
email-Eu-core,betweenness,1,node+edge+subgraph,7,log1p,0.9053740401936371,62,9.727161282084747
email-Eu-core,betweenness,1,node+edge+subgraph,8,log1p,0.9060007414955523,62,9.727161282084747
email-Eu-core,betweenness,1,node+edge+subgraph,9,log1p,0.9091775084856735,62,9.727161282084747
email-Eu-core,betweenness,2,node+edge+subgraph,0,raw,0.9058799749257949,144,9.727161282084747
email-Eu-core,betweenness,2,node+edge+subgraph,1,raw,0.9068068253699044,144,9.727161282084747
email-Eu-core,betweenness,2,node+edge+subgraph,2,raw,0.9051869296841089,144,9.727161282084747
email-Eu-core,betweenness,2,node+edge+subgraph,3,raw,0.9040516883019306,144,9.727161282084747
email-Eu-core,betweenness,2,node+edge+subgraph,4,raw,0.9012488531343085,144,9.727161282084747
email-Eu-core,betweenness,2,node+edge+subgraph,5,raw,0.9078846580763802,144,9.727161282084747
email-Eu-core,betweenness,2,node+edge+subgraph,6,raw,0.9039310188385447,144,9.727161282084747
email-Eu-core,betweenness,2,node+edge+subgraph,7,raw,0.9045467254789382,144,9.727161282084747
email-Eu-core,betweenness,2,node+edge+subgraph,8,raw,0.9020281853949312,144,9.727161282084747
email-Eu-core,betweenness,2,node+edge+subgraph,9,raw,0.9060529442969545,144,9.727161282084747
email-Eu-core,betweenness,2,node+edge+subgraph,0,log1p,0.9158049831178582,144,9.727161282084747
email-Eu-core,betweenness,2,node+edge+subgraph,1,log1p,0.9131498555392819,144,9.727161282084747
email-Eu-core,betweenness,2,node+edge+subgraph,2,log1p,0.9127827464194477,144,9.727161282084747
email-Eu-core,betweenness,2,node+edge+subgraph,3,log1p,0.9119332207310563,144,9.727161282084747
email-Eu-core,betweenness,2,node+edge+subgraph,4,log1p,0.9117008074979362,144,9.727161282084747
email-Eu-core,betweenness,2,node+edge+subgraph,5,log1p,0.9149288495514658,144,9.727161282084747
email-Eu-core,betweenness,2,node+edge+subgraph,6,log1p,0.9134043050820381,144,9.727161282084747
email-Eu-core,betweenness,2,node+edge+subgraph,7,log1p,0.9101490820042869,144,9.727161282084747
email-Eu-core,betweenness,2,node+edge+subgraph,8,log1p,0.9128194073524004,144,9.727161282084747
email-Eu-core,betweenness,2,node+edge+subgraph,9,log1p,0.9147148555749576,144,9.727161282084747
email-Eu-core,betweenness,3,node+edge+subgraph,0,raw,0.9059484616778736,168,9.727161282084747
email-Eu-core,betweenness,3,node+edge+subgraph,1,raw,0.9067858397175822,168,9.727161282084747
email-Eu-core,betweenness,3,node+edge+subgraph,2,raw,0.9044697413037258,168,9.727161282084747
email-Eu-core,betweenness,3,node+edge+subgraph,3,raw,0.9039277223183181,168,9.727161282084747
email-Eu-core,betweenness,3,node+edge+subgraph,4,raw,0.9000747466021021,168,9.727161282084747
email-Eu-core,betweenness,3,node+edge+subgraph,5,raw,0.9056070082132038,168,9.727161282084747
email-Eu-core,betweenness,3,node+edge+subgraph,6,raw,0.9021417642483811,168,9.727161282084747
email-Eu-core,betweenness,3,node+edge+subgraph,7,raw,0.9045663861335486,168,9.727161282084747
email-Eu-core,betweenness,3,node+edge+subgraph,8,raw,0.8994746951827898,168,9.727161282084747
email-Eu-core,betweenness,3,node+edge+subgraph,9,raw,0.9037928644796277,168,9.727161282084747
email-Eu-core,betweenness,3,node+edge+subgraph,0,log1p,0.9156428254104679,168,9.727161282084747
email-Eu-core,betweenness,3,node+edge+subgraph,1,log1p,0.9134752035725217,168,9.727161282084747
email-Eu-core,betweenness,3,node+edge+subgraph,2,log1p,0.9128293690437238,168,9.727161282084747
email-Eu-core,betweenness,3,node+edge+subgraph,3,log1p,0.9122383462624969,168,9.727161282084747
email-Eu-core,betweenness,3,node+edge+subgraph,4,log1p,0.9121040262281341,168,9.727161282084747
email-Eu-core,betweenness,3,node+edge+subgraph,5,log1p,0.915701640830612,168,9.727161282084747
email-Eu-core,betweenness,3,node+edge+subgraph,6,log1p,0.9131541942843839,168,9.727161282084747
email-Eu-core,betweenness,3,node+edge+subgraph,7,log1p,0.9106619391511239,168,9.727161282084747
email-Eu-core,betweenness,3,node+edge+subgraph,8,log1p,0.9131415378662557,168,9.727161282084747
email-Eu-core,betweenness,3,node+edge+subgraph,9,log1p,0.914588946921187,168,9.727161282084747
email-Eu-core,spread_mean,0,node+edge+subgraph,0,raw,0.8612077161020582,2,1.1818949366646503
email-Eu-core,spread_mean,0,node+edge+subgraph,1,raw,0.8620234598616295,2,1.1818949366646503
email-Eu-core,spread_mean,0,node+edge+subgraph,2,raw,0.862134509195151,2,1.1818949366646503
email-Eu-core,spread_mean,0,node+edge+subgraph,3,raw,0.8609569609433944,2,1.1818949366646503
email-Eu-core,spread_mean,0,node+edge+subgraph,4,raw,0.8631933602266723,2,1.1818949366646503
email-Eu-core,spread_mean,0,node+edge+subgraph,5,raw,0.860949065452639,2,1.1818949366646503
email-Eu-core,spread_mean,0,node+edge+subgraph,6,raw,0.8629912741745863,2,1.1818949366646503
email-Eu-core,spread_mean,0,node+edge+subgraph,7,raw,0.8612367803937284,2,1.1818949366646503
email-Eu-core,spread_mean,0,node+edge+subgraph,8,raw,0.8603051615376187,2,1.1818949366646503
email-Eu-core,spread_mean,0,node+edge+subgraph,9,raw,0.8639410766337344,2,1.1818949366646503
email-Eu-core,spread_mean,0,node+edge+subgraph,0,log1p,0.8607248051452399,2,1.1818949366646503
email-Eu-core,spread_mean,0,node+edge+subgraph,1,log1p,0.8612846168105567,2,1.1818949366646503
email-Eu-core,spread_mean,0,node+edge+subgraph,2,log1p,0.862353260111876,2,1.1818949366646503
email-Eu-core,spread_mean,0,node+edge+subgraph,3,log1p,0.8606061017103507,2,1.1818949366646503
email-Eu-core,spread_mean,0,node+edge+subgraph,4,log1p,0.8629527867021052,2,1.1818949366646503
email-Eu-core,spread_mean,0,node+edge+subgraph,5,log1p,0.8614897796376881,2,1.1818949366646503
email-Eu-core,spread_mean,0,node+edge+subgraph,6,log1p,0.8619211058967864,2,1.1818949366646503
email-Eu-core,spread_mean,0,node+edge+subgraph,7,log1p,0.8607001971273261,2,1.1818949366646503
email-Eu-core,spread_mean,0,node+edge+subgraph,8,log1p,0.8598511267257454,2,1.1818949366646503
email-Eu-core,spread_mean,0,node+edge+subgraph,9,log1p,0.8635035472014274,2,1.1818949366646503
email-Eu-core,spread_mean,1,node+edge+subgraph,0,raw,0.9595171339652712,62,1.1818949366646503
email-Eu-core,spread_mean,1,node+edge+subgraph,1,raw,0.9592495920062649,62,1.1818949366646503
email-Eu-core,spread_mean,1,node+edge+subgraph,2,raw,0.9591412685663125,62,1.1818949366646503
email-Eu-core,spread_mean,1,node+edge+subgraph,3,raw,0.959573889736764,62,1.1818949366646503
email-Eu-core,spread_mean,1,node+edge+subgraph,4,raw,0.9597486815761671,62,1.1818949366646503
email-Eu-core,spread_mean,1,node+edge+subgraph,5,raw,0.9592327818761329,62,1.1818949366646503
email-Eu-core,spread_mean,1,node+edge+subgraph,6,raw,0.9596177905399972,62,1.1818949366646503
email-Eu-core,spread_mean,1,node+edge+subgraph,7,raw,0.9595892928793985,62,1.1818949366646503
email-Eu-core,spread_mean,1,node+edge+subgraph,8,raw,0.9588108768324856,62,1.1818949366646503
email-Eu-core,spread_mean,1,node+edge+subgraph,9,raw,0.9600362436400637,62,1.1818949366646503
email-Eu-core,spread_mean,1,node+edge+subgraph,0,log1p,0.9599578254390351,62,1.1818949366646503
email-Eu-core,spread_mean,1,node+edge+subgraph,1,log1p,0.959112606628371,62,1.1818949366646503
email-Eu-core,spread_mean,1,node+edge+subgraph,2,log1p,0.9599721581674114,62,1.1818949366646503
email-Eu-core,spread_mean,1,node+edge+subgraph,3,log1p,0.960129900626345,62,1.1818949366646503
email-Eu-core,spread_mean,1,node+edge+subgraph,4,log1p,0.9599537068271308,62,1.1818949366646503
email-Eu-core,spread_mean,1,node+edge+subgraph,5,log1p,0.9592863240514108,62,1.1818949366646503
email-Eu-core,spread_mean,1,node+edge+subgraph,6,log1p,0.9598855019676954,62,1.1818949366646503
email-Eu-core,spread_mean,1,node+edge+subgraph,7,log1p,0.9593081563029932,62,1.1818949366646503
email-Eu-core,spread_mean,1,node+edge+subgraph,8,log1p,0.958983858176244,62,1.1818949366646503
email-Eu-core,spread_mean,1,node+edge+subgraph,9,log1p,0.9598756184373509,62,1.1818949366646503
email-Eu-core,spread_mean,2,node+edge+subgraph,0,raw,0.9634700845630126,144,1.1818949366646503
email-Eu-core,spread_mean,2,node+edge+subgraph,1,raw,0.9637100303277527,144,1.1818949366646503
email-Eu-core,spread_mean,2,node+edge+subgraph,2,raw,0.9642483525862551,144,1.1818949366646503
email-Eu-core,spread_mean,2,node+edge+subgraph,3,raw,0.9636358956188084,144,1.1818949366646503
email-Eu-core,spread_mean,2,node+edge+subgraph,4,raw,0.9639652348219548,144,1.1818949366646503
email-Eu-core,spread_mean,2,node+edge+subgraph,5,raw,0.9630004118942852,144,1.1818949366646503
email-Eu-core,spread_mean,2,node+edge+subgraph,6,raw,0.9640556962800082,144,1.1818949366646503
email-Eu-core,spread_mean,2,node+edge+subgraph,7,raw,0.9643957030738295,144,1.1818949366646503
email-Eu-core,spread_mean,2,node+edge+subgraph,8,raw,0.9628429895834264,144,1.1818949366646503
email-Eu-core,spread_mean,2,node+edge+subgraph,9,raw,0.9639859761888236,144,1.1818949366646503
email-Eu-core,spread_mean,2,node+edge+subgraph,0,log1p,0.9638531142869463,144,1.1818949366646503
email-Eu-core,spread_mean,2,node+edge+subgraph,1,log1p,0.9638788927203483,144,1.1818949366646503
email-Eu-core,spread_mean,2,node+edge+subgraph,2,log1p,0.9643925041513342,144,1.1818949366646503
email-Eu-core,spread_mean,2,node+edge+subgraph,3,log1p,0.964072466682592,144,1.1818949366646503
email-Eu-core,spread_mean,2,node+edge+subgraph,4,log1p,0.9638746253600595,144,1.1818949366646503
email-Eu-core,spread_mean,2,node+edge+subgraph,5,log1p,0.9632969522567335,144,1.1818949366646503
email-Eu-core,spread_mean,2,node+edge+subgraph,6,log1p,0.9642245600635767,144,1.1818949366646503
email-Eu-core,spread_mean,2,node+edge+subgraph,7,log1p,0.9644245332977892,144,1.1818949366646503
email-Eu-core,spread_mean,2,node+edge+subgraph,8,log1p,0.9626658896362451,144,1.1818949366646503
email-Eu-core,spread_mean,2,node+edge+subgraph,9,log1p,0.9632611034791451,144,1.1818949366646503
email-Eu-core,spread_mean,3,node+edge+subgraph,0,raw,0.9686100963422499,168,1.1818949366646503
email-Eu-core,spread_mean,3,node+edge+subgraph,1,raw,0.9686317512826725,168,1.1818949366646503
email-Eu-core,spread_mean,3,node+edge+subgraph,2,raw,0.9684946458318686,168,1.1818949366646503
email-Eu-core,spread_mean,3,node+edge+subgraph,3,raw,0.9686441070674965,168,1.1818949366646503
email-Eu-core,spread_mean,3,node+edge+subgraph,4,raw,0.968269184261987,168,1.1818949366646503
email-Eu-core,spread_mean,3,node+edge+subgraph,5,raw,0.9687664744974462,168,1.1818949366646503
email-Eu-core,spread_mean,3,node+edge+subgraph,6,raw,0.9691257284159351,168,1.1818949366646503
email-Eu-core,spread_mean,3,node+edge+subgraph,7,raw,0.969165045837455,168,1.1818949366646503
email-Eu-core,spread_mean,3,node+edge+subgraph,8,raw,0.9681601066022869,168,1.1818949366646503
email-Eu-core,spread_mean,3,node+edge+subgraph,9,raw,0.9686852930169101,168,1.1818949366646503
email-Eu-core,spread_mean,3,node+edge+subgraph,0,log1p,0.9688819238882673,168,1.1818949366646503
email-Eu-core,spread_mean,3,node+edge+subgraph,1,log1p,0.9681539942694752,168,1.1818949366646503
email-Eu-core,spread_mean,3,node+edge+subgraph,2,log1p,0.9685564250740454,168,1.1818949366646503
email-Eu-core,spread_mean,3,node+edge+subgraph,3,log1p,0.9688829855740952,168,1.1818949366646503
email-Eu-core,spread_mean,3,node+edge+subgraph,4,log1p,0.9680879653381962,168,1.1818949366646503
email-Eu-core,spread_mean,3,node+edge+subgraph,5,log1p,0.968828253739623,168,1.1818949366646503
email-Eu-core,spread_mean,3,node+edge+subgraph,6,log1p,0.9687221027869173,168,1.1818949366646503
email-Eu-core,spread_mean,3,node+edge+subgraph,7,log1p,0.9690785551655757,168,1.1818949366646503
email-Eu-core,spread_mean,3,node+edge+subgraph,8,log1p,0.9679418206208774,168,1.1818949366646503
email-Eu-core,spread_mean,3,node+edge+subgraph,9,log1p,0.9688170880550336,168,1.1818949366646503
facebook_combined,betweenness,0,node+edge+subgraph,0,raw,0.3036055010908158,2,28.8775283319974
facebook_combined,betweenness,0,node+edge+subgraph,1,raw,0.3002115811793154,2,28.8775283319974
facebook_combined,betweenness,0,node+edge+subgraph,2,raw,0.31098108157954274,2,28.8775283319974
facebook_combined,betweenness,0,node+edge+subgraph,3,raw,0.31146343202751753,2,28.8775283319974
facebook_combined,betweenness,0,node+edge+subgraph,4,raw,0.2996681361340912,2,28.8775283319974
facebook_combined,betweenness,0,node+edge+subgraph,5,raw,0.3069380165712562,2,28.8775283319974
facebook_combined,betweenness,0,node+edge+subgraph,6,raw,0.2982055937471761,2,28.8775283319974
facebook_combined,betweenness,0,node+edge+subgraph,7,raw,0.3038746407303173,2,28.8775283319974
facebook_combined,betweenness,0,node+edge+subgraph,8,raw,0.2999452212563371,2,28.8775283319974
facebook_combined,betweenness,0,node+edge+subgraph,9,raw,0.303244364294622,2,28.8775283319974
facebook_combined,betweenness,0,node+edge+subgraph,0,log1p,0.593850755137403,2,28.8775283319974
facebook_combined,betweenness,0,node+edge+subgraph,1,log1p,0.5955692676044924,2,28.8775283319974
facebook_combined,betweenness,0,node+edge+subgraph,2,log1p,0.5957963927623146,2,28.8775283319974
facebook_combined,betweenness,0,node+edge+subgraph,3,log1p,0.5944592863126383,2,28.8775283319974
facebook_combined,betweenness,0,node+edge+subgraph,4,log1p,0.5932210538651024,2,28.8775283319974
facebook_combined,betweenness,0,node+edge+subgraph,5,log1p,0.5951057983270059,2,28.8775283319974
facebook_combined,betweenness,0,node+edge+subgraph,6,log1p,0.5936502939465355,2,28.8775283319974
facebook_combined,betweenness,0,node+edge+subgraph,7,log1p,0.5954300409853356,2,28.8775283319974
facebook_combined,betweenness,0,node+edge+subgraph,8,log1p,0.5933879420533662,2,28.8775283319974
facebook_combined,betweenness,0,node+edge+subgraph,9,log1p,0.593458185094599,2,28.8775283319974
facebook_combined,betweenness,1,node+edge+subgraph,0,raw,0.6252039224740978,62,28.8775283319974
facebook_combined,betweenness,1,node+edge+subgraph,1,raw,0.6332009401527452,62,28.8775283319974
facebook_combined,betweenness,1,node+edge+subgraph,2,raw,0.6307450481470114,62,28.8775283319974
facebook_combined,betweenness,1,node+edge+subgraph,3,raw,0.6261415126286142,62,28.8775283319974
facebook_combined,betweenness,1,node+edge+subgraph,4,raw,0.6307218065465839,62,28.8775283319974
facebook_combined,betweenness,1,node+edge+subgraph,5,raw,0.6332928631608872,62,28.8775283319974
facebook_combined,betweenness,1,node+edge+subgraph,6,raw,0.6216651473567586,62,28.8775283319974
facebook_combined,betweenness,1,node+edge+subgraph,7,raw,0.6215101993311425,62,28.8775283319974
facebook_combined,betweenness,1,node+edge+subgraph,8,raw,0.6221991210611215,62,28.8775283319974
facebook_combined,betweenness,1,node+edge+subgraph,9,raw,0.6240415216250452,62,28.8775283319974
facebook_combined,betweenness,1,node+edge+subgraph,0,log1p,0.8126583847017647,62,28.8775283319974
facebook_combined,betweenness,1,node+edge+subgraph,1,log1p,0.8143144533617869,62,28.8775283319974
facebook_combined,betweenness,1,node+edge+subgraph,2,log1p,0.8106468260239003,62,28.8775283319974
facebook_combined,betweenness,1,node+edge+subgraph,3,log1p,0.813881752476462,62,28.8775283319974
facebook_combined,betweenness,1,node+edge+subgraph,4,log1p,0.8133245505322114,62,28.8775283319974
facebook_combined,betweenness,1,node+edge+subgraph,5,log1p,0.8135978020839137,62,28.8775283319974
facebook_combined,betweenness,1,node+edge+subgraph,6,log1p,0.8128737031315576,62,28.8775283319974
facebook_combined,betweenness,1,node+edge+subgraph,7,log1p,0.815921038809415,62,28.8775283319974
facebook_combined,betweenness,1,node+edge+subgraph,8,log1p,0.8145300140568122,62,28.8775283319974
facebook_combined,betweenness,1,node+edge+subgraph,9,log1p,0.8165046094285565,62,28.8775283319974
facebook_combined,betweenness,2,node+edge+subgraph,0,raw,0.8230835847511546,144,28.8775283319974
facebook_combined,betweenness,2,node+edge+subgraph,1,raw,0.8271070568521295,144,28.8775283319974
facebook_combined,betweenness,2,node+edge+subgraph,2,raw,0.829750212416166,144,28.8775283319974
facebook_combined,betweenness,2,node+edge+subgraph,3,raw,0.8249996900507102,144,28.8775283319974
facebook_combined,betweenness,2,node+edge+subgraph,4,raw,0.8200773430898568,144,28.8775283319974
facebook_combined,betweenness,2,node+edge+subgraph,5,raw,0.815397523402892,144,28.8775283319974
facebook_combined,betweenness,2,node+edge+subgraph,6,raw,0.8294653619629389,144,28.8775283319974
facebook_combined,betweenness,2,node+edge+subgraph,7,raw,0.8272208902125786,144,28.8775283319974
facebook_combined,betweenness,2,node+edge+subgraph,8,raw,0.8307389197226901,144,28.8775283319974
facebook_combined,betweenness,2,node+edge+subgraph,9,raw,0.8223555588618207,144,28.8775283319974
facebook_combined,betweenness,2,node+edge+subgraph,0,log1p,0.9220479219201698,144,28.8775283319974
facebook_combined,betweenness,2,node+edge+subgraph,1,log1p,0.9232327056304976,144,28.8775283319974
facebook_combined,betweenness,2,node+edge+subgraph,2,log1p,0.9240879408949372,144,28.8775283319974
facebook_combined,betweenness,2,node+edge+subgraph,3,log1p,0.9234684759267048,144,28.8775283319974
facebook_combined,betweenness,2,node+edge+subgraph,4,log1p,0.9221324614061264,144,28.8775283319974
facebook_combined,betweenness,2,node+edge+subgraph,5,log1p,0.9228120462523028,144,28.8775283319974
facebook_combined,betweenness,2,node+edge+subgraph,6,log1p,0.9236621177370825,144,28.8775283319974
facebook_combined,betweenness,2,node+edge+subgraph,7,log1p,0.9247858398165691,144,28.8775283319974
facebook_combined,betweenness,2,node+edge+subgraph,8,log1p,0.923939045564014,144,28.8775283319974
facebook_combined,betweenness,2,node+edge+subgraph,9,log1p,0.9226355927534556,144,28.8775283319974
facebook_combined,betweenness,3,node+edge+subgraph,0,raw,0.8525091704755301,168,28.8775283319974
facebook_combined,betweenness,3,node+edge+subgraph,1,raw,0.8497633766174404,168,28.8775283319974
facebook_combined,betweenness,3,node+edge+subgraph,2,raw,0.851360919830759,168,28.8775283319974
facebook_combined,betweenness,3,node+edge+subgraph,3,raw,0.8503016736846928,168,28.8775283319974
facebook_combined,betweenness,3,node+edge+subgraph,4,raw,0.8464842901381708,168,28.8775283319974
facebook_combined,betweenness,3,node+edge+subgraph,5,raw,0.8448318967324207,168,28.8775283319974
facebook_combined,betweenness,3,node+edge+subgraph,6,raw,0.8558070463567042,168,28.8775283319974
facebook_combined,betweenness,3,node+edge+subgraph,7,raw,0.8505333300528775,168,28.8775283319974
facebook_combined,betweenness,3,node+edge+subgraph,8,raw,0.8551875962440514,168,28.8775283319974
facebook_combined,betweenness,3,node+edge+subgraph,9,raw,0.8531686044675028,168,28.8775283319974
facebook_combined,betweenness,3,node+edge+subgraph,0,log1p,0.929660409006194,168,28.8775283319974
facebook_combined,betweenness,3,node+edge+subgraph,1,log1p,0.9296694904074881,168,28.8775283319974
facebook_combined,betweenness,3,node+edge+subgraph,2,log1p,0.9297881125225894,168,28.8775283319974
facebook_combined,betweenness,3,node+edge+subgraph,3,log1p,0.9310034393456115,168,28.8775283319974
facebook_combined,betweenness,3,node+edge+subgraph,4,log1p,0.9302249293949839,168,28.8775283319974
facebook_combined,betweenness,3,node+edge+subgraph,5,log1p,0.9299636343166539,168,28.8775283319974
facebook_combined,betweenness,3,node+edge+subgraph,6,log1p,0.9315729916693913,168,28.8775283319974
facebook_combined,betweenness,3,node+edge+subgraph,7,log1p,0.9290306423881919,168,28.8775283319974
facebook_combined,betweenness,3,node+edge+subgraph,8,log1p,0.9304272954742617,168,28.8775283319974
facebook_combined,betweenness,3,node+edge+subgraph,9,log1p,0.9313831369388116,168,28.8775283319974
facebook_combined,spread_mean,0,node+edge+subgraph,0,raw,0.6689344576439757,2,3.362313884197333
facebook_combined,spread_mean,0,node+edge+subgraph,1,raw,0.6700954213255738,2,3.362313884197333
facebook_combined,spread_mean,0,node+edge+subgraph,2,raw,0.6703536776200948,2,3.362313884197333
facebook_combined,spread_mean,0,node+edge+subgraph,3,raw,0.6720994245004283,2,3.362313884197333
facebook_combined,spread_mean,0,node+edge+subgraph,4,raw,0.6714173375831511,2,3.362313884197333
facebook_combined,spread_mean,0,node+edge+subgraph,5,raw,0.6706777621234205,2,3.362313884197333
facebook_combined,spread_mean,0,node+edge+subgraph,6,raw,0.6705529905893471,2,3.362313884197333
facebook_combined,spread_mean,0,node+edge+subgraph,7,raw,0.6721309868152688,2,3.362313884197333
facebook_combined,spread_mean,0,node+edge+subgraph,8,raw,0.6706929537618093,2,3.362313884197333
facebook_combined,spread_mean,0,node+edge+subgraph,9,raw,0.6680503539987347,2,3.362313884197333
facebook_combined,spread_mean,0,node+edge+subgraph,0,log1p,0.6737909578243884,2,3.362313884197333
facebook_combined,spread_mean,0,node+edge+subgraph,1,log1p,0.6741667655643822,2,3.362313884197333
facebook_combined,spread_mean,0,node+edge+subgraph,2,log1p,0.6746527403719176,2,3.362313884197333
facebook_combined,spread_mean,0,node+edge+subgraph,3,log1p,0.6766163902239006,2,3.362313884197333
facebook_combined,spread_mean,0,node+edge+subgraph,4,log1p,0.6757944717627139,2,3.362313884197333
facebook_combined,spread_mean,0,node+edge+subgraph,5,log1p,0.6754948029062534,2,3.362313884197333
facebook_combined,spread_mean,0,node+edge+subgraph,6,log1p,0.6753198371305097,2,3.362313884197333
facebook_combined,spread_mean,0,node+edge+subgraph,7,log1p,0.6766520714934072,2,3.362313884197333
facebook_combined,spread_mean,0,node+edge+subgraph,8,log1p,0.675950951326443,2,3.362313884197333
facebook_combined,spread_mean,0,node+edge+subgraph,9,log1p,0.6739147803357345,2,3.362313884197333
facebook_combined,spread_mean,1,node+edge+subgraph,0,raw,0.9559047698617702,62,3.362313884197333
facebook_combined,spread_mean,1,node+edge+subgraph,1,raw,0.955905409171126,62,3.362313884197333
facebook_combined,spread_mean,1,node+edge+subgraph,2,raw,0.9553977063084665,62,3.362313884197333
facebook_combined,spread_mean,1,node+edge+subgraph,3,raw,0.9561635555601091,62,3.362313884197333
facebook_combined,spread_mean,1,node+edge+subgraph,4,raw,0.9559465928555831,62,3.362313884197333
facebook_combined,spread_mean,1,node+edge+subgraph,5,raw,0.9562391626396556,62,3.362313884197333
facebook_combined,spread_mean,1,node+edge+subgraph,6,raw,0.9554734196639729,62,3.362313884197333
facebook_combined,spread_mean,1,node+edge+subgraph,7,raw,0.9556455936004912,62,3.362313884197333
facebook_combined,spread_mean,1,node+edge+subgraph,8,raw,0.9558783708915217,62,3.362313884197333
facebook_combined,spread_mean,1,node+edge+subgraph,9,raw,0.9557594150806143,62,3.362313884197333
facebook_combined,spread_mean,1,node+edge+subgraph,0,log1p,0.9559744264090705,62,3.362313884197333
facebook_combined,spread_mean,1,node+edge+subgraph,1,log1p,0.9560667326385002,62,3.362313884197333
facebook_combined,spread_mean,1,node+edge+subgraph,2,log1p,0.9553999137357501,62,3.362313884197333
facebook_combined,spread_mean,1,node+edge+subgraph,3,log1p,0.9557591057782249,62,3.362313884197333
facebook_combined,spread_mean,1,node+edge+subgraph,4,log1p,0.9554918625563542,62,3.362313884197333
facebook_combined,spread_mean,1,node+edge+subgraph,5,log1p,0.9556564018010656,62,3.362313884197333
facebook_combined,spread_mean,1,node+edge+subgraph,6,log1p,0.9551427960094756,62,3.362313884197333
facebook_combined,spread_mean,1,node+edge+subgraph,7,log1p,0.9554763574361154,62,3.362313884197333
facebook_combined,spread_mean,1,node+edge+subgraph,8,log1p,0.9558842573646389,62,3.362313884197333
facebook_combined,spread_mean,1,node+edge+subgraph,9,log1p,0.9553794922948501,62,3.362313884197333
facebook_combined,spread_mean,2,node+edge+subgraph,0,raw,0.9575488219620252,144,3.362313884197333
facebook_combined,spread_mean,2,node+edge+subgraph,1,raw,0.9568886955116801,144,3.362313884197333
facebook_combined,spread_mean,2,node+edge+subgraph,2,raw,0.9565694236396322,144,3.362313884197333
facebook_combined,spread_mean,2,node+edge+subgraph,3,raw,0.9577947270687076,144,3.362313884197333
facebook_combined,spread_mean,2,node+edge+subgraph,4,raw,0.9576120390463717,144,3.362313884197333
facebook_combined,spread_mean,2,node+edge+subgraph,5,raw,0.9575205155461506,144,3.362313884197333
facebook_combined,spread_mean,2,node+edge+subgraph,6,raw,0.9569141982745814,144,3.362313884197333
facebook_combined,spread_mean,2,node+edge+subgraph,7,raw,0.957600340423502,144,3.362313884197333
facebook_combined,spread_mean,2,node+edge+subgraph,8,raw,0.9574752685068989,144,3.362313884197333
facebook_combined,spread_mean,2,node+edge+subgraph,9,raw,0.9578416374860482,144,3.362313884197333
facebook_combined,spread_mean,2,node+edge+subgraph,0,log1p,0.9574168669857701,144,3.362313884197333
facebook_combined,spread_mean,2,node+edge+subgraph,1,log1p,0.9566527460331036,144,3.362313884197333
facebook_combined,spread_mean,2,node+edge+subgraph,2,log1p,0.9564720515754281,144,3.362313884197333
facebook_combined,spread_mean,2,node+edge+subgraph,3,log1p,0.9576053788617183,144,3.362313884197333
facebook_combined,spread_mean,2,node+edge+subgraph,4,log1p,0.9574643866065922,144,3.362313884197333
facebook_combined,spread_mean,2,node+edge+subgraph,5,log1p,0.9575119311067145,144,3.362313884197333
facebook_combined,spread_mean,2,node+edge+subgraph,6,log1p,0.9567238689421194,144,3.362313884197333
facebook_combined,spread_mean,2,node+edge+subgraph,7,log1p,0.957285659323568,144,3.362313884197333
facebook_combined,spread_mean,2,node+edge+subgraph,8,log1p,0.9574186112135689,144,3.362313884197333
facebook_combined,spread_mean,2,node+edge+subgraph,9,log1p,0.9575838590490743,144,3.362313884197333
facebook_combined,spread_mean,3,node+edge+subgraph,0,raw,0.9586103482394077,168,3.362313884197333
facebook_combined,spread_mean,3,node+edge+subgraph,1,raw,0.9581802859006444,168,3.362313884197333
facebook_combined,spread_mean,3,node+edge+subgraph,2,raw,0.958043003895901,168,3.362313884197333
facebook_combined,spread_mean,3,node+edge+subgraph,3,raw,0.9588599333678712,168,3.362313884197333
facebook_combined,spread_mean,3,node+edge+subgraph,4,raw,0.9588111632624543,168,3.362313884197333
facebook_combined,spread_mean,3,node+edge+subgraph,5,raw,0.9589918884654881,168,3.362313884197333
facebook_combined,spread_mean,3,node+edge+subgraph,6,raw,0.9582087320590328,168,3.362313884197333
facebook_combined,spread_mean,3,node+edge+subgraph,7,raw,0.958938041685419,168,3.362313884197333
facebook_combined,spread_mean,3,node+edge+subgraph,8,raw,0.9586655622061653,168,3.362313884197333
facebook_combined,spread_mean,3,node+edge+subgraph,9,raw,0.9589173903162737,168,3.362313884197333
facebook_combined,spread_mean,3,node+edge+subgraph,0,log1p,0.9584707899095023,168,3.362313884197333
facebook_combined,spread_mean,3,node+edge+subgraph,1,log1p,0.9579575809873934,168,3.362313884197333
facebook_combined,spread_mean,3,node+edge+subgraph,2,log1p,0.9575298997187849,168,3.362313884197333
facebook_combined,spread_mean,3,node+edge+subgraph,3,log1p,0.9584456728476576,168,3.362313884197333
facebook_combined,spread_mean,3,node+edge+subgraph,4,log1p,0.9585143867638943,168,3.362313884197333
facebook_combined,spread_mean,3,node+edge+subgraph,5,log1p,0.9589565696289513,168,3.362313884197333
facebook_combined,spread_mean,3,node+edge+subgraph,6,log1p,0.9580068750479295,168,3.362313884197333
facebook_combined,spread_mean,3,node+edge+subgraph,7,log1p,0.9585112723059295,168,3.362313884197333
facebook_combined,spread_mean,3,node+edge+subgraph,8,log1p,0.9586177346208868,168,3.362313884197333
facebook_combined,spread_mean,3,node+edge+subgraph,9,log1p,0.9585781823444993,168,3.362313884197333
p2p-Gnutella08,betweenness,0,node+edge+subgraph,0,raw,0.8855702651255078,2,4.765196864337654
p2p-Gnutella08,betweenness,0,node+edge+subgraph,1,raw,0.8857066041190695,2,4.765196864337654
p2p-Gnutella08,betweenness,0,node+edge+subgraph,2,raw,0.8843011541246986,2,4.765196864337654
p2p-Gnutella08,betweenness,0,node+edge+subgraph,3,raw,0.8851873706089161,2,4.765196864337654
p2p-Gnutella08,betweenness,0,node+edge+subgraph,4,raw,0.8856730182267423,2,4.765196864337654
p2p-Gnutella08,betweenness,0,node+edge+subgraph,5,raw,0.8855405139257309,2,4.765196864337654
p2p-Gnutella08,betweenness,0,node+edge+subgraph,6,raw,0.884781028057627,2,4.765196864337654
p2p-Gnutella08,betweenness,0,node+edge+subgraph,7,raw,0.884922324756779,2,4.765196864337654
p2p-Gnutella08,betweenness,0,node+edge+subgraph,8,raw,0.8857693828048858,2,4.765196864337654
p2p-Gnutella08,betweenness,0,node+edge+subgraph,9,raw,0.8858248545518516,2,4.765196864337654
p2p-Gnutella08,betweenness,0,node+edge+subgraph,0,log1p,0.885438769057104,2,4.765196864337654
p2p-Gnutella08,betweenness,0,node+edge+subgraph,1,log1p,0.8845899449424142,2,4.765196864337654
p2p-Gnutella08,betweenness,0,node+edge+subgraph,2,log1p,0.8844933523326375,2,4.765196864337654
p2p-Gnutella08,betweenness,0,node+edge+subgraph,3,log1p,0.8847216226736893,2,4.765196864337654
p2p-Gnutella08,betweenness,0,node+edge+subgraph,4,log1p,0.8852113070778869,2,4.765196864337654
p2p-Gnutella08,betweenness,0,node+edge+subgraph,5,log1p,0.8849433890970867,2,4.765196864337654
p2p-Gnutella08,betweenness,0,node+edge+subgraph,6,log1p,0.8847200736224897,2,4.765196864337654
p2p-Gnutella08,betweenness,0,node+edge+subgraph,7,log1p,0.8842942234397142,2,4.765196864337654
p2p-Gnutella08,betweenness,0,node+edge+subgraph,8,log1p,0.885148863394784,2,4.765196864337654
p2p-Gnutella08,betweenness,0,node+edge+subgraph,9,log1p,0.8845890844002083,2,4.765196864337654
p2p-Gnutella08,betweenness,1,node+edge+subgraph,0,raw,0.9234894589656002,62,4.765196864337654
p2p-Gnutella08,betweenness,1,node+edge+subgraph,1,raw,0.923416198265785,62,4.765196864337654
p2p-Gnutella08,betweenness,1,node+edge+subgraph,2,raw,0.9229344714377944,62,4.765196864337654
p2p-Gnutella08,betweenness,1,node+edge+subgraph,3,raw,0.9233970361275146,62,4.765196864337654
p2p-Gnutella08,betweenness,1,node+edge+subgraph,4,raw,0.9233712388511451,62,4.765196864337654
p2p-Gnutella08,betweenness,1,node+edge+subgraph,5,raw,0.9236051056360066,62,4.765196864337654
p2p-Gnutella08,betweenness,1,node+edge+subgraph,6,raw,0.9235727513245436,62,4.765196864337654
p2p-Gnutella08,betweenness,1,node+edge+subgraph,7,raw,0.9227030007169251,62,4.765196864337654
p2p-Gnutella08,betweenness,1,node+edge+subgraph,8,raw,0.9234235221662147,62,4.765196864337654
p2p-Gnutella08,betweenness,1,node+edge+subgraph,9,raw,0.923439885477317,62,4.765196864337654
p2p-Gnutella08,betweenness,1,node+edge+subgraph,0,log1p,0.9243483624543545,62,4.765196864337654
p2p-Gnutella08,betweenness,1,node+edge+subgraph,1,log1p,0.9239676470977413,62,4.765196864337654
p2p-Gnutella08,betweenness,1,node+edge+subgraph,2,log1p,0.9234530053977243,62,4.765196864337654
p2p-Gnutella08,betweenness,1,node+edge+subgraph,3,log1p,0.9242326462916836,62,4.765196864337654
p2p-Gnutella08,betweenness,1,node+edge+subgraph,4,log1p,0.9240373445249842,62,4.765196864337654
p2p-Gnutella08,betweenness,1,node+edge+subgraph,5,log1p,0.9241914909556983,62,4.765196864337654
p2p-Gnutella08,betweenness,1,node+edge+subgraph,6,log1p,0.9243288026147388,62,4.765196864337654
p2p-Gnutella08,betweenness,1,node+edge+subgraph,7,log1p,0.9230024064912873,62,4.765196864337654
p2p-Gnutella08,betweenness,1,node+edge+subgraph,8,log1p,0.9246213458059084,62,4.765196864337654
p2p-Gnutella08,betweenness,1,node+edge+subgraph,9,log1p,0.9241506147692177,62,4.765196864337654
p2p-Gnutella08,betweenness,2,node+edge+subgraph,0,raw,0.9331746375909461,144,4.765196864337654
p2p-Gnutella08,betweenness,2,node+edge+subgraph,1,raw,0.9332444916750426,144,4.765196864337654
p2p-Gnutella08,betweenness,2,node+edge+subgraph,2,raw,0.9339840651601499,144,4.765196864337654
p2p-Gnutella08,betweenness,2,node+edge+subgraph,3,raw,0.9336396661513778,144,4.765196864337654
p2p-Gnutella08,betweenness,2,node+edge+subgraph,4,raw,0.9339983915392055,144,4.765196864337654
p2p-Gnutella08,betweenness,2,node+edge+subgraph,5,raw,0.9340058887412229,144,4.765196864337654
p2p-Gnutella08,betweenness,2,node+edge+subgraph,6,raw,0.9338475088039194,144,4.765196864337654
p2p-Gnutella08,betweenness,2,node+edge+subgraph,7,raw,0.9340675262440651,144,4.765196864337654
p2p-Gnutella08,betweenness,2,node+edge+subgraph,8,raw,0.9333116623032789,144,4.765196864337654
p2p-Gnutella08,betweenness,2,node+edge+subgraph,9,raw,0.9340849192187758,144,4.765196864337654
p2p-Gnutella08,betweenness,2,node+edge+subgraph,0,log1p,0.9351420419036425,144,4.765196864337654
p2p-Gnutella08,betweenness,2,node+edge+subgraph,1,log1p,0.9351061521309952,144,4.765196864337654
p2p-Gnutella08,betweenness,2,node+edge+subgraph,2,log1p,0.9354697764848814,144,4.765196864337654
p2p-Gnutella08,betweenness,2,node+edge+subgraph,3,log1p,0.9356529713798576,144,4.765196864337654
p2p-Gnutella08,betweenness,2,node+edge+subgraph,4,log1p,0.9358816891928253,144,4.765196864337654
p2p-Gnutella08,betweenness,2,node+edge+subgraph,5,log1p,0.9358663881725884,144,4.765196864337654
p2p-Gnutella08,betweenness,2,node+edge+subgraph,6,log1p,0.9359751442390726,144,4.765196864337654
p2p-Gnutella08,betweenness,2,node+edge+subgraph,7,log1p,0.9357257845258204,144,4.765196864337654
p2p-Gnutella08,betweenness,2,node+edge+subgraph,8,log1p,0.9355876342740141,144,4.765196864337654
p2p-Gnutella08,betweenness,2,node+edge+subgraph,9,log1p,0.9363651918726777,144,4.765196864337654
p2p-Gnutella08,betweenness,3,node+edge+subgraph,0,raw,0.936310567740981,168,4.765196864337654
p2p-Gnutella08,betweenness,3,node+edge+subgraph,1,raw,0.9362933514896605,168,4.765196864337654
p2p-Gnutella08,betweenness,3,node+edge+subgraph,2,raw,0.9367066115553357,168,4.765196864337654
p2p-Gnutella08,betweenness,3,node+edge+subgraph,3,raw,0.9366454045971803,168,4.765196864337654
p2p-Gnutella08,betweenness,3,node+edge+subgraph,4,raw,0.936825001409991,168,4.765196864337654
p2p-Gnutella08,betweenness,3,node+edge+subgraph,5,raw,0.9372125232457581,168,4.765196864337654
p2p-Gnutella08,betweenness,3,node+edge+subgraph,6,raw,0.9365562745399942,168,4.765196864337654
p2p-Gnutella08,betweenness,3,node+edge+subgraph,7,raw,0.936934164089071,168,4.765196864337654
p2p-Gnutella08,betweenness,3,node+edge+subgraph,8,raw,0.9361547711733338,168,4.765196864337654
p2p-Gnutella08,betweenness,3,node+edge+subgraph,9,raw,0.9374427469377993,168,4.765196864337654
p2p-Gnutella08,betweenness,3,node+edge+subgraph,0,log1p,0.9384868080655937,168,4.765196864337654
p2p-Gnutella08,betweenness,3,node+edge+subgraph,1,log1p,0.9381661341057341,168,4.765196864337654
p2p-Gnutella08,betweenness,3,node+edge+subgraph,2,log1p,0.9382454352615623,168,4.765196864337654
p2p-Gnutella08,betweenness,3,node+edge+subgraph,3,log1p,0.9390037862899,168,4.765196864337654
p2p-Gnutella08,betweenness,3,node+edge+subgraph,4,log1p,0.9388412362675196,168,4.765196864337654
p2p-Gnutella08,betweenness,3,node+edge+subgraph,5,log1p,0.9389490332272221,168,4.765196864337654
p2p-Gnutella08,betweenness,3,node+edge+subgraph,6,log1p,0.9390886389535519,168,4.765196864337654
p2p-Gnutella08,betweenness,3,node+edge+subgraph,7,log1p,0.9386546780044842,168,4.765196864337654
p2p-Gnutella08,betweenness,3,node+edge+subgraph,8,log1p,0.9384372938348595,168,4.765196864337654
p2p-Gnutella08,betweenness,3,node+edge+subgraph,9,log1p,0.9392558242276073,168,4.765196864337654
p2p-Gnutella08,spread_mean,0,node+edge+subgraph,0,raw,0.6721624133785872,2,4.202344173390129
p2p-Gnutella08,spread_mean,0,node+edge+subgraph,1,raw,0.67206496020431,2,4.202344173390129
p2p-Gnutella08,spread_mean,0,node+edge+subgraph,2,raw,0.6704941615359394,2,4.202344173390129
p2p-Gnutella08,spread_mean,0,node+edge+subgraph,3,raw,0.6705223381309736,2,4.202344173390129
p2p-Gnutella08,spread_mean,0,node+edge+subgraph,4,raw,0.6706227328412567,2,4.202344173390129
p2p-Gnutella08,spread_mean,0,node+edge+subgraph,5,raw,0.6696463936103342,2,4.202344173390129
p2p-Gnutella08,spread_mean,0,node+edge+subgraph,6,raw,0.6706915192749797,2,4.202344173390129
p2p-Gnutella08,spread_mean,0,node+edge+subgraph,7,raw,0.6705581469973572,2,4.202344173390129
p2p-Gnutella08,spread_mean,0,node+edge+subgraph,8,raw,0.6706471830607699,2,4.202344173390129
p2p-Gnutella08,spread_mean,0,node+edge+subgraph,9,raw,0.6677597577855837,2,4.202344173390129
p2p-Gnutella08,spread_mean,0,node+edge+subgraph,0,log1p,0.6745060384823651,2,4.202344173390129
p2p-Gnutella08,spread_mean,0,node+edge+subgraph,1,log1p,0.6754506400730563,2,4.202344173390129
p2p-Gnutella08,spread_mean,0,node+edge+subgraph,2,log1p,0.6731096111920413,2,4.202344173390129
p2p-Gnutella08,spread_mean,0,node+edge+subgraph,3,log1p,0.6740863854945668,2,4.202344173390129
p2p-Gnutella08,spread_mean,0,node+edge+subgraph,4,log1p,0.6740689390069102,2,4.202344173390129
p2p-Gnutella08,spread_mean,0,node+edge+subgraph,5,log1p,0.6721625424644573,2,4.202344173390129
p2p-Gnutella08,spread_mean,0,node+edge+subgraph,6,log1p,0.6728848815516865,2,4.202344173390129
p2p-Gnutella08,spread_mean,0,node+edge+subgraph,7,log1p,0.6735244536406023,2,4.202344173390129
p2p-Gnutella08,spread_mean,0,node+edge+subgraph,8,log1p,0.6733255466249591,2,4.202344173390129
p2p-Gnutella08,spread_mean,0,node+edge+subgraph,9,log1p,0.6716830898538535,2,4.202344173390129
p2p-Gnutella08,spread_mean,1,node+edge+subgraph,0,raw,0.8020792946538237,62,4.202344173390129
p2p-Gnutella08,spread_mean,1,node+edge+subgraph,1,raw,0.802526216604697,62,4.202344173390129
p2p-Gnutella08,spread_mean,1,node+edge+subgraph,2,raw,0.8000855878086838,62,4.202344173390129
p2p-Gnutella08,spread_mean,1,node+edge+subgraph,3,raw,0.801732385369255,62,4.202344173390129
p2p-Gnutella08,spread_mean,1,node+edge+subgraph,4,raw,0.8033034752672696,62,4.202344173390129
p2p-Gnutella08,spread_mean,1,node+edge+subgraph,5,raw,0.8011916403005486,62,4.202344173390129
p2p-Gnutella08,spread_mean,1,node+edge+subgraph,6,raw,0.803337235916264,62,4.202344173390129
p2p-Gnutella08,spread_mean,1,node+edge+subgraph,7,raw,0.8030388188453499,62,4.202344173390129
p2p-Gnutella08,spread_mean,1,node+edge+subgraph,8,raw,0.8014997936308339,62,4.202344173390129
p2p-Gnutella08,spread_mean,1,node+edge+subgraph,9,raw,0.8020769511791515,62,4.202344173390129
p2p-Gnutella08,spread_mean,1,node+edge+subgraph,0,log1p,0.8034370198604078,62,4.202344173390129
p2p-Gnutella08,spread_mean,1,node+edge+subgraph,1,log1p,0.8039224089394976,62,4.202344173390129
p2p-Gnutella08,spread_mean,1,node+edge+subgraph,2,log1p,0.8013243937399273,62,4.202344173390129
p2p-Gnutella08,spread_mean,1,node+edge+subgraph,3,log1p,0.803421387489387,62,4.202344173390129
p2p-Gnutella08,spread_mean,1,node+edge+subgraph,4,log1p,0.804108709062961,62,4.202344173390129
p2p-Gnutella08,spread_mean,1,node+edge+subgraph,5,log1p,0.8027256955936475,62,4.202344173390129
p2p-Gnutella08,spread_mean,1,node+edge+subgraph,6,log1p,0.8046357198451842,62,4.202344173390129
p2p-Gnutella08,spread_mean,1,node+edge+subgraph,7,log1p,0.804294611090949,62,4.202344173390129
p2p-Gnutella08,spread_mean,1,node+edge+subgraph,8,log1p,0.8024801122283224,62,4.202344173390129
p2p-Gnutella08,spread_mean,1,node+edge+subgraph,9,log1p,0.8035765543633043,62,4.202344173390129
p2p-Gnutella08,spread_mean,2,node+edge+subgraph,0,raw,0.8862164654887568,144,4.202344173390129
p2p-Gnutella08,spread_mean,2,node+edge+subgraph,1,raw,0.8874035805403538,144,4.202344173390129
p2p-Gnutella08,spread_mean,2,node+edge+subgraph,2,raw,0.8866281514800556,144,4.202344173390129
p2p-Gnutella08,spread_mean,2,node+edge+subgraph,3,raw,0.8872291947030294,144,4.202344173390129
p2p-Gnutella08,spread_mean,2,node+edge+subgraph,4,raw,0.8861204119493578,144,4.202344173390129
p2p-Gnutella08,spread_mean,2,node+edge+subgraph,5,raw,0.8869611456019193,144,4.202344173390129
p2p-Gnutella08,spread_mean,2,node+edge+subgraph,6,raw,0.88653220387387,144,4.202344173390129
p2p-Gnutella08,spread_mean,2,node+edge+subgraph,7,raw,0.8876592561154503,144,4.202344173390129
p2p-Gnutella08,spread_mean,2,node+edge+subgraph,8,raw,0.8869803195073903,144,4.202344173390129
p2p-Gnutella08,spread_mean,2,node+edge+subgraph,9,raw,0.8854348306923987,144,4.202344173390129
p2p-Gnutella08,spread_mean,2,node+edge+subgraph,0,log1p,0.8862685957445222,144,4.202344173390129
p2p-Gnutella08,spread_mean,2,node+edge+subgraph,1,log1p,0.8873088991251608,144,4.202344173390129
p2p-Gnutella08,spread_mean,2,node+edge+subgraph,2,log1p,0.8867737532479344,144,4.202344173390129
p2p-Gnutella08,spread_mean,2,node+edge+subgraph,3,log1p,0.8875826119503711,144,4.202344173390129
p2p-Gnutella08,spread_mean,2,node+edge+subgraph,4,log1p,0.8864457974699615,144,4.202344173390129
p2p-Gnutella08,spread_mean,2,node+edge+subgraph,5,log1p,0.887000268489963,144,4.202344173390129
p2p-Gnutella08,spread_mean,2,node+edge+subgraph,6,log1p,0.8868063667733309,144,4.202344173390129
p2p-Gnutella08,spread_mean,2,node+edge+subgraph,7,log1p,0.8878195794361712,144,4.202344173390129
p2p-Gnutella08,spread_mean,2,node+edge+subgraph,8,log1p,0.8866377643253894,144,4.202344173390129
p2p-Gnutella08,spread_mean,2,node+edge+subgraph,9,log1p,0.885711211817851,144,4.202344173390129
p2p-Gnutella08,spread_mean,3,node+edge+subgraph,0,raw,0.915838271726087,168,4.202344173390129
p2p-Gnutella08,spread_mean,3,node+edge+subgraph,1,raw,0.9155898176909644,168,4.202344173390129
p2p-Gnutella08,spread_mean,3,node+edge+subgraph,2,raw,0.9160280755608986,168,4.202344173390129
p2p-Gnutella08,spread_mean,3,node+edge+subgraph,3,raw,0.916174588631381,168,4.202344173390129
p2p-Gnutella08,spread_mean,3,node+edge+subgraph,4,raw,0.9155220244420532,168,4.202344173390129
p2p-Gnutella08,spread_mean,3,node+edge+subgraph,5,raw,0.9162343657834674,168,4.202344173390129
p2p-Gnutella08,spread_mean,3,node+edge+subgraph,6,raw,0.9162885019660892,168,4.202344173390129
p2p-Gnutella08,spread_mean,3,node+edge+subgraph,7,raw,0.9160150889839399,168,4.202344173390129
p2p-Gnutella08,spread_mean,3,node+edge+subgraph,8,raw,0.9157049254478306,168,4.202344173390129
p2p-Gnutella08,spread_mean,3,node+edge+subgraph,9,raw,0.9162523243305586,168,4.202344173390129
p2p-Gnutella08,spread_mean,3,node+edge+subgraph,0,log1p,0.9158013671563614,168,4.202344173390129
p2p-Gnutella08,spread_mean,3,node+edge+subgraph,1,log1p,0.9156467878284824,168,4.202344173390129
p2p-Gnutella08,spread_mean,3,node+edge+subgraph,2,log1p,0.9158599883285562,168,4.202344173390129
p2p-Gnutella08,spread_mean,3,node+edge+subgraph,3,log1p,0.9159805874229976,168,4.202344173390129
p2p-Gnutella08,spread_mean,3,node+edge+subgraph,4,log1p,0.9153550464141232,168,4.202344173390129
p2p-Gnutella08,spread_mean,3,node+edge+subgraph,5,log1p,0.916246612663895,168,4.202344173390129
p2p-Gnutella08,spread_mean,3,node+edge+subgraph,6,log1p,0.9160737294430753,168,4.202344173390129
p2p-Gnutella08,spread_mean,3,node+edge+subgraph,7,log1p,0.91595156469255,168,4.202344173390129
p2p-Gnutella08,spread_mean,3,node+edge+subgraph,8,log1p,0.9151574068590126,168,4.202344173390129
p2p-Gnutella08,spread_mean,3,node+edge+subgraph,9,log1p,0.91595819696356,168,4.202344173390129
