network,target,radius_from,radius_to,target_n,target_mean,target_sd,target_positive,target_zero,target_negative,target_p025,target_p975,target_lower_variance,target_upper_variance,target_covariance,target_variance_identity,target_heuristic_star,seed_n,seed_mean,seed_sd,seed_positive,seed_zero,seed_negative,seed_p025,seed_p975,seed_lower_variance,seed_upper_variance,seed_covariance,seed_variance_identity,seed_heuristic_star,target_over_seed_sd,seed_over_target_sd,flag_change
ca-GrQc,spread_cv,0,1,200,0.2391734239542192,0.0037450387961632144,200,0,0,0.23207938159881444,0.24669414002766007,1.0091582569111204e-05,2.2242017457610717e-05,9.154142220977153e-06,1.4025315584767617e-05,True,10,0.24754543096663545,0.003909114804741572,10,0,0,0.24120872830103168,0.25246260390117325,3.5261431929236513e-06,5.366660197690559e-06,-3.1941875830177634e-06,1.5281178556649736e-05,True,0.9580273241452666,1.043811564447998,retained
ca-GrQc,spread_cv,1,2,200,0.08666013915422045,0.003412081436501889,200,0,0,0.07931813441260153,0.09319138414223142,2.2242017457610717e-05,2.1072549240677147e-05,1.5836133484483526e-05,1.1642299729320812e-05,True,10,0.09713524224192341,0.0015623774474051607,10,0,0,0.09554472061563293,0.09938531918924079,5.366660197690559e-06,3.298664674160648e-06,3.11215079184547e-06,2.4410232881602677e-06,True,2.183903410900335,0.4578957086695242,retained
ca-GrQc,spread_cv,2,3,200,0.011430228945841949,0.0019211821945099889,200,0,0,0.007857776055354617,0.015024078733657733,2.1072549240677147e-05,1.8784049393401368e-05,1.8082828804788154e-05,3.6909410245022044e-06,True,10,0.01587593289610568,0.0010268606070644852,10,0,0,0.014194630919577067,0.017298378094973865,3.298664674160648e-06,2.4094391833952604e-06,2.326830575607533e-06,1.0544427063408428e-06,True,1.8709279344176282,0.5344941307486941,retained
ca-GrQc,spread_mean,0,1,200,0.12998624631314978,0.001330608675705218,200,0,0,0.127658862558941,0.13269741481306252,1.8220275820206561e-06,2.2748960526455074e-06,1.163202093402085e-06,1.7705194478619938e-06,True,10,0.13998762683918695,0.001900259249676912,10,0,0,0.13812579957713036,0.14334770505970784,3.4894148073602105e-06,5.321259696646577e-07,2.0527778052110395e-07,3.6109852159826604e-06,True,0.7002248119205062,1.4281127760344574,retained
ca-GrQc,spread_mean,1,2,200,0.01758843768240523,0.0010909828417936065,200,0,0,0.015468276803759872,0.01946602509691682,2.2748960526455074e-06,1.6353866429562736e-06,1.3600195672568634e-06,1.1902435610880537e-06,True,10,0.021514066443858903,0.0005922266330459188,10,0,0,0.020832572650114695,0.022313596120044733,5.321259696646577e-07,1.3148533343955116e-07,1.564394591076517e-07,3.507323848889055e-07,True,1.8421711907526053,0.5428377150939253,retained
ca-GrQc,spread_mean,2,3,200,0.0021145682273049997,0.0004671034246064511,200,0,0,0.0012542325624383317,0.0031141806051460694,1.6353866429562736e-06,1.6266151730813904e-06,1.5219081033792955e-06,2.181856092790733e-07,True,10,0.0027126744244200364,0.00030093375035279685,10,0,0,0.0021734674775645835,0.00306627790045102,1.3148533343955116e-07,1.0402881520377904e-07,7.247651327096535e-08,9.056112210139948e-08,True,1.552180252493603,0.6442550717891712,retained
ca-GrQc,spread_resid,0,1,200,0.33323343701731106,0.00825880350804256,200,0,0,0.3164023766261521,0.34755841253728936,2.855111003599316e-05,5.000802568543803e-05,5.175650168487558e-06,6.820783538445606e-05,True,10,0.3059769506875303,0.004905679544511547,10,0,0,0.2987822297664455,0.31405434427566964,7.7224512973801e-06,6.261980057688558e-06,-5.040630219185179e-06,2.4065691793439016e-05,True,1.6835187527245787,0.5939939774247341,retained
ca-GrQc,spread_resid,1,2,200,0.10416928075880051,0.005518023443646025,200,0,0,0.0927874609733516,0.11393567468123979,5.000802568543803e-05,5.244547163532912e-05,3.600245729807e-05,3.0448582724627155e-05,True,10,0.12236310862890531,0.0018696859153419685,10,0,0,0.1201552874785572,0.12593656394309727,6.261980057688558e-06,1.8895357453996365e-06,2.32789519053003e-06,3.4957254220281346e-06,True,2.9513103769820983,0.3388325429271059,retained
ca-GrQc,spread_resid,2,3,200,0.012700984905952022,0.0030206964338430034,200,0,0,0.007447047983801772,0.018434635113131263,5.244547163532912e-05,4.457066064939629e-05,4.39457626696468e-05,9.124606945431823e-06,True,10,0.019168960061138496,0.0012279449885738776,10,0,0,0.017375251825898524,0.020460335936779643,1.8895357453996365e-06,4.136964284970142e-06,2.2593255677030393e-06,1.5078488949637006e-06,True,2.459960716441547,0.40651055657772805,retained
ca-HepTh,spread_cv,0,1,200,0.3269116229140985,0.0028853445531576735,200,0,0,0.3215382313409412,0.3324294643086704,3.3437074717728506e-06,9.266022952012179e-06,2.142258616674186e-06,8.325213190436657e-06,True,10,0.34267699012928,0.000790408800466255,10,0,0,0.34169422018104484,0.3437106364618435,5.863250189242341e-07,5.168102626634962e-07,2.3919460486661316e-07,6.247460718545041e-07,True,3.6504458850352313,0.2739391382569006,retained
ca-HepTh,spread_cv,1,2,200,0.11534856893048971,0.0020989615991507463,200,0,0,0.11127617496491396,0.11887766202623454,9.266022952012179e-06,8.114955433517401e-06,6.487669295410062e-06,4.405639794709458e-06,True,10,0.12916151756272204,0.0008289620586667657,10,0,0,0.1277000191815963,0.13010914257493889,5.168102626634962e-07,5.499811883397073e-07,1.8980667814708054e-07,6.871780947090425e-07,True,2.5320357876529878,0.3949391256143844,retained
ca-HepTh,spread_cv,2,3,200,0.017477871812129203,0.0012424946645576652,200,0,0,0.015102162642554526,0.019819001314716905,8.114955433517401e-06,7.77521303292813e-06,7.17318773749563e-06,1.5437929914542706e-06,True,10,0.0218350800334177,0.0005179514730557999,10,0,0,0.021139169237630616,0.022681427252138342,5.499811883397073e-07,1.8599772397087753e-07,2.338525919349559e-07,2.6827372844067305e-07,True,2.398863077321162,0.41686414262405985,retained
ca-HepTh,spread_mean,0,1,200,0.17100217248325975,0.000869673389844145,200,0,0,0.1694079487774716,0.17273129984128296,7.695843314825049e-07,1.1541635239580472e-06,5.837080252187732e-07,7.56331805003006e-07,True,10,0.17847525264352426,0.000773391892285885,10,0,0,0.17731951374956145,0.17942122028690688,4.909843159065512e-07,8.985928514697177e-08,-8.645709000009549e-09,5.98135019053542e-07,True,1.1244925095784033,0.8892900499398807,retained
ca-HepTh,spread_mean,1,2,200,0.039075774700000336,0.0007844289277003064,200,0,0,0.03759313732695711,0.04057164326769793,1.1541635239580472e-06,8.127912624995429e-07,6.758130219222689e-07,6.153287426130523e-07,True,10,0.04495115959026823,0.00032187691972222407,10,0,0,0.044456285917186755,0.04548299458905719,8.985928514697177e-08,3.487341792961583e-08,1.0563975813360256e-08,1.0360475144986709e-07,True,2.43704621125758,0.4103328018076332,retained
ca-HepTh,spread_mean,2,3,200,0.003839163786010026,0.00032020728651551604,200,0,0,0.0033052681733762024,0.00455234518945998,8.127912624995429e-07,7.385760734523703e-07,7.244173148071415e-07,1.0253270633763022e-07,True,10,0.004907610718974021,0.00018068682919693128,10,0,0,0.004554398550764713,0.0051249661046879665,3.487341792961583e-08,5.4812258770124894e-08,2.851897322724984e-08,3.264773024524104e-08,True,1.7721672793677776,0.5642808168519796,retained
ca-HepTh,spread_resid,0,1,200,0.2555970526090554,0.005183433769256121,200,0,0,0.24383139077940064,0.26491820937720995,2.2814174349579037e-05,1.423939126517835e-05,5.092789987246334e-06,2.686798564026472e-05,True,10,0.2593515108059307,0.001301072814978732,10,0,0,0.25779182489175884,0.2617639797960561,2.8110125635632934e-07,1.7078836238372887e-06,1.480972051584683e-07,1.6927904698766814e-06,True,3.98396900587063,0.25100596880307974,retained
ca-HepTh,spread_resid,1,2,200,0.1311779784234389,0.003279885881422191,200,0,0,0.12489301184714695,0.13801235276195462,1.423939126517835e-05,1.3032985275916303e-05,8.257362572971017e-06,1.075765139515262e-05,True,10,0.14668893045842418,0.001892924125812668,10,0,0,0.14407921140074093,0.14971683185374676,1.7078836238372887e-06,1.518210125009349e-06,-1.7853399861850766e-07,3.5831617460836528e-06,True,1.732708583876321,0.5771310936561845,retained
ca-HepTh,spread_resid,2,3,200,0.0208073164701892,0.0014852124381189004,200,0,0,0.018216649164231925,0.02403821828356551,1.3032985275916303e-05,1.2982659145013995e-05,1.1904894217293608e-05,2.2058559863430828e-06,True,10,0.02628197758063383,0.001066840419582388,10,0,0,0.024537189522519355,0.02791392395193605,1.518210125009349e-06,2.5058306547203935e-07,3.153223548133314e-07,1.1381484808547255e-06,True,1.3921598871369,0.7183082986657434,retained
email-Eu-core,spread_cv,0,1,200,0.09272667924459926,0.002261313283229914,200,0,0,0.08822884462460633,0.09751481422606113,1.058906997853432e-05,9.56255645610879e-06,7.519044334865528e-06,5.113537764912052e-06,True,10,0.0974083788830386,0.0010770478045731959,10,0,0,0.09624307406107277,0.0995761369665743,1.4206955317141987e-06,1.0159288119286453e-06,6.382961851534515e-07,1.1600319733359413e-06,True,2.099547739318785,0.4762930517238241,retained
email-Eu-core,spread_cv,1,2,200,0.003450331218112359,0.0010775867610835835,200,0,0,0.0014151761450389322,0.0056780556817825545,9.56255645610879e-06,8.359506709811074e-06,8.380434969128627e-06,1.161193227662611e-06,True,10,0.0034527509212722517,0.000568337631082533,10,0,0,0.002613357020216772,0.004215394475152507,1.0159288119286453e-06,6.949414364994005e-07,6.939312927617701e-07,3.230076629045056e-07,True,1.8960327491091262,0.5274170504016147,retained
email-Eu-core,spread_cv,2,3,200,0.004462374061148194,0.000830388318149103,200,0,0,0.002874161479849535,0.00592758480452254,8.359506709811074e-06,7.974911741728365e-06,7.822436846310472e-06,6.895447589184961e-07,True,10,0.005589766539350327,0.0006318111744972164,10,0,0,0.004621081427002349,0.00649976444441219,6.949414364994005e-07,3.2329273957830657e-07,3.0952440792907754e-07,3.9918536021955207e-07,True,1.3142982455318404,0.7608623106662846,retained
email-Eu-core,spread_mean,0,1,200,0.09462271473683229,0.001082052432190772,200,0,0,0.09249569590229409,0.09674520468253937,1.0254623115906885e-06,6.786159945432434e-07,2.6662042006198336e-07,1.170837466009965e-06,True,10,0.0975578187097645,0.0009527122961212107,10,0,0,0.09619870173354145,0.09859190575620655,1.3728610218866825e-06,1.212682099940258e-07,2.932342563500794e-07,9.076607191805494e-07,True,1.1357599105166851,0.8804677738141641,retained
email-Eu-core,spread_mean,1,2,200,0.003397355732274731,0.0006710246199671321,200,0,0,0.002231902591207946,0.004701690454047822,6.786159945432434e-07,6.077048307816726e-07,4.18023392361441e-07,4.5027404060203387e-07,True,10,0.004146144894093729,0.0005271197967475003,10,0,0,0.003611087910715685,0.005175655838578233,1.212682099940258e-07,3.027084789934606e-07,7.30607044321802e-08,2.77855280123126e-07,True,1.2730021223023138,0.785544644805014,retained
email-Eu-core,spread_mean,2,3,200,0.004365286010729016,0.0006131809920525312,200,0,0,0.0033094971318135464,0.005607066845766529,6.077048307816726e-07,7.369702605419535e-07,4.843420811545499e-07,3.759909290145263e-07,True,10,0.004902483696738291,0.0006523652977202403,10,0,0,0.0038517288437448006,0.005916697038396201,3.027084789934606e-07,1.447516222964556e-07,1.0939809810149276e-08,4.255804816696177e-07,True,0.939935024433944,1.0639033273626854,retained
email-Eu-core,spread_resid,0,1,200,0.03572090692170909,0.04263112481861075,159,0,41,-0.044726712541309784,0.11614366020499849,0.0010445049362677514,0.001113098763347458,0.00017009544815762027,0.001817412803299969,False,10,0.034733205678860665,0.022862867514949595,10,0,0,0.0073296908564471136,0.07296947069232783,0.00014423686711694772,0.00018004174519719104,-9.921604934599937e-05,0.0005227107110061374,False,1.8646447035016525,0.5362951977511216,neither
email-Eu-core,spread_resid,1,2,200,-0.005192470810227561,0.021661971732099022,80,0,120,-0.050625437695366794,0.03846546106715003,0.001113098763347458,0.0010378496219006228,0.0008408536829629119,0.0004692410193222567,False,10,0.029999583566942024,0.00958928428761127,10,0,0,0.01591207667967246,0.04538750301116004,0.00018004174519719104,0.00016593068961259498,0.0001270090308305788,9.195437314862842e-05,True,2.2589769040516274,0.44267827537609283,lost
email-Eu-core,spread_resid,2,3,200,0.0036415960541145037,0.018117568311152722,117,0,83,-0.030587715900073587,0.037894489533609826,0.0010378496219006228,0.0010925271571930327,0.0009010652487921853,0.0003282462815092852,False,10,-0.01470999414107969,0.014548284194477257,2,0,8,-0.03502318473258604,0.006055840336104599,0.00016593068961259498,0.00014456589304331203,4.942200482631512e-05,0.00021165257300327674,False,1.2453405548697225,0.8029932022125561,neither
facebook_combined,spread_cv,0,1,200,0.6801527479926444,0.006137579356151233,200,0,0,0.6680601061478542,0.6916158972539292,1.5262071831711725e-05,3.833352396535968e-05,7.962857722008787e-06,3.766988035305383e-05,True,10,0.6897129860622653,0.004965083326024485,10,0,0,0.6812429823929025,0.6961267796923064,1.9996431582916923e-05,2.232722983549777e-06,-1.2114489339499217e-06,2.465205243436654e-05,True,1.2361483087264842,0.8089644203212388,retained
facebook_combined,spread_cv,1,2,200,0.0020236046677013938,0.0016575218216486984,177,0,23,-0.0012823610070145956,0.005021351731964756,3.833352396535968e-05,3.583871038790476e-05,3.571242788201141e-05,2.7473785892416275e-06,False,10,0.0028293789580076333,0.0009557303532921054,10,0,0,0.001960207841077971,0.004708152005266528,2.232722983549777e-06,2.0165718681409364e-06,1.6679371717434307e-06,9.134205082038527e-07,True,1.7342986083252505,0.576601973385462,lost
facebook_combined,spread_cv,2,3,200,-0.0006976922125459039,0.001304495082307018,53,0,147,-0.0031458187137371808,0.0019345414100553212,3.583871038790476e-05,3.505514594716368e-05,3.459607445765263e-05,1.7017074197631793e-06,False,10,-0.0003037027261965086,0.0007270084651524512,3,0,7,-0.0014376884526808853,0.0007303399056175774,2.0165718681409364e-06,1.3652941298000356e-06,1.4266623447688243e-06,5.285413084033237e-07,False,1.7943327276574008,0.5573102382775766,neither
facebook_combined,spread_mean,0,1,200,0.2745946005619372,0.001353159006377291,200,0,0,0.27169706057959647,0.27701903924350285,1.3059525168866665e-06,7.90679401690872e-07,1.3279631101878045e-07,1.8310392965399773e-06,True,10,0.28533086296715066,0.0012668501553173741,10,0,0,0.28363824974697555,0.2875428425874605,1.6409114620243659e-06,7.32088694265221e-08,5.4605507711616597e-08,1.6049093160276548e-06,True,1.0681286975398403,0.9362167707910506,retained
facebook_combined,spread_mean,1,2,200,0.0013360477598283493,0.0003237884910278739,199,0,1,0.0006806598943678466,0.001919800225606003,7.90679401690872e-07,7.993993604907076e-07,7.426198876297362e-07,1.0483898692210718e-07,True,10,0.0016844494675952615,0.0003525327786653332,10,0,0,0.0011316582276208464,0.0021777735207119315,7.32088694265221e-08,1.8261020578383957e-07,6.576985758843045e-08,1.242793600335008e-07,True,0.9184635036030313,1.0887748898863265,retained
facebook_combined,spread_mean,2,3,200,0.0010368627335419578,0.00021237372759074145,200,0,0,0.0006331636568389337,0.001440571633393004,7.993993604907076e-07,8.20045012466204e-07,7.871708863930626e-07,4.510260017078631e-08,True,10,0.001215563036790024,0.00017556700414327398,10,0,0,0.0010035514154098397,0.001531335209846041,1.8261020578383957e-07,1.4745895943196857e-07,1.4962269613598185e-07,3.082377294384445e-08,True,1.2096448796120642,0.8266889042019523,retained
facebook_combined,spread_resid,0,1,200,0.4196101926089746,0.008293691806076088,200,0,0,0.40503436399652454,0.4353928523376851,2.511884525989084e-05,5.717677657570225e-05,6.755149030709709e-06,6.878532377417368e-05,True,10,0.42949540687650883,0.004735334483559626,10,0,0,0.42261335278464157,0.4357374486179759,6.847238468305157e-06,8.81263499590376e-06,-3.381759603489995e-06,2.242339267118891e-05,True,1.7514479356992725,0.5709561669617921,retained
facebook_combined,spread_resid,1,2,200,0.004616370359897825,0.002461834693173738,194,0,6,-0.00040595750568039315,0.0085163411781547,5.717677657570225e-05,6.0439201063393794e-05,5.5777673791291104e-05,6.060630056513831e-06,False,10,0.006768570258599704,0.001929916866381677,10,0,0,0.004226563608240608,0.01026276165905673,8.81263499590376e-06,4.697399610728366e-06,4.892727747743827e-06,3.7245791111444725e-06,True,1.275616963641202,0.7839343850880883,lost
facebook_combined,spread_resid,2,3,200,0.0007588249099763761,0.001143433985943078,155,0,45,-0.0012984096947688457,0.0036307292261377085,6.0439201063393794e-05,5.754144386931227e-05,5.833660182624821e-05,1.307441280209645e-06,False,10,0.0013627118093619494,0.0008979114933696409,9,0,1,-0.00011965603833063719,0.002822399052616548,4.697399610728366e-06,2.538898896356902e-06,3.2150267285799843e-06,8.062450499252999e-07,False,1.2734372979813986,0.7852761981961418,neither
p2p-Gnutella08,spread_cv,0,1,200,0.126158338601721,0.003450739545411407,200,0,0,0.12021640300363558,0.13293844122575577,1.815793551521465e-05,1.533214170788213e-05,1.0791236906415328e-05,1.1907603410266123e-05,True,10,0.13625010953845113,0.0017385887009565264,10,0,0,0.1336281368533407,0.1390952981225807,1.2745468886571033e-06,3.3159078676884838e-06,7.838820426259428e-07,3.0226906710937013e-06,True,1.984793495731854,0.5038307522421971,retained
p2p-Gnutella08,spread_cv,1,2,200,0.11048739301483287,0.004863045588735023,200,0,0,0.0997597283321205,0.11911413417495025,1.533214170788213e-05,2.440869962541439e-05,8.045814467590674e-06,2.3649212398115175e-05,True,10,0.12596964595058635,0.002718069577945659,10,0,0,0.12211727110717278,0.130008590668318,3.3159078676884838e-06,5.47922885587284e-06,7.036172465038163e-07,7.387902230553691e-06,True,1.7891541953869174,0.5589233183916509,retained
p2p-Gnutella08,spread_cv,2,3,200,0.052684566777586796,0.003376272391291501,200,0,0,0.04620729737484676,0.060601837066887876,2.440869962541439e-05,2.3517821034308078e-05,1.826365269976262e-05,1.1399215260197224e-05,True,10,0.06091102906723288,0.002531558272936857,10,0,0,0.056185736156930115,0.06403740806284296,5.47922885587284e-06,9.582485353547037e-07,1.4345050976250368e-08,6.408787289275042e-06,True,1.3336735825459363,0.7498086586457197,retained
p2p-Gnutella08,spread_mean,0,1,200,0.12623015102496724,0.0010870837063689425,200,0,0,0.12411991873263431,0.1282960484566752,1.575650937708656e-06,1.4490970493504802e-06,9.214985012031495e-07,1.1817509846528372e-06,True,10,0.1315701792755785,0.0014639749412512066,10,0,0,0.12966465364830507,0.1339489919258679,1.5027481429592883e-06,1.0466461138841848e-06,2.0308581411599953e-07,2.143222628611474e-06,True,0.7425562253407502,1.3466993688472706,retained
p2p-Gnutella08,spread_mean,1,2,200,0.07533442146435755,0.0012755025445209962,200,0,0,0.0730967571245637,0.077734483246434,1.4490970493504802e-06,2.00061877083265e-06,9.114045395517972e-07,1.6269067410795358e-06,True,10,0.08461896700347876,0.0012037033764753667,10,0,0,0.08295072845357919,0.08636459980774039,1.0466461138841848e-06,3.8589535180955254e-07,-8.180176422230515e-09,1.4489018185381984e-06,True,1.0596485558226718,0.9437091142200794,retained
p2p-Gnutella08,spread_mean,2,3,200,0.024138907930504168,0.0008985048267761288,200,0,0,0.022473825689024073,0.02593905661119871,2.00061877083265e-06,1.895688168003454e-06,1.5444980075480514e-06,8.073109237400017e-07,True,10,0.029226052141803505,0.0007328307085416173,10,0,0,0.02825978489894379,0.0305669852449937,3.8589535180955254e-07,9.660153299654432e-08,-2.7271981287755904e-08,5.370408473816086e-07,True,1.2260742028185667,0.8156113208329031,retained
p2p-Gnutella08,spread_resid,0,1,200,0.08962790708842312,0.011966154274881536,200,0,0,0.06339981342840272,0.1107561294410593,3.3506068829725984e-05,0.00016515740628109596,2.7737313490278162e-05,0.0001431888481302656,True,10,0.11653061512444751,0.004428422420752789,10,0,0,0.11028435443495478,0.12288554356620711,9.18277406556238e-06,1.6179865904956894e-05,2.87585741694664e-06,1.961092513662599e-05,True,2.7021257544910102,0.37007900107460634,retained
p2p-Gnutella08,spread_resid,1,2,200,0.107520153830676,0.011499342475340303,200,0,0,0.08825715831504696,0.13125415270586985,0.00016515740628109596,8.14558742489501e-05,5.7189201582440225e-05,0.0001322348773651656,True,10,0.11675661629564785,0.005390957688662052,10,0,0,0.11035962005350809,0.12587439132084235,1.6179865904956894e-05,4.593366394047503e-06,-4.144596250970045e-06,2.9062424800944486e-05,True,2.133079712260597,0.46880573391240926,retained
p2p-Gnutella08,spread_resid,2,3,200,0.05140265416426955,0.005885155067183477,200,0,0,0.040150474258941554,0.06338335922174407,8.14558742489501e-05,8.502335101352843e-05,6.592208754884159e-05,3.463505016479534e-05,True,10,0.064505819418404,0.0037831704265302436,10,0,0,0.06071671472607177,0.0711301594464978,4.593366394047503e-06,8.760596829146747e-06,-4.792076264893878e-07,1.4312378476173024e-05,True,1.5556145781624438,0.642832751786912,retained
