network,target,radius,tier,tau_published,target_noise_sd,target_ci_lo,target_ci_hi,seed_sd,ratio_seed_over_target,reps,n_samples
ca-GrQc,spread_mean,0,node+edge+subgraph+dynamic,0.7809055546326367,0.0012548760160854915,0.7753513192060801,0.7800701347228415,0.0018679975394416907,1.4885913153944834,200,4000
ca-GrQc,spread_mean,1,node+edge+subgraph+dynamic,0.9206914883458671,0.0011010854430098824,0.9073964295892838,0.9115274574666171,0.0007294696495843408,0.6625004936858417,200,4000
ca-GrQc,spread_mean,2,node+edge+subgraph+dynamic,0.9417022165063949,0.0010169546552718939,0.9248783909114701,0.9287378023776848,0.0003626090641993776,0.35656365042395144,200,4000
ca-GrQc,spread_mean,3,node+edge+subgraph+dynamic,0.9444641033303649,0.0009907717642740413,0.927098022111248,0.9307630300523649,0.0003225349829146431,0.325539134788496,200,4000
ca-GrQc,spread_cv,0,node+edge+subgraph+dynamic,0.45701500753036267,0.002979099613216874,0.4646053158866551,0.4753209003274024,0.0018778027566610012,0.6303256018462986,200,4000
ca-GrQc,spread_cv,1,node+edge+subgraph+dynamic,0.7098314654961153,0.0030011451703830542,0.7049665243669753,0.7165836641738942,0.0023166053176340933,0.7719071174882257,200,4000
ca-GrQc,spread_cv,2,node+edge+subgraph+dynamic,0.8077100966850964,0.002881836068896287,0.7919430411051052,0.8024302776135166,0.0018162226389296682,0.6302310733536146,200,4000
ca-GrQc,spread_cv,3,node+edge+subgraph+dynamic,0.8233158817512101,0.0025398170791306744,0.8011319399808069,0.8104760129209451,0.0015522368322505623,0.6111608765076342,200,4000
ca-GrQc,spread_resid,0,node+edge+subgraph+dynamic,0.21814628318824014,0.004551304045163661,0.20961377167160453,0.22723348557814904,0.0027789298834947364,0.6105788266217246,200,4000
ca-GrQc,spread_resid,1,node+edge+subgraph+dynamic,0.5329219149757677,0.005274174442175745,0.5340686768422116,0.5536404099475731,0.0025023948644625526,0.47446190714735714,200,4000
ca-GrQc,spread_resid,2,node+edge+subgraph+dynamic,0.6547394398240425,0.005407618449842144,0.6416585698628274,0.6613317832134262,0.0013746038503509425,0.25419764044023285,200,4000
ca-GrQc,spread_resid,3,node+edge+subgraph+dynamic,0.6729497380424363,0.004946041889675353,0.6508975919997244,0.6693512402000595,0.0020339528718655558,0.41122839580298415,200,4000
ca-HepTh,spread_mean,0,node+edge+subgraph+dynamic,0.7229330324036256,0.0008625136678445499,0.7194323774562517,0.7228419462224548,0.000700702730055015,0.8123960885235526,200,4000
ca-HepTh,spread_mean,1,node+edge+subgraph+dynamic,0.9008405370646503,0.0008802864451815326,0.8915303697298285,0.8950135609745239,0.00029976538350349915,0.34053163620130666,200,4000
ca-HepTh,spread_mean,2,node+edge+subgraph+dynamic,0.9459710972810879,0.0007757283251504561,0.9311407993020709,0.9342634374022188,0.0001867442580900815,0.24073409728059317,200,4000
ca-HepTh,spread_mean,3,node+edge+subgraph+dynamic,0.9507504117438219,0.0007438953966136865,0.9349200209514604,0.9377607609329298,0.00023412018018559213,0.3147219101655141,200,4000
ca-HepTh,spread_cv,0,node+edge+subgraph+dynamic,0.32772998004946063,0.001801747504975397,0.33033081083946503,0.33729040712250086,0.0007657186290826523,0.424986646002381,200,4000
ca-HepTh,spread_cv,1,node+edge+subgraph+dynamic,0.6703261290098305,0.0024155703954839344,0.6580557512230084,0.6674284503371274,0.0007188951680624207,0.2976088667945434,200,4000
ca-HepTh,spread_cv,2,node+edge+subgraph+dynamic,0.7993643181936548,0.0022609607756599206,0.7729440477336117,0.7819377763851426,0.0007416071657823347,0.32800532135099836,200,4000
ca-HepTh,spread_cv,3,node+edge+subgraph+dynamic,0.8221714613119548,0.002248327497630076,0.7909522923231401,0.7995721186321717,0.00043127453434080423,0.19182015733713323,200,4000
ca-HepTh,spread_resid,0,node+edge+subgraph+dynamic,0.2870241177992503,0.004741205102557311,0.27371045406398115,0.29114437057024756,0.0005301898304912459,0.11182596386839964,200,4000
ca-HepTh,spread_resid,1,node+edge+subgraph+dynamic,0.5452386156924028,0.0034080540382247517,0.5321611337681343,0.5447654137045587,0.0013068602158751673,0.38346229291478845,200,4000
ca-HepTh,spread_resid,2,node+edge+subgraph+dynamic,0.6934937057619858,0.0031473629548584344,0.6641757888994766,0.6764773221494178,0.0012321566966134417,0.39148859355779736,200,4000
ca-HepTh,spread_resid,3,node+edge+subgraph+dynamic,0.7192085142522305,0.0032341569486948447,0.6847849061725002,0.6979769126820391,0.0005005827259025619,0.1547799732182366,200,4000
email-Eu-core,spread_mean,0,node+edge+subgraph+dynamic,0.8612077161020582,0.0008982770404843055,0.8575051171230186,0.8610614719697045,0.0011716915216415465,1.3043765662871998,200,4000
email-Eu-core,spread_mean,1,node+edge+subgraph+dynamic,0.9595171339652712,0.0007456659379048806,0.9528137895179347,0.9559662273658543,0.0003482358539754605,0.4670132243855861,200,4000
email-Eu-core,spread_mean,2,node+edge+subgraph+dynamic,0.9633588823850965,0.0007240431041374932,0.9561005268769042,0.9588082533325286,0.0005501894937141768,0.7598849993462514,200,4000
email-Eu-core,spread_mean,3,node+edge+subgraph+dynamic,0.9683259129986864,0.0006909489876227335,0.9606906883843932,0.9633097525076676,0.0003804623796073143,0.5506374369493271,200,4000
email-Eu-core,spread_cv,0,node+edge+subgraph+dynamic,0.8562848573727373,0.0033047732762666714,0.8438230846793815,0.8559956270269604,0.0011919293316779308,0.3606690178227375,200,4000
email-Eu-core,spread_cv,1,node+edge+subgraph+dynamic,0.9548188739638718,0.0028110351868849055,0.9392004959122258,0.9494265868802603,0.001007932940194285,0.35856290412047187,200,4000
email-Eu-core,spread_cv,2,node+edge+subgraph+dynamic,0.9583229081525879,0.002885846481220035,0.9423191808239538,0.952723369435147,0.0008336314752331234,0.2888689612070747,200,4000
email-Eu-core,spread_cv,3,node+edge+subgraph+dynamic,0.9633434753861427,0.0029028345341195532,0.9466050936848381,0.9569650074004116,0.0005685883744663523,0.19587350494257796,200,4000
email-Eu-core,spread_resid,0,node+edge+subgraph+dynamic,0.036170579918648034,0.02184766596376597,-0.007556938564334514,0.07510210576408108,0.01200986540794474,0.5497093111851364,200,4000
email-Eu-core,spread_resid,1,node+edge+subgraph+dynamic,0.06123536057505933,0.024768522749741645,0.02432728477343422,0.11494020967470368,0.013417963526451818,0.5417345096445761,200,4000
email-Eu-core,spread_resid,2,node+edge+subgraph+dynamic,0.10836973232011143,0.02450144092740147,0.03138719682682171,0.12566661855956718,0.012881408681219408,0.5257408623185641,200,4000
email-Eu-core,spread_resid,3,node+edge+subgraph+dynamic,0.07317691564254412,0.02539273303967901,0.018068557342676095,0.11713559469473402,0.012023555757067535,0.473503806710344,200,4000
facebook_combined,spread_mean,0,node+edge+subgraph+dynamic,0.6689344576439757,0.001038032525548298,0.6661316730272363,0.6699550319252697,0.0012809806641883264,1.234046749654305,200,4000
facebook_combined,spread_mean,1,node+edge+subgraph+dynamic,0.9559047698617702,0.0007627068048554636,0.9425177807446743,0.9453602413365179,0.0002705713758446977,0.3547514905101341,200,4000
facebook_combined,spread_mean,2,node+edge+subgraph+dynamic,0.9576263271153644,0.0007673779244331626,0.943911614715119,0.9468452494704624,0.00042732915391277933,0.5568692300191378,200,4000
facebook_combined,spread_mean,3,node+edge+subgraph+dynamic,0.9586574399781456,0.0007631355813198559,0.9447399495014676,0.9476383226547432,0.00038400385340771304,0.5031921755549281,200,4000
facebook_combined,spread_cv,0,node+edge+subgraph+dynamic,0.14178134388055044,0.00196544898361501,0.1354589459027928,0.1428729098746497,0.004471736976043755,2.2751732623550374,200,4000
facebook_combined,spread_cv,1,node+edge+subgraph+dynamic,0.8322818940632336,0.003250850428067301,0.8143114610792493,0.8262007408133831,0.001494229896485068,0.45964277026839995,200,4000
facebook_combined,spread_cv,2,node+edge+subgraph+dynamic,0.8361143991051793,0.0031105074152519264,0.8163190664147518,0.8275734446429212,0.0014200605156615461,0.45653661158256154,200,4000
facebook_combined,spread_cv,3,node+edge+subgraph+dynamic,0.8368719992491562,0.003091431164073271,0.8151277285386211,0.827482172097249,0.0011684580137086807,0.37796669299571917,200,4000
facebook_combined,spread_resid,0,node+edge+subgraph+dynamic,0.3031485346859317,0.004353862691747826,0.3002368716805216,0.3170555011070724,0.002616722848966849,0.6010117990001161,200,4000
facebook_combined,spread_resid,1,node+edge+subgraph+dynamic,0.725643613131727,0.006532157498896816,0.7037775199495854,0.7285841952419305,0.002968608259084341,0.4544606065585061,200,4000
facebook_combined,spread_resid,2,node+edge+subgraph+dynamic,0.7364182517460914,0.00646706363245237,0.7101092005960391,0.7352419775623343,0.002167348520826396,0.33513641491795826,200,4000
facebook_combined,spread_resid,3,node+edge+subgraph+dynamic,0.7378488501564855,0.00634337055685023,0.710457702074474,0.7345977711851225,0.00159339226066807,0.25119015929904326,200,4000
p2p-Gnutella08,spread_mean,0,node+edge+subgraph+dynamic,0.6721624133785872,0.0010295883771513179,0.6616204591787805,0.6658144974855388,0.0012258662826586302,1.190637258406488,200,4000
p2p-Gnutella08,spread_mean,1,node+edge+subgraph+dynamic,0.8020792946538237,0.0010650647999577636,0.788427710102982,0.7924642390340069,0.0010230572388112919,0.9605586804219447,200,4000
p2p-Gnutella08,spread_mean,2,node+edge+subgraph+dynamic,0.8863535973027625,0.0011096540828886088,0.8654121270839001,0.8696445677984316,0.0006212047583603594,0.5598183865941926,200,4000
p2p-Gnutella08,spread_mean,3,node+edge+subgraph+dynamic,0.9159463637991632,0.0011307637427549234,0.8891498752441908,0.8934019118542151,0.0003108078715163848,0.2748654380791796,200,4000
p2p-Gnutella08,spread_cv,0,node+edge+subgraph+dynamic,0.45546526463719494,0.003336158759766527,0.4190402295938485,0.4309144990768628,0.0011289583201593823,0.3384006581984095,200,4000
p2p-Gnutella08,spread_cv,1,node+edge+subgraph+dynamic,0.5916323543318329,0.0029664823602705706,0.5491920576212146,0.5605869044958153,0.0018209634449072513,0.6138460384241633,200,4000
p2p-Gnutella08,spread_cv,2,node+edge+subgraph+dynamic,0.7183975774951826,0.003393770808402888,0.6623764828223082,0.674804894381807,0.0023407752681265325,0.689726973409882,200,4000
p2p-Gnutella08,spread_cv,3,node+edge+subgraph+dynamic,0.7790006168159177,0.0036204372888736045,0.7109513447904943,0.7234658857466195,0.0009789016985145668,0.27038217220967914,200,4000
p2p-Gnutella08,spread_resid,0,node+edge+subgraph+dynamic,0.142923619968282,0.005486190010805142,0.1379800754456836,0.16024991143589748,0.00303030923596294,0.5523522207569727,200,4000
p2p-Gnutella08,spread_resid,1,node+edge+subgraph+dynamic,0.2561303735685523,0.00548357454737415,0.2432529441582307,0.26568874224419015,0.004022420403806256,0.7335398414037102,200,4000
p2p-Gnutella08,spread_resid,2,node+edge+subgraph+dynamic,0.3717713819272325,0.005779159759231974,0.3454507904863413,0.36511495246768844,0.0021432140336530812,0.37085218664000136,200,4000
p2p-Gnutella08,spread_resid,3,node+edge+subgraph+dynamic,0.43717318427845614,0.006283817468813161,0.39053570979351665,0.4156021472384206,0.0029598305406132288,0.4710242707244421,200,4000
