network,target,radius,tier,tau_published,target_noise_sd,target_ci_lo,target_ci_hi,seed_sd,ratio_seed_over_target,reps,n_samples,sd_refit,tau_refit_mean,refit_over_frozen,seed_over_refit
ca-GrQc,spread_mean,0,node+edge+subgraph+dynamic,0.7809055546326367,0.0012548760160854,0.7753513192060801,0.7800701347228415,0.0018679975394416,1.4885913153944834,200,4000,0.0013498250190378959,0.7775444130921878,1.0756640510579605,1.3838812535665088
ca-GrQc,spread_mean,1,node+edge+subgraph+dynamic,0.9206914883458672,0.0011010854430098,0.9073964295892838,0.9115274574666172,0.0007294696495843,0.6625004936858417,200,4000,0.0015082758542937387,0.9075306594053376,1.3698081868841079,0.4836447175811082
ca-GrQc,spread_mean,2,node+edge+subgraph+dynamic,0.9417022165063949,0.0010169546552718,0.92487839091147,0.9287378023776848,0.0003626090641993,0.3565636504239514,200,4000,0.001278822365677217,0.9251190970877429,1.2575018552183412,0.28354920427691743
ca-GrQc,spread_mean,3,node+edge+subgraph+dynamic,0.9444641033303648,0.000990771764274,0.927098022111248,0.9307630300523648,0.0003225349829146,0.325539134788496,200,4000,0.0012753882440580163,0.9272336653150478,1.2872674515432647,0.2528916072554987
ca-GrQc,spread_cv,0,node+edge+subgraph+dynamic,0.4570150075303626,0.0029790996132168,0.4646053158866551,0.4753209003274024,0.001877802756661,0.6303256018462986,200,4000,0.0031767251327603405,0.47058900285024713,1.0663373318121936,0.591112758638116
ca-GrQc,spread_cv,1,node+edge+subgraph+dynamic,0.7098314654961153,0.003001145170383,0.7049665243669753,0.7165836641738942,0.002316605317634,0.7719071174882257,200,4000,0.00471614434232146,0.7097624268044663,1.5714482554403042,0.4912074672620562
ca-GrQc,spread_cv,2,node+edge+subgraph+dynamic,0.8077100966850964,0.0028818360688962,0.7919430411051052,0.8024302776135166,0.0018162226389296,0.6302310733536146,200,4000,0.004590484641154695,0.7964225659586868,1.5929027645604217,0.3956494315756485
ca-GrQc,spread_cv,3,node+edge+subgraph+dynamic,0.8233158817512101,0.0025398170791306,0.8011319399808069,0.8104760129209451,0.0015522368322505,0.6111608765076342,200,4000,0.004334056920876948,0.8078527949045288,1.7064445138547264,0.35814869545747047
ca-GrQc,spread_resid,0,node+edge+subgraph+dynamic,0.2181462831882401,0.0045513040451636,0.2096137716716045,0.227233485578149,0.0027789298834947,0.6105788266217246,200,4000,0.005343323875266514,0.21460492564421288,1.1740204174987048,0.5200751345726901
ca-GrQc,spread_resid,1,node+edge+subgraph+dynamic,0.5329219149757677,0.0052741744421757,0.5340686768422116,0.5536404099475731,0.0025023948644625,0.4744619071473571,200,4000,0.007071635290754044,0.547838362661524,1.3408042089402064,0.35386367672754676
ca-GrQc,spread_resid,2,node+edge+subgraph+dynamic,0.6547394398240425,0.0054076184498421,0.6416585698628274,0.6613317832134262,0.0013746038503509,0.2541976404402328,200,4000,0.007241924580892093,0.6520076434203245,1.3392077581034874,0.18981195330006737
ca-GrQc,spread_resid,3,node+edge+subgraph+dynamic,0.6729497380424363,0.0049460418896753,0.6508975919997244,0.6693512402000595,0.0020339528718655,0.4112283958029841,200,4000,0.00667612617087157,0.6647086283262764,1.3497916758060142,0.3046606399890682
ca-HepTh,spread_mean,0,node+edge+subgraph+dynamic,0.7229330324036256,0.0008625136678445,0.7194323774562517,0.7228419462224548,0.000700702730055,0.8123960885235526,200,4000,0.000877259557646712,0.7210990817229933,1.017096412905622,0.7987404912802163
ca-HepTh,spread_mean,1,node+edge+subgraph+dynamic,0.9008405370646504,0.0008802864451815,0.8915303697298285,0.8950135609745239,0.0002997653835034,0.3405316362013066,200,4000,0.0010743200286497721,0.8921012542062531,1.220420960166285,0.27902801354280937
ca-HepTh,spread_mean,2,node+edge+subgraph+dynamic,0.945971097281088,0.0007757283251504,0.9311407993020708,0.9342634374022188,0.00018674425809,0.2407340972805931,200,4000,0.000901549367755057,0.9311770289062534,1.1621973035215163,0.2071370296171477
ca-HepTh,spread_mean,3,node+edge+subgraph+dynamic,0.950750411743822,0.0007438953966136,0.9349200209514604,0.9377607609329298,0.0002341201801855,0.3147219101655141,200,4000,0.0008594044876845654,0.9350161926922634,1.155275985839934,0.27242140754497796
ca-HepTh,spread_cv,0,node+edge+subgraph+dynamic,0.3277299800494606,0.0018017475049753,0.330330810839465,0.3372904071225008,0.0007657186290826,0.424986646002381,200,4000,0.0018285807260749662,0.33361344813466576,1.014892886503558,0.418750246113667
ca-HepTh,spread_cv,1,node+edge+subgraph+dynamic,0.6703261290098305,0.0024155703954839,0.6580557512230084,0.6674284503371274,0.0007188951680624,0.2976088667945434,200,4000,0.0030440142824914897,0.6605250710487641,1.2601637642945596,0.2361668183350286
ca-HepTh,spread_cv,2,node+edge+subgraph+dynamic,0.7993643181936548,0.0022609607756599,0.7729440477336117,0.7819377763851426,0.0007416071657823,0.3280053213509983,200,4000,0.002848676084344691,0.7758736399792538,1.2599405151171879,0.26033397403724096
ca-HepTh,spread_cv,3,node+edge+subgraph+dynamic,0.8221714613119548,0.00224832749763,0.7909522923231401,0.7995721186321717,0.0004312745343408,0.1918201573371332,200,4000,0.002788406898737724,0.7933515117913831,1.2402138485950247,0.15466700162592212
ca-HepTh,spread_resid,0,node+edge+subgraph+dynamic,0.2870241177992503,0.0047412051025573,0.2737104540639811,0.2911443705702475,0.0005301898304912,0.1118259638683996,200,4000,0.004776418569344508,0.2820081721594338,1.0074271131548842,0.11100154284928186
ca-HepTh,spread_resid,1,node+edge+subgraph+dynamic,0.5452386156924028,0.0034080540382247,0.5321611337681343,0.5447654137045587,0.0013068602158751,0.3834622929147884,200,4000,0.0037735117947580803,0.5376052247684892,1.1072335568727518,0.34632466703575865
ca-HepTh,spread_resid,2,node+edge+subgraph+dynamic,0.6934937057619858,0.0031473629548584,0.6641757888994766,0.6764773221494178,0.0012321566966134,0.3914885935577973,200,4000,0.003610122612310599,0.6687832031919281,1.1470309157505536,0.3413060521578182
ca-HepTh,spread_resid,3,node+edge+subgraph+dynamic,0.7192085142522305,0.0032341569486948,0.6847849061725002,0.6979769126820391,0.0005005827259025,0.1547799732182366,200,4000,0.0036031457290836844,0.6895905196621173,1.1140911793219548,0.13892935882718324
email-Eu-core,spread_mean,0,node+edge+subgraph+dynamic,0.8612077161020582,0.0008982770404843,0.8575051171230186,0.8610614719697045,0.0011716915216415,1.3043765662871998,200,4000,0.0010126511302470799,0.8588727431782265,1.1273260749279708,1.1570534872711942
email-Eu-core,spread_mean,1,node+edge+subgraph+dynamic,0.9595171339652712,0.0007456659379048,0.9528137895179348,0.9559662273658543,0.0003482358539754,0.4670132243855861,200,4000,0.0008237815211227085,0.9534954579150587,1.1047594898023645,0.4227284116555555
email-Eu-core,spread_mean,2,node+edge+subgraph+dynamic,0.9633588823850964,0.0007240431041374,0.9561005268769042,0.9588082533325286,0.0005501894937141,0.7598849993462514,200,4000,0.0007795542513396182,0.9568928136473335,1.0766682907205534,0.7057744765917595
email-Eu-core,spread_mean,3,node+edge+subgraph+dynamic,0.9683259129986864,0.0006909489876227,0.9606906883843932,0.9633097525076676,0.0003804623796073,0.5506374369493271,200,4000,0.00085846972022428,0.9612580996580625,1.2424502178922887,0.44318672009526683
email-Eu-core,spread_cv,0,node+edge+subgraph+dynamic,0.8562848573727373,0.0033047732762666,0.8438230846793815,0.8559956270269604,0.0011919293316779,0.3606690178227375,200,4000,0.0032540851215870675,0.8497856853761432,0.9846621385365368,0.36628707828533313
email-Eu-core,spread_cv,1,node+edge+subgraph+dynamic,0.9548188739638718,0.0028110351868849,0.9392004959122258,0.9494265868802604,0.0010079329401942,0.3585629041204718,200,4000,0.0030923383476115273,0.9425123646207425,1.1000710208250217,0.32594523201922954
email-Eu-core,spread_cv,2,node+edge+subgraph+dynamic,0.958322908152588,0.00288584648122,0.9423191808239538,0.952723369435147,0.0008336314752331,0.2888689612070747,200,4000,0.0028912811537121523,0.9459626958388548,1.0018832160780273,0.2883259810837801
email-Eu-core,spread_cv,3,node+edge+subgraph+dynamic,0.9633434753861428,0.0029028345341195,0.946605093684838,0.9569650074004116,0.0005685883744663,0.1958735049425779,200,4000,0.0028239886228043423,0.9504250699000031,0.97283830325552,0.20134230353296084
email-Eu-core,spread_resid,0,node+edge+subgraph+dynamic,0.036170579918648,0.0218476659637659,-0.0075569385643345,0.075102105764081,0.0120098654079447,0.5497093111851364,200,4000,0.03231880159083488,0.01966166488313372,1.4792793721963362,0.37160614926236973
email-Eu-core,spread_resid,1,node+edge+subgraph+dynamic,0.0612353605750593,0.0247685227497416,0.0243272847734342,0.1149402096747036,0.0134179635264518,0.5417345096445761,200,4000,0.0333631347949718,0.05538257180484281,1.3469973616137387,0.4021793398285235
email-Eu-core,spread_resid,2,node+edge+subgraph+dynamic,0.1083697323201114,0.0245014409274014,0.0313871968268217,0.1256666185595671,0.0128814086812194,0.5257408623185641,200,4000,0.032215673544109286,0.05019010099461525,1.314848120139767,0.3998491188949485
email-Eu-core,spread_resid,3,node+edge+subgraph+dynamic,0.0731769156425441,0.025392733039679,0.018068557342676,0.117135594694734,0.0120235557570675,0.473503806710344,200,4000,0.03305339857250738,0.05383169704872975,1.3016873182125661,0.3637615578528817
facebook_combined,spread_mean,0,node+edge+subgraph+dynamic,0.6689344576439757,0.0010380325255482,0.6661316730272363,0.6699550319252697,0.0012809806641883,1.234046749654305,200,4000,0.001142782795148171,0.6679079598844251,1.100912319240335,1.120931002485219
facebook_combined,spread_mean,1,node+edge+subgraph+dynamic,0.9559047698617702,0.0007627068048554,0.9425177807446744,0.945360241336518,0.0002705713758446,0.3547514905101341,200,4000,0.0008892015529062418,0.9425025604463623,1.1658497698533365,0.3042857662138263
facebook_combined,spread_mean,2,node+edge+subgraph+dynamic,0.9576263271153644,0.0007673779244331,0.943911614715119,0.9468452494704624,0.0004273291539127,0.5568692300191378,200,4000,0.0008940913602595138,0.9438386082061908,1.1651252033605517,0.4779479736709076
facebook_combined,spread_mean,3,node+edge+subgraph+dynamic,0.9586574399781456,0.0007631355813198,0.9447399495014676,0.9476383226547432,0.0003840038534077,0.5031921755549281,200,4000,0.0009055633674493486,0.9448754709397327,1.1866349697431586,0.42404967693128187
facebook_combined,spread_cv,0,node+edge+subgraph+dynamic,0.1417813438805504,0.001965448983615,0.1354589459027928,0.1428729098746497,0.0044717369760437,2.2751732623550374,200,4000,0.003906670171861418,0.1422002152339796,1.987673149712581,1.144641543648166
facebook_combined,spread_cv,1,node+edge+subgraph+dynamic,0.8322818940632336,0.0032508504280673,0.8143114610792493,0.8262007408133831,0.001494229896485,0.4596427702683999,200,4000,0.0061914072685747045,0.8223529632266238,1.9045500263928257,0.24133930004397527
facebook_combined,spread_cv,2,node+edge+subgraph+dynamic,0.8361143991051793,0.0031105074152519,0.8163190664147518,0.8275734446429212,0.0014200605156615,0.4565366115825615,200,4000,0.0059865441105787206,0.8243765678943252,1.9246197842913386,0.23720872834664913
facebook_combined,spread_cv,3,node+edge+subgraph+dynamic,0.8368719992491562,0.0030914311640732,0.8151277285386211,0.827482172097249,0.0011684580137086,0.3779666929957191,200,4000,0.005920738631890761,0.8236788756817793,1.9152095963507496,0.1973500413301403
facebook_combined,spread_resid,0,node+edge+subgraph+dynamic,0.3031485346859317,0.0043538626917478,0.3002368716805216,0.3170555011070724,0.0026167228489668,0.6010117990001161,200,4000,0.005011870435265744,0.30990336851571887,1.1511319465276468,0.5221050469609863
facebook_combined,spread_resid,1,node+edge+subgraph+dynamic,0.725643613131727,0.0065321574988968,0.7037775199495854,0.7285841952419305,0.0029686082590843,0.4544606065585061,200,4000,0.007561532686942658,0.7295135611246935,1.157585788190151,0.39259345717178834
facebook_combined,spread_resid,2,node+edge+subgraph+dynamic,0.7364182517460914,0.0064670636324523,0.7101092005960391,0.7352419775623343,0.0021673485208263,0.3351364149179582,200,4000,0.007774265306985207,0.7341299314845913,1.2021321806659289,0.27878499578332233
facebook_combined,spread_resid,3,node+edge+subgraph+dynamic,0.7378488501564855,0.0063433705568502,0.710457702074474,0.7345977711851225,0.001593392260668,0.2511901592990432,200,4000,0.007585607679633338,0.7348887563945676,1.1958323436491736,0.21005466245586527
p2p-Gnutella08,spread_mean,0,node+edge+subgraph+dynamic,0.6721624133785872,0.0010295883771513,0.6616204591787805,0.6658144974855388,0.0012258662826586,1.190637258406488,200,4000,0.0012552493528015284,0.6631197682210707,1.219175915985566,0.976591846012627
p2p-Gnutella08,spread_mean,1,node+edge+subgraph+dynamic,0.8020792946538237,0.0010650647999577,0.788427710102982,0.7924642390340069,0.0010230572388112,0.9605586804219448,200,4000,0.0012037844696416715,0.789349919246038,1.1302452861924277,0.849867451036091
p2p-Gnutella08,spread_mean,2,node+edge+subgraph+dynamic,0.8863535973027625,0.0011096540828886,0.8654121270839001,0.8696445677984316,0.0006212047583603,0.5598183865941926,200,4000,0.0014144323139806479,0.8646843407103956,1.2746605773744044,0.4391901628802856
p2p-Gnutella08,spread_mean,3,node+edge+subgraph+dynamic,0.9159463637991632,0.0011307637427549,0.8891498752441908,0.8934019118542151,0.0003108078715163,0.2748654380791796,200,4000,0.0013768399209797245,0.8888232486408997,1.217619445088772,0.22574002015799846
p2p-Gnutella08,spread_cv,0,node+edge+subgraph+dynamic,0.4554652646371949,0.0033361587597665,0.4190402295938485,0.4309144990768628,0.0011289583201593,0.3384006581984095,200,4000,0.004261212915968252,0.4156379526116627,1.2772812155577684,0.2649382564125578
p2p-Gnutella08,spread_cv,1,node+edge+subgraph+dynamic,0.5916323543318329,0.0029664823602705,0.5491920576212146,0.5605869044958153,0.0018209634449072,0.6138460384241633,200,4000,0.0039156278816917895,0.5417962912133837,1.3199565701562916,0.46505017839448853
p2p-Gnutella08,spread_cv,2,node+edge+subgraph+dynamic,0.7183975774951826,0.0033937708084028,0.6623764828223082,0.674804894381807,0.0023407752681265,0.689726973409882,200,4000,0.004940516129455948,0.6522836842282166,1.4557600994220021,0.47379164581014477
p2p-Gnutella08,spread_cv,3,node+edge+subgraph+dynamic,0.7790006168159177,0.0036204372888736,0.7109513447904943,0.7234658857466195,0.0009789016985145,0.2703821722096791,200,4000,0.004849517608413035,0.7049682510058034,1.3394839411572377,0.20185547874210888
p2p-Gnutella08,spread_resid,0,node+edge+subgraph+dynamic,0.142923619968282,0.0054861900108051,0.1379800754456836,0.1602499114358974,0.0030303092359629,0.5523522207569727,200,4000,0.005788442694691379,0.14453187486797253,1.0550933677636007,0.5235102765622985
p2p-Gnutella08,spread_resid,1,node+edge+subgraph+dynamic,0.2561303735685523,0.0054835745473741,0.2432529441582307,0.2656887422441901,0.0040224204038062,0.7335398414037102,200,4000,0.012851358149281187,0.23415978195639564,2.343609636060345,0.31299574388028284
p2p-Gnutella08,spread_resid,2,node+edge+subgraph+dynamic,0.3717713819272325,0.0057791597592319,0.3454507904863413,0.3651149524676884,0.002143214033653,0.3708521866400013,200,4000,0.009025290812430926,0.3416799357870716,1.5616960230271373,0.23746758727165423
p2p-Gnutella08,spread_resid,3,node+edge+subgraph+dynamic,0.4371731842784561,0.0062838174688131,0.3905357097935166,0.4156021472384206,0.0029598305406132,0.4710242707244421,200,4000,0.009220810756843913,0.39308258995134115,1.4673899747418282,0.3209946086808409
