network,target,radius,left_arm,right_arm,n_seeds,status,mean_left,mean_right,mean_difference,sd_difference,covariance,descriptive_abs_mean_gt_2sd
ca-GrQc,spread_mean,0,buffer_b1,region,10,scored,0.7056758886668437,0.7342195991949259,-0.028543710528082133,0.008175325885999818,0.0003476639366364134,True
ca-GrQc,spread_mean,0,control_b1,region,10,scored,0.7332041539026355,0.7342195991949259,-0.0010154452922903623,0.0029239258696540545,0.00031901968827363804,False
ca-GrQc,spread_mean,0,buffer_measured,region,10,unscored_incomplete_or_infeasible,,,,,,False
ca-GrQc,spread_mean,0,control_measured,region,10,unscored_incomplete_or_infeasible,,,,,,False
ca-GrQc,spread_mean,0,buffer_b1,control_b1,10,scored,0.7056758886668437,0.7332041539026355,-0.02752826523579177,0.009918450689269038,0.00034699987515661695,True
ca-GrQc,spread_mean,0,buffer_measured,control_measured,10,unscored_incomplete_or_infeasible,,,,,,False
ca-GrQc,spread_mean,1,buffer_b1,region,10,scored,0.8916854970940395,0.9016539628537297,-0.009968465759690182,0.0043344529246920884,5.9902683631890385e-05,True
ca-GrQc,spread_mean,1,control_b1,region,10,scored,0.9002505054910295,0.9016539628537297,-0.0014034573627003445,0.0009433189077003419,5.313423346349305e-05,False
ca-GrQc,spread_mean,1,buffer_measured,region,10,unscored_incomplete_or_infeasible,,,,,,False
ca-GrQc,spread_mean,1,control_measured,region,10,unscored_incomplete_or_infeasible,,,,,,False
ca-GrQc,spread_mean,1,buffer_b1,control_b1,10,scored,0.8916854970940395,0.9002505054910295,-0.008565008396989838,0.004475268007911268,5.927711987439697e-05,False
ca-GrQc,spread_mean,1,buffer_measured,control_measured,10,unscored_incomplete_or_infeasible,,,,,,False
ca-GrQc,spread_mean,2,buffer_b1,region,10,scored,0.9225814665666746,0.9327959232136018,-0.010214456646927227,0.004690255025658296,1.62798919127752e-05,True
ca-GrQc,spread_mean,2,control_b1,region,10,scored,0.9310808111384565,0.9327959232136018,-0.0017151120751455085,0.0013198907910461706,1.8120712805124217e-05,False
ca-GrQc,spread_mean,2,buffer_measured,region,10,unscored_incomplete_or_infeasible,,,,,,False
ca-GrQc,spread_mean,2,control_measured,region,10,unscored_incomplete_or_infeasible,,,,,,False
ca-GrQc,spread_mean,2,buffer_b1,control_b1,10,scored,0.9225814665666746,0.9310808111384565,-0.00849934457178172,0.004889876250236578,1.7432705414789958e-05,False
ca-GrQc,spread_mean,2,buffer_measured,control_measured,10,unscored_incomplete_or_infeasible,,,,,,False
ca-GrQc,spread_mean,3,buffer_b1,region,10,scored,0.9267390848612745,0.9369180175208541,-0.01017893265957962,0.0037153020053796583,1.196829139190215e-05,True
ca-GrQc,spread_mean,3,control_b1,region,10,scored,0.9350584554396516,0.9369180175208541,-0.0018595620812025594,0.000753181840520939,1.4925325675985919e-05,True
ca-GrQc,spread_mean,3,buffer_measured,region,10,scored,0.9043682658331953,0.9369180175208541,-0.03254975168765876,0.006748723675135219,1.8864219526449764e-05,True
ca-GrQc,spread_mean,3,control_measured,region,10,scored,0.9291836797137506,0.9369180175208541,-0.007734337807103564,0.0013816371651872495,1.4847727491756937e-05,True
ca-GrQc,spread_mean,3,buffer_b1,control_b1,10,scored,0.9267390848612745,0.9350584554396516,-0.008319370578377061,0.0034278826977629127,1.2141405657808864e-05,True
ca-GrQc,spread_mean,3,buffer_measured,control_measured,10,scored,0.9043682658331953,0.9291836797137506,-0.024815413880555193,0.0066231126369084275,1.9443835314094956e-05,True
ca-GrQc,spread_cv,0,buffer_b1,region,10,scored,0.257818416000428,0.35453056841630587,-0.09671215241587786,0.030477486609547383,0.003956812445868153,True
ca-GrQc,spread_cv,0,control_b1,region,10,scored,0.35080426498798367,0.35453056841630587,-0.003726303428322195,0.006238006271987128,0.003023153122161397,False
ca-GrQc,spread_cv,0,buffer_measured,region,10,unscored_incomplete_or_infeasible,,,,,,False
ca-GrQc,spread_cv,0,control_measured,region,10,unscored_incomplete_or_infeasible,,,,,,False
ca-GrQc,spread_cv,0,buffer_b1,control_b1,10,scored,0.257818416000428,0.35080426498798367,-0.09298584898755566,0.02902613610369373,0.004108554498487357,True
ca-GrQc,spread_cv,0,buffer_measured,control_measured,10,unscored_incomplete_or_infeasible,,,,,,False
ca-GrQc,spread_cv,1,buffer_b1,region,10,scored,0.6076686033989885,0.6379501176437465,-0.030281514244758036,0.025704670082091003,0.0011726327069643198,False
ca-GrQc,spread_cv,1,control_b1,region,10,scored,0.637308786108271,0.6379501176437465,-0.0006413315354754201,0.0030294334014482434,0.000618465312980331,False
ca-GrQc,spread_cv,1,buffer_measured,region,10,unscored_incomplete_or_infeasible,,,,,,False
ca-GrQc,spread_cv,1,control_measured,region,10,unscored_incomplete_or_infeasible,,,,,,False
ca-GrQc,spread_cv,1,buffer_b1,control_b1,10,scored,0.6076686033989885,0.637308786108271,-0.029640182709282613,0.026721463377879128,0.0011472075315089561,False
ca-GrQc,spread_cv,1,buffer_measured,control_measured,10,unscored_incomplete_or_infeasible,,,,,,False
ca-GrQc,spread_cv,2,buffer_b1,region,10,scored,0.7627664980398077,0.7861342427834421,-0.02336774474363452,0.019149207145868208,0.00019041695964804652,False
ca-GrQc,spread_cv,2,control_b1,region,10,scored,0.7830083443811094,0.7861342427834421,-0.0031258984023326496,0.0025813372084964297,6.11282725546896e-05,False
ca-GrQc,spread_cv,2,buffer_measured,region,10,scored,0.32443845595584786,0.7861342427834421,-0.46169578682759427,0.09743740517170116,0.000284114331235862,True
ca-GrQc,spread_cv,2,control_measured,region,10,scored,0.7363312289527832,0.7861342427834421,-0.049803013830658806,0.012955683532859716,5.9336027555087466e-05,True
ca-GrQc,spread_cv,2,buffer_b1,control_b1,10,scored,0.7627664980398077,0.7830083443811094,-0.020241846341301873,0.01979844561043612,0.00017474896835162438,False
ca-GrQc,spread_cv,2,buffer_measured,control_measured,10,scored,0.32443845595584786,0.7363312289527832,-0.41189277299693555,0.09201652741271579,0.0008733937738362628,True
ca-GrQc,spread_cv,3,buffer_b1,region,10,scored,0.7941112111980699,0.8134837140063101,-0.019372502808240266,0.015835117475013313,2.6043646440021034e-05,False
ca-GrQc,spread_cv,3,control_b1,region,10,scored,0.8124519847279119,0.8134837140063101,-0.001031729278398319,0.001914418188301471,1.4511157281596818e-05,False
ca-GrQc,spread_cv,3,buffer_measured,region,10,scored,0.7941112111980699,0.8134837140063101,-0.019372502808240266,0.015835117475013313,2.6043646440021034e-05,False
ca-GrQc,spread_cv,3,control_measured,region,10,scored,0.8124519847279119,0.8134837140063101,-0.001031729278398319,0.001914418188301471,1.4511157281596818e-05,False
ca-GrQc,spread_cv,3,buffer_b1,control_b1,10,scored,0.7941112111980699,0.8124519847279119,-0.018340773529841946,0.016147039513718986,2.0222320599110648e-05,False
ca-GrQc,spread_cv,3,buffer_measured,control_measured,10,scored,0.7941112111980699,0.8124519847279119,-0.018340773529841946,0.016147039513718986,2.0222320599110648e-05,False
ca-GrQc,spread_resid,0,buffer_b1,region,10,scored,0.018581797958640508,0.08588969466001717,-0.06730789670137664,0.017447769064494374,0.0037160966276497606,True
ca-GrQc,spread_resid,0,control_b1,region,10,scored,0.08404583253054328,0.08588969466001717,-0.0018438621294738998,0.0080908573180281,0.00295308560645365,False
ca-GrQc,spread_resid,0,buffer_measured,region,10,unscored_incomplete_or_infeasible,,,,,,False
ca-GrQc,spread_resid,0,control_measured,region,10,unscored_incomplete_or_infeasible,,,,,,False
ca-GrQc,spread_resid,0,buffer_b1,control_b1,10,scored,0.018581797958640508,0.08404583253054328,-0.06546403457190275,0.021582686183678344,0.003379249746849798,True
ca-GrQc,spread_resid,0,buffer_measured,control_measured,10,unscored_incomplete_or_infeasible,,,,,,False
ca-GrQc,spread_resid,1,buffer_b1,region,10,scored,0.3813320501025488,0.4303465135144632,-0.04901446341191444,0.018356243502316245,0.001538004501738877,True
ca-GrQc,spread_resid,1,control_b1,region,10,scored,0.42939502017364994,0.4303465135144632,-0.0009514933408132975,0.005233957873816682,0.001180906683366208,False
ca-GrQc,spread_resid,1,buffer_measured,region,10,unscored_incomplete_or_infeasible,,,,,,False
ca-GrQc,spread_resid,1,control_measured,region,10,unscored_incomplete_or_infeasible,,,,,,False
ca-GrQc,spread_resid,1,buffer_b1,control_b1,10,scored,0.3813320501025488,0.42939502017364994,-0.04806297007110114,0.019177675416133688,0.0014950421789440864,True
ca-GrQc,spread_resid,1,buffer_measured,control_measured,10,unscored_incomplete_or_infeasible,,,,,,False
ca-GrQc,spread_resid,2,buffer_b1,region,10,scored,0.5534417201033214,0.5987673483513434,-0.045325628248021985,0.021846228201205076,0.0003095604105890023,True
ca-GrQc,spread_resid,2,control_b1,region,10,scored,0.5930005480522095,0.5987673483513434,-0.005766800299133878,0.0056373573322585045,0.0004242551006556285,False
ca-GrQc,spread_resid,2,buffer_measured,region,10,scored,0.48237506235293265,0.5987673483513434,-0.1163922859984107,0.0348630713778172,0.0003516684146674311,True
ca-GrQc,spread_resid,2,control_measured,region,10,scored,0.5807288695483799,0.5987673483513434,-0.01803847880296342,0.011474979778190095,0.00035178493847978055,False
ca-GrQc,spread_resid,2,buffer_b1,control_b1,10,scored,0.5534417201033214,0.5930005480522095,-0.03955882794888811,0.019732296283875135,0.0003375988829938506,True
ca-GrQc,spread_resid,2,buffer_measured,control_measured,10,scored,0.48237506235293265,0.5807288695483799,-0.09835380719544728,0.033479431471770384,0.0003605180286242388,True
ca-GrQc,spread_resid,3,buffer_b1,region,10,scored,0.5870252537755156,0.6343272974538431,-0.04730204367832761,0.01688229201651819,0.00013394751890446943,True
ca-GrQc,spread_resid,3,control_b1,region,10,scored,0.6273341316518071,0.6343272974538431,-0.006993165802036028,0.0063485212969033415,0.00016671885856542527,False
ca-GrQc,spread_resid,3,buffer_measured,region,10,scored,0.5870252537755156,0.6343272974538431,-0.04730204367832761,0.01688229201651819,0.00013394751890446943,True
ca-GrQc,spread_resid,3,control_measured,region,10,scored,0.6273341316518071,0.6343272974538431,-0.006993165802036028,0.0063485212969033415,0.00016671885856542527,False
ca-GrQc,spread_resid,3,buffer_b1,control_b1,10,scored,0.5870252537755156,0.6273341316518071,-0.04030887787629158,0.014663890494139483,0.00013308436041409676,True
ca-GrQc,spread_resid,3,buffer_measured,control_measured,10,scored,0.5870252537755156,0.6273341316518071,-0.04030887787629158,0.014663890494139483,0.00013308436041409676,True
ca-GrQc,betweenness,0,buffer_b1,region,10,scored,0.4648952089130468,0.5045486766096334,-0.03965346769658659,0.015696849147936662,1.8790274137063213e-05,True
ca-GrQc,betweenness,0,control_b1,region,10,scored,0.5027582765222955,0.5045486766096334,-0.0017904000873379122,0.004533265466631772,4.920356791323863e-05,False
ca-GrQc,betweenness,0,buffer_measured,region,10,unscored_incomplete_or_infeasible,,,,,,False
ca-GrQc,betweenness,0,control_measured,region,10,unscored_incomplete_or_infeasible,,,,,,False
ca-GrQc,betweenness,0,buffer_b1,control_b1,10,scored,0.4648952089130468,0.5027582765222955,-0.03786306760924868,0.01307842942560561,5.958217888027466e-05,True
ca-GrQc,betweenness,0,buffer_measured,control_measured,10,unscored_incomplete_or_infeasible,,,,,,False
ca-GrQc,betweenness,1,buffer_b1,region,10,scored,0.8966334565846724,0.9083796245741237,-0.011746167989451273,0.0046015305898864075,1.3383491536060957e-05,True
ca-GrQc,betweenness,1,control_b1,region,10,scored,0.9031429027841412,0.9083796245741237,-0.005236721789982524,0.002780233523190269,6.6883601188085876e-06,False
ca-GrQc,betweenness,1,buffer_measured,region,10,scored,0.7381869040366034,0.9083796245741237,-0.1701927205375203,0.028087866103924167,-2.3347524546600705e-06,True
ca-GrQc,betweenness,1,control_measured,region,10,scored,0.8173922700439323,0.9083796245741237,-0.09098735453019141,0.018198893919283587,2.3533658772178607e-06,True
ca-GrQc,betweenness,1,buffer_b1,control_b1,10,scored,0.8966334565846724,0.9031429027841412,-0.006509446199468749,0.006098218341894945,4.718556735122335e-06,False
ca-GrQc,betweenness,1,buffer_measured,control_measured,10,scored,0.7381869040366034,0.8173922700439323,-0.07920536600732889,0.03233137067175211,2.621277719049519e-05,True
ca-GrQc,betweenness,2,buffer_b1,region,10,scored,0.8949723321994256,0.9180245055128251,-0.023052173313399704,0.005726684098521754,5.1170347808572616e-06,True
ca-GrQc,betweenness,2,control_b1,region,10,scored,0.9106470449343442,0.9180245055128251,-0.007377460578480888,0.0036556128559467986,5.349527335470623e-06,True
ca-GrQc,betweenness,2,buffer_measured,region,10,scored,0.7509791033674424,0.9180245055128251,-0.1670454021453828,0.029758806823299844,3.466787004228212e-06,True
ca-GrQc,betweenness,2,control_measured,region,10,scored,0.8647657527435738,0.9180245055128251,-0.053258752769251384,0.008691070908822367,-6.627213086565587e-06,True
ca-GrQc,betweenness,2,buffer_b1,control_b1,10,scored,0.8949723321994256,0.9106470449343442,-0.015674712734918817,0.003668070781082749,1.6639524491605588e-05,True
ca-GrQc,betweenness,2,buffer_measured,control_measured,10,scored,0.7509791033674424,0.8647657527435738,-0.1137866493761314,0.031624923959622804,-3.2846559319590294e-05,True
ca-GrQc,betweenness,3,buffer_b1,region,10,scored,0.8847171721907643,0.9071064932011075,-0.022389321010343122,0.010461520886019456,7.101778237221294e-05,True
ca-GrQc,betweenness,3,control_b1,region,10,scored,0.8977426829016275,0.9071064932011075,-0.009363810299479903,0.0046813679797462655,0.00011393921763310354,True
ca-GrQc,betweenness,3,buffer_measured,region,10,scored,0.7142459725677566,0.9071064932011075,-0.19286052063335082,0.01398030238424503,0.0001954322941759878,True
ca-GrQc,betweenness,3,control_measured,region,10,scored,0.7910035892421803,0.9071064932011075,-0.11610290395892708,0.020040866927330633,-1.73089280427431e-05,True
ca-GrQc,betweenness,3,buffer_b1,control_b1,10,scored,0.8847171721907643,0.8977426829016275,-0.01302551071086322,0.009214635928302269,8.908337915839801e-05,False
ca-GrQc,betweenness,3,buffer_measured,control_measured,10,scored,0.7142459725677566,0.7910035892421803,-0.07675761667442374,0.0315627659561047,-0.00014053630619627168,True
ca-HepTh,spread_mean,0,buffer_b1,region,10,scored,0.6372211896086217,0.6783896650774436,-0.04116847546882182,0.012056754329335518,0.00012220023035314296,True
ca-HepTh,spread_mean,0,control_b1,region,10,scored,0.6780614318896351,0.6783896650774436,-0.00032823318780842434,0.0012659791619325036,6.021702273475524e-05,False
ca-HepTh,spread_mean,0,buffer_measured,region,10,unscored_incomplete_or_infeasible,,,,,,False
ca-HepTh,spread_mean,0,control_measured,region,10,unscored_incomplete_or_infeasible,,,,,,False
ca-HepTh,spread_mean,0,buffer_b1,control_b1,10,scored,0.6372211896086217,0.6780614318896351,-0.04084024228101339,0.012424009931880057,0.00011994946620413804,True
ca-HepTh,spread_mean,0,buffer_measured,control_measured,10,unscored_incomplete_or_infeasible,,,,,,False
ca-HepTh,spread_mean,1,buffer_b1,region,10,scored,0.8767933610270244,0.8858629912128272,-0.009069630185802747,0.0058533644660687485,1.7942504413855582e-05,False
ca-HepTh,spread_mean,1,control_b1,region,10,scored,0.8855519082441965,0.8858629912128272,-0.00031108296863070485,0.0005910854186497328,7.065390714666183e-06,False
ca-HepTh,spread_mean,1,buffer_measured,region,10,unscored_incomplete_or_infeasible,,,,,,False
ca-HepTh,spread_mean,1,control_measured,region,10,unscored_incomplete_or_infeasible,,,,,,False
ca-HepTh,spread_mean,1,buffer_b1,control_b1,10,scored,0.8767933610270244,0.8855519082441965,-0.008758547217172041,0.00564966085136944,1.97340438106874e-05,False
ca-HepTh,spread_mean,1,buffer_measured,control_measured,10,unscored_incomplete_or_infeasible,,,,,,False
ca-HepTh,spread_mean,2,buffer_b1,region,10,scored,0.9316615654325867,0.9416937047747131,-0.0100321393421263,0.0035629337681030316,2.114963025495848e-06,True
ca-HepTh,spread_mean,2,control_b1,region,10,scored,0.9401154426770854,0.9416937047747131,-0.0015782620976278361,0.0005421200767823473,5.255033872248374e-07,True
ca-HepTh,spread_mean,2,buffer_measured,region,10,unscored_incomplete_or_infeasible,,,,,,False
ca-HepTh,spread_mean,2,control_measured,region,10,unscored_incomplete_or_infeasible,,,,,,False
ca-HepTh,spread_mean,2,buffer_b1,control_b1,10,scored,0.9316615654325867,0.9401154426770854,-0.008453877244498465,0.003790062489064109,1.213493215597015e-06,True
ca-HepTh,spread_mean,2,buffer_measured,control_measured,10,unscored_incomplete_or_infeasible,,,,,,False
ca-HepTh,spread_mean,3,buffer_b1,region,10,scored,0.9378659294548057,0.947781519022642,-0.009915589567836048,0.0032795255367247464,1.1631567691890913e-06,True
ca-HepTh,spread_mean,3,control_b1,region,10,scored,0.9463331192173717,0.947781519022642,-0.0014483998052701064,0.0001723132674848751,2.321135681651951e-07,True
ca-HepTh,spread_mean,3,buffer_measured,region,10,unscored_incomplete_or_infeasible,,,,,,False
ca-HepTh,spread_mean,3,control_measured,region,10,unscored_incomplete_or_infeasible,,,,,,False
ca-HepTh,spread_mean,3,buffer_b1,control_b1,10,scored,0.9378659294548057,0.9463331192173717,-0.008467189762565941,0.003315192994630436,1.0585395224068101e-06,True
ca-HepTh,spread_mean,3,buffer_measured,control_measured,10,unscored_incomplete_or_infeasible,,,,,,False
ca-HepTh,spread_cv,0,buffer_b1,region,10,scored,-0.03228076193659745,0.16642463315687978,-0.19870539509347723,0.038059070421681815,0.0019935505747125477,True
ca-HepTh,spread_cv,0,control_b1,region,10,scored,0.16328821209092365,0.16642463315687978,-0.0031364210659561185,0.006062563536960119,0.0010247524200936644,False
ca-HepTh,spread_cv,0,buffer_measured,region,10,unscored_incomplete_or_infeasible,,,,,,False
ca-HepTh,spread_cv,0,control_measured,region,10,unscored_incomplete_or_infeasible,,,,,,False
ca-HepTh,spread_cv,0,buffer_b1,control_b1,10,scored,-0.03228076193659745,0.16328821209092365,-0.1955689740275211,0.03875401696741962,0.002000389463976399,True
ca-HepTh,spread_cv,0,buffer_measured,control_measured,10,unscored_incomplete_or_infeasible,,,,,,False
ca-HepTh,spread_cv,1,buffer_b1,region,10,scored,0.5803538865969786,0.6102712961634277,-0.029917409566448873,0.01783078348980298,0.00026762149550945525,False
ca-HepTh,spread_cv,1,control_b1,region,10,scored,0.6094848249246778,0.6102712961634277,-0.0007864712387497975,0.002000122894509652,0.00010031953241821828,False
ca-HepTh,spread_cv,1,buffer_measured,region,10,unscored_incomplete_or_infeasible,,,,,,False
ca-HepTh,spread_cv,1,control_measured,region,10,unscored_incomplete_or_infeasible,,,,,,False
ca-HepTh,spread_cv,1,buffer_b1,control_b1,10,scored,0.5803538865969786,0.6094848249246778,-0.029130938327699075,0.01886524345401786,0.0002393080142027451,False
ca-HepTh,spread_cv,1,buffer_measured,control_measured,10,unscored_incomplete_or_infeasible,,,,,,False
ca-HepTh,spread_cv,2,buffer_b1,region,10,scored,0.7671343759733859,0.7851298215294313,-0.017995445556045507,0.00757461175485863,2.0479220730293383e-05,True
ca-HepTh,spread_cv,2,control_b1,region,10,scored,0.7827758251535694,0.7851298215294313,-0.0023539963758618886,0.0011585443415097704,8.036975077640239e-06,True
ca-HepTh,spread_cv,2,buffer_measured,region,10,unscored_incomplete_or_infeasible,,,,,,False
ca-HepTh,spread_cv,2,control_measured,region,10,unscored_incomplete_or_infeasible,,,,,,False
ca-HepTh,spread_cv,2,buffer_b1,control_b1,10,scored,0.7671343759733859,0.7827758251535694,-0.01564144918018362,0.008085416499449697,1.6305813884420827e-05,False
ca-HepTh,spread_cv,2,buffer_measured,control_measured,10,unscored_incomplete_or_infeasible,,,,,,False
ca-HepTh,spread_cv,3,buffer_b1,region,10,scored,0.7983623519485298,0.8165387773005207,-0.018176425351990932,0.006790892966509071,3.549957737766155e-06,True
ca-HepTh,spread_cv,3,control_b1,region,10,scored,0.8138702081430107,0.8165387773005207,-0.002668569157509981,0.001186103309800634,2.508112670230346e-06,True
ca-HepTh,spread_cv,3,buffer_measured,region,10,scored,0.3729161072372471,0.8165387773005207,-0.4436226700632736,0.04798403554092826,3.015820577687386e-05,True
ca-HepTh,spread_cv,3,control_measured,region,10,scored,0.7636908637664954,0.8165387773005207,-0.05284791353402536,0.007527983988116505,4.5655223107899425e-06,True
ca-HepTh,spread_cv,3,buffer_b1,control_b1,10,scored,0.7983623519485298,0.8138702081430107,-0.01550785619448095,0.0069335540646453,4.111834031856865e-06,True
ca-HepTh,spread_cv,3,buffer_measured,control_measured,10,scored,0.3729161072372471,0.7636908637664954,-0.39077475652924826,0.04478751917015577,0.00020966121167382017,True
ca-HepTh,spread_resid,0,buffer_b1,region,10,scored,0.15563075426598755,0.20028010765502238,-0.04464935338903482,0.010890752563508552,0.000729832311767372,True
ca-HepTh,spread_resid,0,control_b1,region,10,scored,0.2001868866083943,0.20028010765502238,-9.322104662812525e-05,0.006985143779066358,0.0005152338030005814,False
ca-HepTh,spread_resid,0,buffer_measured,region,10,unscored_incomplete_or_infeasible,,,,,,False
ca-HepTh,spread_resid,0,control_measured,region,10,unscored_incomplete_or_infeasible,,,,,,False
ca-HepTh,spread_resid,0,buffer_b1,control_b1,10,scored,0.15563075426598755,0.2001868866083943,-0.0445561323424067,0.011475691535673366,0.000714072036302335,True
ca-HepTh,spread_resid,0,buffer_measured,control_measured,10,unscored_incomplete_or_infeasible,,,,,,False
ca-HepTh,spread_resid,1,buffer_b1,region,10,scored,0.43878983264759014,0.4685262590389505,-0.02973642639136024,0.016648851375621974,0.0005433409123316745,False
ca-HepTh,spread_resid,1,control_b1,region,10,scored,0.4666212360581444,0.4685262590389505,-0.0019050229808060815,0.001983647473614181,0.0002810658037161745,False
ca-HepTh,spread_resid,1,buffer_measured,region,10,unscored_incomplete_or_infeasible,,,,,,False
ca-HepTh,spread_resid,1,control_measured,region,10,unscored_incomplete_or_infeasible,,,,,,False
ca-HepTh,spread_resid,1,buffer_b1,control_b1,10,scored,0.43878983264759014,0.4666212360581444,-0.027831403410554158,0.016590208955435313,0.0005461874174821207,False
ca-HepTh,spread_resid,1,buffer_measured,control_measured,10,unscored_incomplete_or_infeasible,,,,,,False
ca-HepTh,spread_resid,2,buffer_b1,region,10,scored,0.6395537797358746,0.6704810388813028,-0.030927259145428244,0.010719850830479495,8.499212930144003e-05,True
ca-HepTh,spread_resid,2,control_b1,region,10,scored,0.6667621277235976,0.6704810388813028,-0.003718911157705307,0.00256264657134374,3.322872286223143e-05,False
ca-HepTh,spread_resid,2,buffer_measured,region,10,unscored_incomplete_or_infeasible,,,,,,False
ca-HepTh,spread_resid,2,control_measured,region,10,unscored_incomplete_or_infeasible,,,,,,False
ca-HepTh,spread_resid,2,buffer_b1,control_b1,10,scored,0.6395537797358746,0.6667621277235976,-0.027208347987722935,0.010442565487287758,9.481231185312197e-05,True
ca-HepTh,spread_resid,2,buffer_measured,control_measured,10,unscored_incomplete_or_infeasible,,,,,,False
ca-HepTh,spread_resid,3,buffer_b1,region,10,scored,0.6712917239524655,0.7061766868252956,-0.034884962872829973,0.019420631533184296,0.0001328544226892675,False
ca-HepTh,spread_resid,3,control_b1,region,10,scored,0.7017698833739827,0.7061766868252956,-0.004406803451312879,0.0035170033824257338,4.576751989756359e-05,False
ca-HepTh,spread_resid,3,buffer_measured,region,10,scored,0.34147390182644316,0.7061766868252956,-0.36470278499885234,0.04310050339907836,0.00021430552151679815,True
ca-HepTh,spread_resid,3,control_measured,region,10,scored,0.6409756695789988,0.7061766868252956,-0.06520101724629677,0.008967406724417919,1.0783714557126929e-05,True
ca-HepTh,spread_resid,3,buffer_b1,control_b1,10,scored,0.6712917239524655,0.7017698833739827,-0.030478159421517093,0.0168371670656941,0.00019943004099390153,False
ca-HepTh,spread_resid,3,buffer_measured,control_measured,10,scored,0.34147390182644316,0.6409756695789988,-0.2995017677525556,0.045679711637637906,0.0001185931715688635,True
ca-HepTh,betweenness,0,buffer_b1,region,10,scored,0.6029234051624831,0.642603269519175,-0.039679864356691796,0.02718655054052637,3.815098053061722e-05,False
ca-HepTh,betweenness,0,control_b1,region,10,scored,0.6398266572934881,0.642603269519175,-0.0027766122256868697,0.005631035316393485,7.497745931524878e-06,False
ca-HepTh,betweenness,0,buffer_measured,region,10,unscored_incomplete_or_infeasible,,,,,,False
ca-HepTh,betweenness,0,control_measured,region,10,unscored_incomplete_or_infeasible,,,,,,False
ca-HepTh,betweenness,0,buffer_b1,control_b1,10,scored,0.6029234051624831,0.6398266572934881,-0.03690325213100493,0.02941535294565667,-1.1829769048905453e-05,False
ca-HepTh,betweenness,0,buffer_measured,control_measured,10,unscored_incomplete_or_infeasible,,,,,,False
ca-HepTh,betweenness,1,buffer_b1,region,10,scored,0.8902315294383296,0.8991080030214169,-0.008876473583087418,0.002330272180606012,2.6557252839752913e-06,True
ca-HepTh,betweenness,1,control_b1,region,10,scored,0.8946342537546863,0.8991080030214169,-0.00447374926673032,0.002216894223527421,9.15221673041789e-07,True
ca-HepTh,betweenness,1,buffer_measured,region,10,unscored_incomplete_or_infeasible,,,,,,False
ca-HepTh,betweenness,1,control_measured,region,10,unscored_incomplete_or_infeasible,,,,,,False
ca-HepTh,betweenness,1,buffer_b1,control_b1,10,scored,0.8902315294383296,0.8946342537546863,-0.004402724316357099,0.0018982703327413081,4.008231376911076e-06,True
ca-HepTh,betweenness,1,buffer_measured,control_measured,10,unscored_incomplete_or_infeasible,,,,,,False
ca-HepTh,betweenness,2,buffer_b1,region,10,scored,0.8957392749307781,0.9104009685926412,-0.014661693661863017,0.003818524361496685,2.9742283065329884e-05,True
ca-HepTh,betweenness,2,control_b1,region,10,scored,0.9062588119311646,0.9104009685926412,-0.004142156661476493,0.0022775168137019264,2.4034305823706058e-05,False
ca-HepTh,betweenness,2,buffer_measured,region,10,scored,0.692104155991552,0.9104009685926412,-0.21829681260108913,0.030751727093596533,-2.0053573552926194e-05,True
ca-HepTh,betweenness,2,control_measured,region,10,scored,0.8134856459275538,0.9104009685926412,-0.09691532266508744,0.01830447071076379,-3.553110782899713e-06,True
ca-HepTh,betweenness,2,buffer_b1,control_b1,10,scored,0.8957392749307781,0.9062588119311646,-0.010519537000386525,0.0041532987156554756,3.2028891725156835e-05,True
ca-HepTh,betweenness,2,buffer_measured,control_measured,10,scored,0.692104155991552,0.8134856459275538,-0.12138148993600166,0.031699310695239055,9.132449238648397e-05,True
ca-HepTh,betweenness,3,buffer_b1,region,10,scored,0.8951954997029636,0.9088021459348503,-0.013606646231886588,0.004009413838921598,3.820294705818885e-05,True
ca-HepTh,betweenness,3,control_b1,region,10,scored,0.9052002116902585,0.9088021459348503,-0.00360193424459162,0.002074572283825392,2.5859550483677137e-05,False
ca-HepTh,betweenness,3,buffer_measured,region,10,scored,0.7139356502376587,0.9088021459348503,-0.19486649569719178,0.03655981791172796,2.198421274130755e-05,True
ca-HepTh,betweenness,3,control_measured,region,10,scored,0.8645568507433234,0.9088021459348503,-0.044245295191526965,0.007349855777345155,1.4451797211764857e-05,True
ca-HepTh,betweenness,3,buffer_b1,control_b1,10,scored,0.8951954997029636,0.9052002116902585,-0.010004711987294967,0.00428395698565152,3.468170663444864e-05,True
ca-HepTh,betweenness,3,buffer_measured,control_measured,10,scored,0.7139356502376587,0.8645568507433234,-0.1506212005056648,0.03402160652277928,0.0001226272156746653,True
email-Eu-core,spread_mean,0,buffer_b1,region,10,scored,0.4999661430141439,0.8588910174017557,-0.3589248743876118,0.06502406935258012,9.395198757029615e-07,True
email-Eu-core,spread_mean,0,control_b1,region,10,scored,0.8540709894178976,0.8588910174017557,-0.004820027983858,0.0029660703592056105,1.7691724839537588e-05,False
email-Eu-core,spread_mean,0,buffer_measured,region,10,unscored_incomplete_or_infeasible,,,,,,False
email-Eu-core,spread_mean,0,control_measured,region,10,unscored_incomplete_or_infeasible,,,,,,False
email-Eu-core,spread_mean,0,buffer_b1,control_b1,10,scored,0.4999661430141439,0.8540709894178976,-0.3541048464037538,0.06433288061987583,5.244942094879869e-05,True
email-Eu-core,spread_mean,0,buffer_measured,control_measured,10,unscored_incomplete_or_infeasible,,,,,,False
email-Eu-core,spread_mean,1,buffer_b1,region,10,scored,0.5726815679902025,0.9551711482027718,-0.38248958021256935,0.06398001016857807,-7.533341036426601e-07,True
email-Eu-core,spread_mean,1,control_b1,region,10,scored,0.9425563592729729,0.9551711482027718,-0.012614788929799003,0.0038111455917185532,-4.0098294157358155e-07,True
email-Eu-core,spread_mean,1,buffer_measured,region,10,unscored_incomplete_or_infeasible,,,,,,False
email-Eu-core,spread_mean,1,control_measured,region,10,unscored_incomplete_or_infeasible,,,,,,False
email-Eu-core,spread_mean,1,buffer_b1,control_b1,10,scored,0.5726815679902025,0.9425563592729729,-0.36987479128277034,0.06557892284041292,-9.761303129140861e-05,True
email-Eu-core,spread_mean,1,buffer_measured,control_measured,10,unscored_incomplete_or_infeasible,,,,,,False
email-Eu-core,spread_mean,2,buffer_b1,region,10,scored,0.5860561403471408,0.9590775010500613,-0.37302136070292047,0.06387700115824788,2.723707745070435e-05,True
email-Eu-core,spread_mean,2,control_b1,region,10,scored,0.9483853865898109,0.9590775010500613,-0.010692114460250302,0.0021579007853267792,2.87675870905839e-07,True
email-Eu-core,spread_mean,2,buffer_measured,region,10,unscored_incomplete_or_infeasible,,,,,,False
email-Eu-core,spread_mean,2,control_measured,region,10,unscored_incomplete_or_infeasible,,,,,,False
email-Eu-core,spread_mean,2,buffer_b1,control_b1,10,scored,0.5860561403471408,0.9483853865898109,-0.36232924624267016,0.06498570007169853,-4.253651447814989e-05,True
email-Eu-core,spread_mean,2,buffer_measured,control_measured,10,unscored_incomplete_or_infeasible,,,,,,False
email-Eu-core,spread_mean,3,buffer_b1,region,10,scored,0.5852783539578821,0.9662143806879883,-0.3809360267301061,0.061951246896642394,2.131939403615993e-05,True
email-Eu-core,spread_mean,3,control_b1,region,10,scored,0.9551701526266381,0.9662143806879883,-0.011044228061350091,0.004407259656054157,-6.344678124130066e-07,True
email-Eu-core,spread_mean,3,buffer_measured,region,10,unscored_incomplete_or_infeasible,,,,,,False
email-Eu-core,spread_mean,3,control_measured,region,10,unscored_incomplete_or_infeasible,,,,,,False
email-Eu-core,spread_mean,3,buffer_b1,control_b1,10,scored,0.5852783539578821,0.9551701526266381,-0.3698917986687561,0.062205412612625896,1.3433569633543636e-05,True
email-Eu-core,spread_mean,3,buffer_measured,control_measured,10,unscored_incomplete_or_infeasible,,,,,,False
email-Eu-core,spread_cv,0,buffer_b1,region,10,scored,0.46953904271190117,0.8535172509621874,-0.3839782082502862,0.07061285434018977,2.5458166380747378e-05,True
email-Eu-core,spread_cv,0,control_b1,region,10,scored,0.847160550693722,0.8535172509621874,-0.006356700268465576,0.0032113426462522686,1.1990252007742911e-05,False
email-Eu-core,spread_cv,0,buffer_measured,region,10,unscored_incomplete_or_infeasible,,,,,,False
email-Eu-core,spread_cv,0,control_measured,region,10,unscored_incomplete_or_infeasible,,,,,,False
email-Eu-core,spread_cv,0,buffer_b1,control_b1,10,scored,0.46953904271190117,0.847160550693722,-0.3776215079818207,0.07144916831340396,-3.2286964048892964e-05,True
email-Eu-core,spread_cv,0,buffer_measured,control_measured,10,unscored_incomplete_or_infeasible,,,,,,False
email-Eu-core,spread_cv,1,buffer_b1,region,10,scored,0.5293362687123548,0.9438239724749016,-0.41448770376254673,0.05399836555121619,1.7720846481159743e-05,True
email-Eu-core,spread_cv,1,control_b1,region,10,scored,0.930567935674534,0.9438239724749016,-0.013256036800367544,0.00276713704183294,2.0105284023578727e-06,True
email-Eu-core,spread_cv,1,buffer_measured,region,10,unscored_incomplete_or_infeasible,,,,,,False
email-Eu-core,spread_cv,1,control_measured,region,10,unscored_incomplete_or_infeasible,,,,,,False
email-Eu-core,spread_cv,1,buffer_b1,control_b1,10,scored,0.5293362687123548,0.930567935674534,-0.4012316669621792,0.052466127119424145,0.00010304299825387109,True
email-Eu-core,spread_cv,1,buffer_measured,control_measured,10,unscored_incomplete_or_infeasible,,,,,,False
email-Eu-core,spread_cv,2,buffer_b1,region,10,scored,0.5356396158140891,0.9466468575914935,-0.4110072417774043,0.06321672931728274,-3.71651988422401e-06,True
email-Eu-core,spread_cv,2,control_b1,region,10,scored,0.9352052894205365,0.9466468575914935,-0.011441568170956873,0.0026926498993562202,1.2707635148934984e-06,True
email-Eu-core,spread_cv,2,buffer_measured,region,10,scored,0.5356396158140891,0.9466468575914935,-0.4110072417774043,0.06321672931728274,-3.71651988422401e-06,True
email-Eu-core,spread_cv,2,control_measured,region,10,scored,0.9352052894205365,0.9466468575914935,-0.011441568170956873,0.0026926498993562202,1.2707635148934984e-06,True
email-Eu-core,spread_cv,2,buffer_b1,control_b1,10,scored,0.5356396158140891,0.9352052894205365,-0.39956567360644746,0.06425118984059462,-6.554123870607685e-05,True
email-Eu-core,spread_cv,2,buffer_measured,control_measured,10,scored,0.5356396158140891,0.9352052894205365,-0.39956567360644746,0.06425118984059462,-6.554123870607685e-05,True
email-Eu-core,spread_cv,3,buffer_b1,region,10,scored,0.5478298974878316,0.9549126658686902,-0.40708276838085844,0.05568529800046588,-5.7250371494656e-06,True
email-Eu-core,spread_cv,3,control_b1,region,10,scored,0.9452254418465531,0.9549126658686902,-0.009687224022137142,0.003914059983090956,-2.135623622183441e-06,True
email-Eu-core,spread_cv,3,buffer_measured,region,10,scored,0.5478298974878316,0.9549126658686902,-0.40708276838085844,0.05568529800046588,-5.7250371494656e-06,True
email-Eu-core,spread_cv,3,control_measured,region,10,scored,0.9452254418465531,0.9549126658686902,-0.009687224022137142,0.003914059983090956,-2.135623622183441e-06,True
email-Eu-core,spread_cv,3,buffer_b1,control_b1,10,scored,0.5478298974878316,0.9452254418465531,-0.3973955443587213,0.05510327273360071,3.112110287086406e-05,True
email-Eu-core,spread_cv,3,buffer_measured,control_measured,10,scored,0.5478298974878316,0.9452254418465531,-0.3973955443587213,0.05510327273360071,3.112110287086406e-05,True
email-Eu-core,spread_resid,0,buffer_b1,region,10,scored,-0.012865558316366191,0.010533787799939732,-0.023399346116305925,0.021447195842131082,0.00035422469157250655,False
email-Eu-core,spread_resid,0,control_b1,region,10,scored,0.00904739151843671,0.010533787799939732,-0.0014863962815030204,0.02951559744034564,9.769853336746547e-05,False
email-Eu-core,spread_resid,0,buffer_measured,region,10,scored,-0.012865558316366191,0.010533787799939732,-0.023399346116305925,0.021447195842131082,0.00035422469157250655,False
email-Eu-core,spread_resid,0,control_measured,region,10,scored,0.00904739151843671,0.010533787799939732,-0.0014863962815030204,0.02951559744034564,9.769853336746547e-05,False
email-Eu-core,spread_resid,0,buffer_b1,control_b1,10,scored,-0.012865558316366191,0.00904739151843671,-0.0219129498348029,0.02193971355234326,0.00021029761821640713,False
email-Eu-core,spread_resid,0,buffer_measured,control_measured,10,scored,-0.012865558316366191,0.00904739151843671,-0.0219129498348029,0.02193971355234326,0.00021029761821640713,False
email-Eu-core,spread_resid,1,buffer_b1,region,10,scored,-0.02193412952578659,0.003993941670251751,-0.025928071196038342,0.02381641161412023,0.0004977827678275162,False
email-Eu-core,spread_resid,1,control_b1,region,10,scored,-0.004534586295462311,0.003993941670251751,-0.00852852796571406,0.042360533015636505,0.00013567477354673092,False
email-Eu-core,spread_resid,1,buffer_measured,region,10,scored,-0.02193412952578659,0.003993941670251751,-0.025928071196038342,0.02381641161412023,0.0004977827678275162,False
email-Eu-core,spread_resid,1,control_measured,region,10,scored,-0.004534586295462311,0.003993941670251751,-0.00852852796571406,0.042360533015636505,0.00013567477354673092,False
email-Eu-core,spread_resid,1,buffer_b1,control_b1,10,scored,-0.02193412952578659,-0.004534586295462311,-0.017399543230324284,0.027176056752663845,0.0005158030896068617,False
email-Eu-core,spread_resid,1,buffer_measured,control_measured,10,scored,-0.02193412952578659,-0.004534586295462311,-0.017399543230324284,0.027176056752663845,0.0005158030896068617,False
email-Eu-core,spread_resid,2,buffer_b1,region,10,scored,-0.004364664446979775,0.03064267940696294,-0.03500734385394271,0.03144680500540366,0.0005494382706982648,False
email-Eu-core,spread_resid,2,control_b1,region,10,scored,0.0061080462100483,0.03064267940696294,-0.024534633196914644,0.024459635060555308,0.0008302454404947701,False
email-Eu-core,spread_resid,2,buffer_measured,region,10,scored,-0.004364664446979775,0.03064267940696294,-0.03500734385394271,0.03144680500540366,0.0005494382706982648,False
email-Eu-core,spread_resid,2,control_measured,region,10,scored,0.0061080462100483,0.03064267940696294,-0.024534633196914644,0.024459635060555308,0.0008302454404947701,False
email-Eu-core,spread_resid,2,buffer_b1,control_b1,10,scored,-0.004364664446979775,0.0061080462100483,-0.010472710657028074,0.027112000785072143,0.0003074736344410137,False
email-Eu-core,spread_resid,2,buffer_measured,control_measured,10,scored,-0.004364664446979775,0.0061080462100483,-0.010472710657028074,0.027112000785072143,0.0003074736344410137,False
email-Eu-core,spread_resid,3,buffer_b1,region,10,scored,-0.010610321926899972,0.0194791365847622,-0.030089458511662177,0.026132962319741243,0.0006837470112782785,False
email-Eu-core,spread_resid,3,control_b1,region,10,scored,0.0035226444687202624,0.0194791365847622,-0.015956492116041936,0.02793656883902343,0.0010320446620678742,False
email-Eu-core,spread_resid,3,buffer_measured,region,10,scored,-0.010610321926899972,0.0194791365847622,-0.030089458511662177,0.026132962319741243,0.0006837470112782785,False
email-Eu-core,spread_resid,3,control_measured,region,10,scored,0.0035226444687202624,0.0194791365847622,-0.015956492116041936,0.02793656883902343,0.0010320446620678742,False
email-Eu-core,spread_resid,3,buffer_b1,control_b1,10,scored,-0.010610321926899972,0.0035226444687202624,-0.014132966395620237,0.030063066530873636,0.0005640975833490849,False
email-Eu-core,spread_resid,3,buffer_measured,control_measured,10,scored,-0.010610321926899972,0.0035226444687202624,-0.014132966395620237,0.030063066530873636,0.0005640975833490849,False
email-Eu-core,betweenness,0,buffer_b1,region,10,scored,0.5494649176469312,0.7823675994595489,-0.23290268181261772,0.05659524211202577,4.14810159446676e-05,True
email-Eu-core,betweenness,0,control_b1,region,10,scored,0.7702254195022682,0.7823675994595489,-0.012142179957280685,0.006952304743131594,1.9138121114652805e-06,False
email-Eu-core,betweenness,0,buffer_measured,region,10,unscored_incomplete_or_infeasible,,,,,,False
email-Eu-core,betweenness,0,control_measured,region,10,unscored_incomplete_or_infeasible,,,,,,False
email-Eu-core,betweenness,0,buffer_b1,control_b1,10,scored,0.5494649176469312,0.7702254195022682,-0.22076050185533705,0.05802832471882221,-2.0800155868037567e-05,True
email-Eu-core,betweenness,0,buffer_measured,control_measured,10,unscored_incomplete_or_infeasible,,,,,,False
email-Eu-core,betweenness,1,buffer_b1,region,10,scored,0.6870613553366677,0.9016630597317004,-0.21460170439503284,0.043780548359622626,1.9203588937116396e-05,True
email-Eu-core,betweenness,1,control_b1,region,10,scored,0.8720985751395807,0.9016630597317004,-0.02956448459211992,0.00549960643066754,-2.332186546781087e-06,True
email-Eu-core,betweenness,1,buffer_measured,region,10,unscored_incomplete_or_infeasible,,,,,,False
email-Eu-core,betweenness,1,control_measured,region,10,unscored_incomplete_or_infeasible,,,,,,False
email-Eu-core,betweenness,1,buffer_b1,control_b1,10,scored,0.6870613553366677,0.8720985751395807,-0.18503721980291293,0.04587576310102485,-6.641197414048923e-05,True
email-Eu-core,betweenness,1,buffer_measured,control_measured,10,unscored_incomplete_or_infeasible,,,,,,False
email-Eu-core,betweenness,2,buffer_b1,region,10,scored,0.6685746136712343,0.9057557600021677,-0.2371811463309334,0.040240298776732526,-1.8027533462139716e-05,True
email-Eu-core,betweenness,2,control_b1,region,10,scored,0.8663774100404407,0.9057557600021677,-0.039378349961727,0.009244159103214645,2.148508246104593e-05,True
email-Eu-core,betweenness,2,buffer_measured,region,10,unscored_incomplete_or_infeasible,,,,,,False
email-Eu-core,betweenness,2,control_measured,region,10,unscored_incomplete_or_infeasible,,,,,,False
email-Eu-core,betweenness,2,buffer_b1,control_b1,10,scored,0.6685746136712343,0.8663774100404407,-0.19780279636920645,0.03940611004938503,6.813875856051657e-05,True
email-Eu-core,betweenness,2,buffer_measured,control_measured,10,unscored_incomplete_or_infeasible,,,,,,False
email-Eu-core,betweenness,3,buffer_b1,region,10,scored,0.6613695605818624,0.9056994761497135,-0.24432991556785105,0.0379112676519809,-1.5700115515700655e-05,True
email-Eu-core,betweenness,3,control_b1,region,10,scored,0.870935330237644,0.9056994761497135,-0.03476414591206935,0.0036800236813609413,4.095835912526197e-06,True
email-Eu-core,betweenness,3,buffer_measured,region,10,unscored_incomplete_or_infeasible,,,,,,False
email-Eu-core,betweenness,3,control_measured,region,10,unscored_incomplete_or_infeasible,,,,,,False
email-Eu-core,betweenness,3,buffer_b1,control_b1,10,scored,0.6613695605818624,0.870935330237644,-0.20956576965578172,0.03708855372494696,1.6194241161367803e-05,True
email-Eu-core,betweenness,3,buffer_measured,control_measured,10,unscored_incomplete_or_infeasible,,,,,,False
facebook_combined,spread_mean,0,buffer_b1,region,10,scored,0.5369869172428713,0.6153309389897277,-0.07834402174685648,0.030285898472466825,-6.672578108381704e-06,True
facebook_combined,spread_mean,0,control_b1,region,10,scored,0.603884867894251,0.6153309389897277,-0.011446071095476773,0.0027649699628423006,3.5625033489252236e-05,True
facebook_combined,spread_mean,0,buffer_measured,region,10,unscored_incomplete_or_infeasible,,,,,,False
facebook_combined,spread_mean,0,control_measured,region,10,unscored_incomplete_or_infeasible,,,,,,False
facebook_combined,spread_mean,0,buffer_b1,control_b1,10,scored,0.5369869172428713,0.603884867894251,-0.0668979506513797,0.031898228008264806,-4.877926555164768e-05,True
facebook_combined,spread_mean,0,buffer_measured,control_measured,10,unscored_incomplete_or_infeasible,,,,,,False
facebook_combined,spread_mean,1,buffer_b1,region,10,scored,0.8566825812123895,0.9284315752770246,-0.07174899406463502,0.0412971128655977,-0.00036355139375542024,False
facebook_combined,spread_mean,1,control_b1,region,10,scored,0.9218203392483828,0.9284315752770246,-0.006611236028641676,0.007830307321487635,0.00016942414369919105,False
facebook_combined,spread_mean,1,buffer_measured,region,10,unscored_incomplete_or_infeasible,,,,,,False
facebook_combined,spread_mean,1,control_measured,region,10,unscored_incomplete_or_infeasible,,,,,,False
facebook_combined,spread_mean,1,buffer_b1,control_b1,10,scored,0.8566825812123895,0.9218203392483828,-0.06513775803599334,0.04132183870651524,-0.0003408422824718273,False
facebook_combined,spread_mean,1,buffer_measured,control_measured,10,unscored_incomplete_or_infeasible,,,,,,False
facebook_combined,spread_mean,2,buffer_b1,region,10,scored,0.8667105609308363,0.9362111295501018,-0.06950056861926564,0.02265727206268729,-0.00011849456113277488,True
facebook_combined,spread_mean,2,control_b1,region,10,scored,0.9277926749830853,0.9362111295501018,-0.008418454567016575,0.005448619366835983,9.929601336160862e-05,False
facebook_combined,spread_mean,2,buffer_measured,region,10,unscored_incomplete_or_infeasible,,,,,,False
facebook_combined,spread_mean,2,control_measured,region,10,unscored_incomplete_or_infeasible,,,,,,False
facebook_combined,spread_mean,2,buffer_b1,control_b1,10,scored,0.8667105609308363,0.9277926749830853,-0.06108211405224906,0.026007093612062843,-0.00015715937564454878,True
facebook_combined,spread_mean,2,buffer_measured,control_measured,10,unscored_incomplete_or_infeasible,,,,,,False
facebook_combined,spread_mean,3,buffer_b1,region,10,scored,0.8617134996708208,0.9373608801024821,-0.07564738043166125,0.023265606084576767,-0.0001265624265881347,True
facebook_combined,spread_mean,3,control_b1,region,10,scored,0.9294189374218538,0.9373608801024821,-0.007941942680628134,0.0055930531717970295,9.99385773185606e-05,False
facebook_combined,spread_mean,3,buffer_measured,region,10,scored,0.8617134996708208,0.9373608801024821,-0.07564738043166125,0.023265606084576767,-0.0001265624265881347,True
facebook_combined,spread_mean,3,control_measured,region,10,scored,0.9294189374218538,0.9373608801024821,-0.007941942680628134,0.0055930531717970295,9.99385773185606e-05,False
facebook_combined,spread_mean,3,buffer_b1,control_b1,10,scored,0.8617134996708208,0.9294189374218538,-0.06770543775103312,0.026324212412610477,-0.000165802903659508,True
facebook_combined,spread_mean,3,buffer_measured,control_measured,10,scored,0.8617134996708208,0.9294189374218538,-0.06770543775103312,0.026324212412610477,-0.000165802903659508,True
facebook_combined,spread_cv,0,buffer_b1,region,10,scored,-0.10417027647785022,-0.17900558512750248,0.07483530864965228,0.054225390751789594,-0.0005287283559511507,False
facebook_combined,spread_cv,0,control_b1,region,10,scored,-0.16033476504152472,-0.17900558512750248,0.018670820085977757,0.005996397454054067,0.0006973517656564665,True
facebook_combined,spread_cv,0,buffer_measured,region,10,unscored_incomplete_or_infeasible,,,,,,False
facebook_combined,spread_cv,0,control_measured,region,10,unscored_incomplete_or_infeasible,,,,,,False
facebook_combined,spread_cv,0,buffer_b1,control_b1,10,scored,-0.10417027647785022,-0.16033476504152472,0.05616448856367451,0.054037383123710994,-0.0004711407318150866,False
facebook_combined,spread_cv,0,buffer_measured,control_measured,10,unscored_incomplete_or_infeasible,,,,,,False
facebook_combined,spread_cv,1,buffer_b1,region,10,scored,0.5445697183019893,0.6916850309278744,-0.14711531262588506,0.06804973167486171,-0.00027708226115264416,True
facebook_combined,spread_cv,1,control_b1,region,10,scored,0.7019892003830185,0.6916850309278744,0.01030416945514393,0.029435214750218486,0.001229557430617777,False
facebook_combined,spread_cv,1,buffer_measured,region,10,scored,0.5445697183019893,0.6916850309278744,-0.14711531262588506,0.06804973167486171,-0.00027708226115264416,True
facebook_combined,spread_cv,1,control_measured,region,10,scored,0.7019892003830185,0.6916850309278744,0.01030416945514393,0.029435214750218486,0.001229557430617777,False
facebook_combined,spread_cv,1,buffer_b1,control_b1,10,scored,0.5445697183019893,0.7019892003830185,-0.15741948208102896,0.0627970855038968,-0.00021010426797296494,True
facebook_combined,spread_cv,1,buffer_measured,control_measured,10,scored,0.5445697183019893,0.7019892003830185,-0.15741948208102896,0.0627970855038968,-0.00021010426797296494,True
facebook_combined,spread_cv,2,buffer_b1,region,10,scored,0.569017163771512,0.7144774557562585,-0.14546029198474653,0.0613156610015294,-0.0003989507580075907,True
facebook_combined,spread_cv,2,control_b1,region,10,scored,0.7130178989054767,0.7144774557562585,-0.0014595568507817958,0.027822624743502312,0.00010029373069298989,False
facebook_combined,spread_cv,2,buffer_measured,region,10,unscored_incomplete_or_infeasible,,,,,,False
facebook_combined,spread_cv,2,control_measured,region,10,unscored_incomplete_or_infeasible,,,,,,False
facebook_combined,spread_cv,2,buffer_b1,control_b1,10,scored,0.569017163771512,0.7130178989054767,-0.14400073513396475,0.037780803691647144,0.0008821510483108466,True
facebook_combined,spread_cv,2,buffer_measured,control_measured,10,unscored_incomplete_or_infeasible,,,,,,False
facebook_combined,spread_cv,3,buffer_b1,region,10,scored,0.6082589145477805,0.6891109602586366,-0.08085204571085623,0.03155572228120512,0.001137481119295042,True
facebook_combined,spread_cv,3,control_b1,region,10,scored,0.6922310303963137,0.6891109602586366,0.0031200701376771223,0.03022986018066295,0.001982399327645179,False
facebook_combined,spread_cv,3,buffer_measured,region,10,unscored_incomplete_or_infeasible,,,,,,False
facebook_combined,spread_cv,3,control_measured,region,10,unscored_incomplete_or_infeasible,,,,,,False
facebook_combined,spread_cv,3,buffer_b1,control_b1,10,scored,0.6082589145477805,0.6922310303963137,-0.08397211584853335,0.03173963315248954,0.0012612653518233531,True
facebook_combined,spread_cv,3,buffer_measured,control_measured,10,unscored_incomplete_or_infeasible,,,,,,False
facebook_combined,spread_resid,0,buffer_b1,region,10,scored,0.17772525327511468,0.1814392413452612,-0.00371398807014653,0.054904406834278795,-0.0005637992155057248,False
facebook_combined,spread_resid,0,control_b1,region,10,scored,0.17203821145641204,0.1814392413452612,-0.009401029888849177,0.0074411121339203815,0.0008134366178847992,False
facebook_combined,spread_resid,0,buffer_measured,region,10,unscored_incomplete_or_infeasible,,,,,,False
facebook_combined,spread_resid,0,control_measured,region,10,unscored_incomplete_or_infeasible,,,,,,False
facebook_combined,spread_resid,0,buffer_b1,control_b1,10,scored,0.17772525327511468,0.17203821145641204,0.005687041818702647,0.05569973646128287,-0.0005470819815409076,False
facebook_combined,spread_resid,0,buffer_measured,control_measured,10,unscored_incomplete_or_infeasible,,,,,,False
facebook_combined,spread_resid,1,buffer_b1,region,10,scored,0.3395089341540468,0.5325743650089045,-0.19306543085485767,0.03520628992782657,0.0006667978909963803,True
facebook_combined,spread_resid,1,control_b1,region,10,scored,0.5230976751895484,0.5325743650089045,-0.00947668981935601,0.0111467461004628,0.001839734868637497,False
facebook_combined,spread_resid,1,buffer_measured,region,10,scored,0.2693434385206518,0.5325743650089045,-0.2632309264882527,0.1141531018909116,-0.0014575356024045967,True
facebook_combined,spread_resid,1,control_measured,region,10,scored,0.5020233980590412,0.5325743650089045,-0.03055096694986322,0.02284199621208306,0.0015158609295510155,False
facebook_combined,spread_resid,1,buffer_b1,control_b1,10,scored,0.3395089341540468,0.5230976751895484,-0.18358874103550168,0.030138836712009745,0.0006256282682103182,True
facebook_combined,spread_resid,1,buffer_measured,control_measured,10,scored,0.2693434385206518,0.5020233980590412,-0.23267995953838944,0.10192442137784331,-0.000468220930124981,True
facebook_combined,spread_resid,2,buffer_b1,region,10,scored,0.2301849234169072,0.5442251064573205,-0.31404018304041315,0.08270484034489008,0.005382224296219865,True
facebook_combined,spread_resid,2,control_b1,region,10,scored,0.5350367101619287,0.5442251064573205,-0.00918839629539181,0.01021483345456304,0.004193633408411955,False
facebook_combined,spread_resid,2,buffer_measured,region,10,scored,0.2301849234169072,0.5442251064573205,-0.31404018304041315,0.08270484034489008,0.005382224296219865,True
facebook_combined,spread_resid,2,control_measured,region,10,scored,0.5350367101619287,0.5442251064573205,-0.00918839629539181,0.01021483345456304,0.004193633408411955,False
facebook_combined,spread_resid,2,buffer_b1,control_b1,10,scored,0.2301849234169072,0.5350367101619287,-0.30485178674502134,0.0848220026373426,0.004707005857063206,True
facebook_combined,spread_resid,2,buffer_measured,control_measured,10,scored,0.2301849234169072,0.5350367101619287,-0.30485178674502134,0.0848220026373426,0.004707005857063206,True
facebook_combined,spread_resid,3,buffer_b1,region,10,scored,0.16330680422796662,0.4107087577446267,-0.24740195351666014,0.11757078415844296,0.012312791692133665,True
facebook_combined,spread_resid,3,control_b1,region,10,scored,0.40889160208039854,0.4107087577446267,-0.001817155664228204,0.017774323967363406,0.010269441342920826,False
facebook_combined,spread_resid,3,buffer_measured,region,10,scored,0.16330680422796662,0.4107087577446267,-0.24740195351666014,0.11757078415844296,0.012312791692133665,True
facebook_combined,spread_resid,3,control_measured,region,10,scored,0.40889160208039854,0.4107087577446267,-0.001817155664228204,0.017774323967363406,0.010269441342920826,False
facebook_combined,spread_resid,3,buffer_b1,control_b1,10,scored,0.16330680422796662,0.40889160208039854,-0.24558479785243192,0.1339785977730109,0.010316153608433723,False
facebook_combined,spread_resid,3,buffer_measured,control_measured,10,scored,0.16330680422796662,0.40889160208039854,-0.24558479785243192,0.1339785977730109,0.010316153608433723,False
facebook_combined,betweenness,0,buffer_b1,region,10,scored,0.5736284427744,0.5790081408161747,-0.0053796980417748054,0.009185014813164541,-1.1848059215349679e-05,False
facebook_combined,betweenness,0,control_b1,region,10,scored,0.5749070820845421,0.5790081408161747,-0.004101058731632723,0.0019670535294390957,3.3705645549260915e-05,True
facebook_combined,betweenness,0,buffer_measured,region,10,unscored_incomplete_or_infeasible,,,,,,False
facebook_combined,betweenness,0,control_measured,region,10,unscored_incomplete_or_infeasible,,,,,,False
facebook_combined,betweenness,0,buffer_b1,control_b1,10,scored,0.5736284427744,0.5749070820845421,-0.0012786393101420824,0.010155025474907672,-1.709790357297639e-05,False
facebook_combined,betweenness,0,buffer_measured,control_measured,10,unscored_incomplete_or_infeasible,,,,,,False
facebook_combined,betweenness,1,buffer_b1,region,10,scored,0.6928727568663271,0.7484456222804147,-0.05557286541408772,0.03951862920335106,-0.0003580198131125141,False
facebook_combined,betweenness,1,control_b1,region,10,scored,0.7478372658296845,0.7484456222804147,-0.0006083564507301964,0.004952123091118049,0.00030362014668524625,False
facebook_combined,betweenness,1,buffer_measured,region,10,unscored_incomplete_or_infeasible,,,,,,False
facebook_combined,betweenness,1,control_measured,region,10,unscored_incomplete_or_infeasible,,,,,,False
facebook_combined,betweenness,1,buffer_b1,control_b1,10,scored,0.6928727568663271,0.7478372658296845,-0.05496450896335753,0.04052503457183977,-0.00036088548320745986,False
facebook_combined,betweenness,1,buffer_measured,control_measured,10,unscored_incomplete_or_infeasible,,,,,,False
facebook_combined,betweenness,2,buffer_b1,region,10,scored,0.7093632641822717,0.6897724074364164,0.019590856745855333,0.05085921837411229,-0.000588745655416199,False
facebook_combined,betweenness,2,control_b1,region,10,scored,0.70208915031587,0.6897724074364164,0.012316742879453635,0.01686504665279723,0.0003833515353179914,False
facebook_combined,betweenness,2,buffer_measured,region,10,scored,0.5835780682400565,0.6897724074364164,-0.10619433919635982,0.03992299720787552,0.0005456294708423389,True
facebook_combined,betweenness,2,control_measured,region,10,scored,0.7014155061677052,0.6897724074364164,0.01164309873128878,0.021397734303635594,0.0008063953345900422,False
facebook_combined,betweenness,2,buffer_b1,control_b1,10,scored,0.7093632641822717,0.70208915031587,0.007274113866401699,0.045123480083553616,-0.0003761922823090684,False
facebook_combined,betweenness,2,buffer_measured,control_measured,10,scored,0.5835780682400565,0.7014155061677052,-0.1178374379276486,0.05477770877827203,0.0002893016047295361,True
facebook_combined,betweenness,3,buffer_b1,region,10,scored,0.6247955911046227,0.7073421031256686,-0.08254651202104604,0.117474129423119,-0.0026421534036410216,False
facebook_combined,betweenness,3,control_b1,region,10,scored,0.7145421912732521,0.7073421031256686,0.007200088147583395,0.018020368500415614,0.0016707487971426745,False
facebook_combined,betweenness,3,buffer_measured,region,10,scored,0.5667739168357222,0.7073421031256686,-0.14056818628994655,0.030234943157304704,0.0010579923416376967,True
facebook_combined,betweenness,3,control_measured,region,10,scored,0.7160095320101659,0.7073421031256686,0.008667428884497041,0.0238320883257127,0.0017113636717405172,False
facebook_combined,betweenness,3,buffer_b1,control_b1,10,scored,0.6247955911046227,0.7145421912732521,-0.08974660016862943,0.12136062647106584,-0.002705740289544027,False
facebook_combined,betweenness,3,buffer_measured,control_measured,10,scored,0.5667739168357222,0.7160095320101659,-0.14923561517444361,0.04618374392197089,0.001011359786271992,True
p2p-Gnutella08,spread_mean,0,buffer_b1,region,10,scored,0.5755732924385581,0.6294905267396242,-0.053917234301066194,0.022440283218650645,0.0014369604675214108,True
p2p-Gnutella08,spread_mean,0,control_b1,region,10,scored,0.6270904645621938,0.6294905267396242,-0.002400062177430573,0.007352126033026375,0.0009711838007498712,False
p2p-Gnutella08,spread_mean,0,buffer_measured,region,10,unscored_incomplete_or_infeasible,,,,,,False
p2p-Gnutella08,spread_mean,0,control_measured,region,10,unscored_incomplete_or_infeasible,,,,,,False
p2p-Gnutella08,spread_mean,0,buffer_b1,control_b1,10,scored,0.5755732924385581,0.6270904645621938,-0.05151717212363562,0.019688248917278297,0.0016496359578763507,True
p2p-Gnutella08,spread_mean,0,buffer_measured,control_measured,10,unscored_incomplete_or_infeasible,,,,,,False
p2p-Gnutella08,spread_mean,1,buffer_b1,region,10,scored,0.7332874502077397,0.7801643809403517,-0.04687693073261201,0.03533498026654832,0.0007159578355329535,False
p2p-Gnutella08,spread_mean,1,control_b1,region,10,scored,0.7777162669035451,0.7801643809403517,-0.0024481140368066145,0.0027088837457162978,0.00024056362757964633,False
p2p-Gnutella08,spread_mean,1,buffer_measured,region,10,unscored_incomplete_or_infeasible,,,,,,False
p2p-Gnutella08,spread_mean,1,control_measured,region,10,unscored_incomplete_or_infeasible,,,,,,False
p2p-Gnutella08,spread_mean,1,buffer_b1,control_b1,10,scored,0.7332874502077397,0.7777162669035451,-0.044428816695805395,0.034851447718564174,0.000747302451829488,False
p2p-Gnutella08,spread_mean,1,buffer_measured,control_measured,10,unscored_incomplete_or_infeasible,,,,,,False
p2p-Gnutella08,spread_mean,2,buffer_b1,region,10,scored,0.8330838339078843,0.8727116717387847,-0.03962783783090014,0.028395917263657106,0.00027004144683688504,False
p2p-Gnutella08,spread_mean,2,control_b1,region,10,scored,0.8698622618166878,0.8727116717387847,-0.002849409922096824,0.00217254469719945,7.604400362392589e-05,False
p2p-Gnutella08,spread_mean,2,buffer_measured,region,10,unscored_incomplete_or_infeasible,,,,,,False
p2p-Gnutella08,spread_mean,2,control_measured,region,10,unscored_incomplete_or_infeasible,,,,,,False
p2p-Gnutella08,spread_mean,2,buffer_b1,control_b1,10,scored,0.8330838339078843,0.8698622618166878,-0.03677842790880331,0.027365451474124496,0.0003035649701362043,False
p2p-Gnutella08,spread_mean,2,buffer_measured,control_measured,10,unscored_incomplete_or_infeasible,,,,,,False
p2p-Gnutella08,spread_mean,3,buffer_b1,region,10,scored,0.8783190093117559,0.9135938934947255,-0.03527488418296961,0.02742051954367515,7.094998151111792e-05,False
p2p-Gnutella08,spread_mean,3,control_b1,region,10,scored,0.9126230768570653,0.9135938934947255,-0.0009708166376600546,0.0015339033534954526,6.011625355261322e-06,False
p2p-Gnutella08,spread_mean,3,buffer_measured,region,10,scored,0.4964643807422875,0.9135938934947255,-0.41712951275243804,0.09615334368975696,0.00017808617987525221,True
p2p-Gnutella08,spread_mean,3,control_measured,region,10,scored,0.892551942914767,0.9135938934947255,-0.021041950579958436,0.006316040737634506,2.2547842883398524e-05,True
p2p-Gnutella08,spread_mean,3,buffer_b1,control_b1,10,scored,0.8783190093117559,0.9126230768570653,-0.034304067545309555,0.02758476364681116,6.465541190087248e-05,False
p2p-Gnutella08,spread_mean,3,buffer_measured,control_measured,10,scored,0.4964643807422875,0.892551942914767,-0.3960875621724796,0.09353640005742812,0.00045981841355526547,True
p2p-Gnutella08,spread_cv,0,buffer_b1,region,10,scored,0.3741630988336793,0.40666865143359576,-0.03250555259991645,0.012421984958391896,0.0033324035838091987,True
p2p-Gnutella08,spread_cv,0,control_b1,region,10,scored,0.4067190059916177,0.40666865143359576,5.035455802191446e-05,0.003883888561588527,0.003428808507789731,False
p2p-Gnutella08,spread_cv,0,buffer_measured,region,10,unscored_incomplete_or_infeasible,,,,,,False
p2p-Gnutella08,spread_cv,0,control_measured,region,10,unscored_incomplete_or_infeasible,,,,,,False
p2p-Gnutella08,spread_cv,0,buffer_b1,control_b1,10,scored,0.3741630988336793,0.4067190059916177,-0.032555907157938366,0.014133492814790713,0.0034018951596458333,True
p2p-Gnutella08,spread_cv,0,buffer_measured,control_measured,10,unscored_incomplete_or_infeasible,,,,,,False
p2p-Gnutella08,spread_cv,1,buffer_b1,region,10,scored,0.49947096704962524,0.5552125922036196,-0.05574162515399441,0.03449478176251665,0.0028314153519629665,False
p2p-Gnutella08,spread_cv,1,control_b1,region,10,scored,0.5516207943554757,0.5552125922036196,-0.0035917978481438463,0.0054481338572657185,0.0017657806986343479,False
p2p-Gnutella08,spread_cv,1,buffer_measured,region,10,unscored_incomplete_or_infeasible,,,,,,False
p2p-Gnutella08,spread_cv,1,control_measured,region,10,unscored_incomplete_or_infeasible,,,,,,False
p2p-Gnutella08,spread_cv,1,buffer_b1,control_b1,10,scored,0.49947096704962524,0.5516207943554757,-0.05214982730585056,0.03328632231768719,0.0030143038562247854,False
p2p-Gnutella08,spread_cv,1,buffer_measured,control_measured,10,unscored_incomplete_or_infeasible,,,,,,False
p2p-Gnutella08,spread_cv,2,buffer_b1,region,10,scored,0.6018351081343447,0.6660355304371247,-0.06420042230278007,0.042140471573420005,0.0009791405556561238,False
p2p-Gnutella08,spread_cv,2,control_b1,region,10,scored,0.6616472500346552,0.6660355304371247,-0.004388280402469635,0.0033565462876796273,0.00038461547251045827,False
p2p-Gnutella08,spread_cv,2,buffer_measured,region,10,scored,0.6018351081343447,0.6660355304371247,-0.06420042230278007,0.042140471573420005,0.0009791405556561238,False
p2p-Gnutella08,spread_cv,2,control_measured,region,10,scored,0.6616472500346552,0.6660355304371247,-0.004388280402469635,0.0033565462876796273,0.00038461547251045827,False
p2p-Gnutella08,spread_cv,2,buffer_b1,control_b1,10,scored,0.6018351081343447,0.6616472500346552,-0.05981214190031044,0.042715394825039825,0.0009416963530361773,False
p2p-Gnutella08,spread_cv,2,buffer_measured,control_measured,10,scored,0.6018351081343447,0.6616472500346552,-0.05981214190031044,0.042715394825039825,0.0009416963530361773,False
p2p-Gnutella08,spread_cv,3,buffer_b1,region,10,scored,0.6694650255373211,0.7718430755744428,-0.10237805003712157,0.04845625510208737,9.193256092899028e-05,True
p2p-Gnutella08,spread_cv,3,control_b1,region,10,scored,0.7686707259686055,0.7718430755744428,-0.0031723496058373435,0.002876220390538211,9.339320842302282e-06,False
p2p-Gnutella08,spread_cv,3,buffer_measured,region,10,scored,0.6694650255373211,0.7718430755744428,-0.10237805003712157,0.04845625510208737,9.193256092899028e-05,True
p2p-Gnutella08,spread_cv,3,control_measured,region,10,scored,0.7686707259686055,0.7718430755744428,-0.0031723496058373435,0.002876220390538211,9.339320842302282e-06,False
p2p-Gnutella08,spread_cv,3,buffer_b1,control_b1,10,scored,0.6694650255373211,0.7686707259686055,-0.09920570043128422,0.048269446633431676,0.00010363678374099228,True
p2p-Gnutella08,spread_cv,3,buffer_measured,control_measured,10,scored,0.6694650255373211,0.7686707259686055,-0.09920570043128422,0.048269446633431676,0.00010363678374099228,True
p2p-Gnutella08,spread_resid,0,buffer_b1,region,10,scored,0.11174426267546438,0.1031403853187011,0.00860387735676329,0.009165646825103384,0.0008513093978998618,False
p2p-Gnutella08,spread_resid,0,control_b1,region,10,scored,0.11123032535239094,0.1031403853187011,0.008089940033689846,0.004911761153260051,0.0010731866655065538,False
p2p-Gnutella08,spread_resid,0,buffer_measured,region,10,unscored_incomplete_or_infeasible,,,,,,False
p2p-Gnutella08,spread_resid,0,control_measured,region,10,unscored_incomplete_or_infeasible,,,,,,False
p2p-Gnutella08,spread_resid,0,buffer_b1,control_b1,10,scored,0.11174426267546438,0.11123032535239094,0.0005139373230734441,0.00887890283632939,0.0008195842247509205,False
p2p-Gnutella08,spread_resid,0,buffer_measured,control_measured,10,unscored_incomplete_or_infeasible,,,,,,False
p2p-Gnutella08,spread_resid,1,buffer_b1,region,10,scored,0.20435098597039786,0.2285416885115632,-0.02419070254116535,0.018482528618269,0.0006301045844479027,False
p2p-Gnutella08,spread_resid,1,control_b1,region,10,scored,0.2222901750302885,0.2285416885115632,-0.00625151348127474,0.009585066826884769,0.00017775415103934904,False
p2p-Gnutella08,spread_resid,1,buffer_measured,region,10,unscored_incomplete_or_infeasible,,,,,,False
p2p-Gnutella08,spread_resid,1,control_measured,region,10,unscored_incomplete_or_infeasible,,,,,,False
p2p-Gnutella08,spread_resid,1,buffer_b1,control_b1,10,scored,0.20435098597039786,0.2222901750302885,-0.017939189059890608,0.025780119342339605,0.000364090540610088,False
p2p-Gnutella08,spread_resid,1,buffer_measured,control_measured,10,unscored_incomplete_or_infeasible,,,,,,False
p2p-Gnutella08,spread_resid,2,buffer_b1,region,10,scored,0.28661543345282925,0.3350496724858392,-0.048434239033009946,0.016801605644851694,0.0005616563992338293,True
p2p-Gnutella08,spread_resid,2,control_b1,region,10,scored,0.32674759474364806,0.3350496724858392,-0.008302077742191188,0.008074527808473005,0.0002731747731476815,False
p2p-Gnutella08,spread_resid,2,buffer_measured,region,10,scored,0.28661543345282925,0.3350496724858392,-0.048434239033009946,0.016801605644851694,0.0005616563992338293,True
p2p-Gnutella08,spread_resid,2,control_measured,region,10,scored,0.32674759474364806,0.3350496724858392,-0.008302077742191188,0.008074527808473005,0.0002731747731476815,False
p2p-Gnutella08,spread_resid,2,buffer_b1,control_b1,10,scored,0.28661543345282925,0.32674759474364806,-0.04013216129081876,0.0216031594228192,0.0003941432718556409,False
p2p-Gnutella08,spread_resid,2,buffer_measured,control_measured,10,scored,0.28661543345282925,0.32674759474364806,-0.04013216129081876,0.0216031594228192,0.0003941432718556409,False
p2p-Gnutella08,spread_resid,3,buffer_b1,region,10,scored,0.3481844537634778,0.4103173970723427,-0.062132943308864895,0.013535966546763194,0.0002503247902625899,True
p2p-Gnutella08,spread_resid,3,control_b1,region,10,scored,0.3923672555609704,0.4103173970723427,-0.01795014151137232,0.007923502000544196,0.0001380718728153595,True
p2p-Gnutella08,spread_resid,3,buffer_measured,region,10,scored,0.23629023724303105,0.4103173970723427,-0.1740271598293116,0.03635346296193,8.714047391262433e-06,True
p2p-Gnutella08,spread_resid,3,control_measured,region,10,scored,0.3428568431852428,0.4103173970723427,-0.06746055388709996,0.014228378133548127,9.330121408204368e-05,True
p2p-Gnutella08,spread_resid,3,buffer_b1,control_b1,10,scored,0.3481844537634778,0.3923672555609704,-0.04418280179749259,0.013225028269732436,0.0002755779428580344,True
p2p-Gnutella08,spread_resid,3,buffer_measured,control_measured,10,scored,0.23629023724303105,0.3428568431852428,-0.10656660594221168,0.03831890722275211,-1.8513728087976503e-05,True
p2p-Gnutella08,betweenness,0,buffer_b1,region,10,scored,0.8720103712727575,0.8823810841673208,-0.010370712894563284,0.004393863351739249,1.7568582667382494e-05,True
p2p-Gnutella08,betweenness,0,control_b1,region,10,scored,0.8832082412858476,0.8823810841673208,0.0008271571185269666,0.0013863218632472582,6.963220715512568e-06,False
p2p-Gnutella08,betweenness,0,buffer_measured,region,10,unscored_incomplete_or_infeasible,,,,,,False
p2p-Gnutella08,betweenness,0,control_measured,region,10,unscored_incomplete_or_infeasible,,,,,,False
p2p-Gnutella08,betweenness,0,buffer_b1,control_b1,10,scored,0.8720103712727575,0.8832082412858476,-0.01119787001309025,0.004269750125858515,1.8385432135458518e-05,True
p2p-Gnutella08,betweenness,0,buffer_measured,control_measured,10,unscored_incomplete_or_infeasible,,,,,,False
p2p-Gnutella08,betweenness,1,buffer_b1,region,10,scored,0.8996417412035005,0.9199110500186597,-0.02026930881515924,0.008605489978863795,1.3123937234564026e-05,True
p2p-Gnutella08,betweenness,1,control_b1,region,10,scored,0.9182393590458722,0.9199110500186597,-0.0016716909727876206,0.004415786512400466,2.385453655084281e-05,False
p2p-Gnutella08,betweenness,1,buffer_measured,region,10,unscored_incomplete_or_infeasible,,,,,,False
p2p-Gnutella08,betweenness,1,control_measured,region,10,unscored_incomplete_or_infeasible,,,,,,False
p2p-Gnutella08,betweenness,1,buffer_b1,control_b1,10,scored,0.8996417412035005,0.9182393590458722,-0.018597617842371617,0.0068524334982802615,3.5634324905169065e-06,True
p2p-Gnutella08,betweenness,1,buffer_measured,control_measured,10,unscored_incomplete_or_infeasible,,,,,,False
p2p-Gnutella08,betweenness,2,buffer_b1,region,10,scored,0.9067476885023049,0.9312544745539938,-0.024506786051689145,0.008662435356147032,7.778178832474446e-06,True
p2p-Gnutella08,betweenness,2,control_b1,region,10,scored,0.9272958616532989,0.9312544745539938,-0.003958612900695091,0.0006729020702609153,5.6760014847546585e-05,True
p2p-Gnutella08,betweenness,2,buffer_measured,region,10,unscored_incomplete_or_infeasible,,,,,,False
p2p-Gnutella08,betweenness,2,control_measured,region,10,unscored_incomplete_or_infeasible,,,,,,False
p2p-Gnutella08,betweenness,2,buffer_b1,control_b1,10,scored,0.9067476885023049,0.9272958616532989,-0.020548173150994054,0.008871995429499574,8.087042047798026e-06,True
p2p-Gnutella08,betweenness,2,buffer_measured,control_measured,10,unscored_incomplete_or_infeasible,,,,,,False
p2p-Gnutella08,betweenness,3,buffer_b1,region,10,scored,0.9080082480820655,0.9340793063073851,-0.02607105822531952,0.008596596484634494,6.7741127679266425e-06,True
p2p-Gnutella08,betweenness,3,control_b1,region,10,scored,0.9292753132597131,0.9340793063073851,-0.004803993047671873,0.002032589649389542,4.184434421947497e-05,True
p2p-Gnutella08,betweenness,3,buffer_measured,region,10,unscored_incomplete_or_infeasible,,,,,,False
p2p-Gnutella08,betweenness,3,control_measured,region,10,unscored_incomplete_or_infeasible,,,,,,False
p2p-Gnutella08,betweenness,3,buffer_b1,control_b1,10,scored,0.9080082480820655,0.9292753132597131,-0.021267065177647648,0.007290872475641798,6.653103537005326e-06,True
p2p-Gnutella08,betweenness,3,buffer_measured,control_measured,10,unscored_incomplete_or_infeasible,,,,,,False
