network,radius,predictor,kendall_tau,tau_status,rf_node_tau,rf_full_tau,n,mean_degree,median,q25,q75,share_over_half,median_ball
ca-GrQc,0,E(0),,unscored_tied,,,4158,6.455988455988456,0.0002405002405002,0.0002405002405002,0.0002405002405002,0.0,1.0
ca-GrQc,1,E(1),0.7738986646159554,scored,0.9072769943124204,,4158,6.455988455988456,0.0009620009620009,0.0007215007215007,0.0019240019240019,0.0,4.0
ca-GrQc,2,E(2),0.8537899356774964,scored,,0.9415970056788783,4158,6.455988455988456,0.0055315055315055,0.0028860028860028,0.0105820105820105,0.0,23.0
ca-GrQc,3,E(3),0.8782470774220879,scored,,0.9441058999132922,4158,6.455988455988456,0.0254930254930254,0.0108225108225108,0.0548340548340548,0.0,106.0
ca-GrQc,2,perc_reach_2,0.8691329284247139,scored,,,4158,6.455988455988456,0.0055315055315055,0.0028860028860028,0.0105820105820105,0.0,23.0
ca-GrQc,3,perc_reach_3,0.8780042284782518,scored,,,4158,6.455988455988456,0.0254930254930254,0.0108225108225108,0.0548340548340548,0.0,106.0
ca-HepTh,0,E(0),,unscored_tied,,,8638,5.74345913405881,0.0001157675387821,0.0001157675387821,0.0001157675387821,0.0,1.0
ca-HepTh,1,E(1),0.7174874165454623,scored,0.8967658311788185,,8638,5.74345913405881,0.0004630701551285,0.0003473026163463,0.000926140310257,0.0,4.0
ca-HepTh,2,E(2),0.8303114670855962,scored,,0.9460511617188864,8638,5.74345913405881,0.0030099560083352,0.0015049780041676,0.0065987497105811,0.0,26.0
ca-HepTh,3,E(3),0.8753936522932053,scored,,0.9507933791568407,8638,5.74345913405881,0.0186385737439222,0.0069460523269275,0.0446862699699004,0.0,161.0
ca-HepTh,2,perc_reach_2,0.842566046520633,scored,,,8638,5.74345913405881,0.0030099560083352,0.0015049780041676,0.0065987497105811,0.0,26.0
ca-HepTh,3,perc_reach_3,0.8799069574182816,scored,,,8638,5.74345913405881,0.0186385737439222,0.0069460523269275,0.0446862699699004,0.0,161.0
p2p-Gnutella08,0,E(0),,unscored_tied,,,6299,6.596602635338943,0.0001587553579933,0.0001587553579933,0.0001587553579933,0.0,1.0
p2p-Gnutella08,1,E(1),0.66550870513701,scored,0.7926726500096419,,6299,6.596602635338943,0.0006350214319733,0.0003175107159866,0.0019050642959199,0.0,4.0
p2p-Gnutella08,2,E(2),0.7558000895854535,scored,,0.8867165559952582,6299,6.596602635338943,0.0074615018256866,0.0026988410858866,0.0174630893792665,0.0,47.0
p2p-Gnutella08,3,E(3),0.7925334613218818,scored,,0.915964798456327,6299,6.596602635338943,0.0682648039371328,0.0254008572789331,0.1666931258929989,0.0030163518018733,430.00000000000006
p2p-Gnutella08,2,perc_reach_2,0.7650327582296709,scored,,,6299,6.596602635338943,0.0074615018256866,0.0026988410858866,0.0174630893792665,0.0,47.0
p2p-Gnutella08,3,perc_reach_3,0.7970597561966294,scored,,,6299,6.596602635338943,0.0682648039371328,0.0254008572789331,0.1666931258929989,0.0030163518018733,430.00000000000006
email-Eu-core,0,E(0),,unscored_tied,,,986,32.5841784989858,0.0010141987829614,0.0010141987829614,0.0010141987829614,0.0,1.0
email-Eu-core,1,E(1),0.8687675965643442,scored,0.9564821464764884,,986,32.5841784989858,0.0233265720081135,0.0073529411764705,0.0463995943204868,0.0,23.0
email-Eu-core,2,E(2),0.9333502264425826,scored,,0.9637310374938156,986,32.5841784989858,0.494421906693712,0.2489858012170385,0.6599898580121704,0.4878296146044624,487.5
email-Eu-core,3,E(3),0.9489366924754039,scored,,0.9686552433156306,986,32.5841784989858,0.9726166328600404,0.9127789046653144,0.988843813387424,0.9837728194726166,959.0
email-Eu-core,2,perc_reach_2,0.9386873775006411,scored,,,986,32.5841784989858,0.494421906693712,0.2489858012170385,0.6599898580121704,0.4878296146044624,487.5
email-Eu-core,3,perc_reach_3,0.9432307400882365,scored,,,986,32.5841784989858,0.9726166328600404,0.9127789046653144,0.988843813387424,0.9837728194726166,959.0
facebook_combined,0,E(0),,unscored_tied,,,4039,43.69101262688784,0.0002475860361475,0.0002475860361475,0.0002475860361475,0.0,1.0
facebook_combined,1,E(1),0.6842902950543963,scored,0.945818123266004,,4039,43.69101262688784,0.0064372369398365,0.0029710324337707,0.0143599900965585,0.0,26.0
facebook_combined,2,E(2),0.7567283135619807,scored,,0.9573765667465597,4039,43.69101262688784,0.1896509036890319,0.1356771478088635,0.2589749938103491,0.0012379301807378,766.0
facebook_combined,3,E(3),0.7939718684849801,scored,,0.9586226349398658,4039,43.69101262688784,0.4533300321861847,0.2483287942560039,0.6652636791284972,0.3146818519435503,1831.0
facebook_combined,2,perc_reach_2,0.765891481604716,scored,,,4039,43.69101262688784,0.1896509036890319,0.1356771478088635,0.2589749938103491,0.0012379301807378,766.0
facebook_combined,3,perc_reach_3,0.76665993539799,scored,,,4039,43.69101262688784,0.4533300321861847,0.2483287942560039,0.6652636791284972,0.3146818519435503,1831.0
