network,target,eps,r_tau,r_p5,r_p1,shift_p5,shift_p1
ca-GrQc,betweenness,0.2,1,1,1,0,0
ca-GrQc,betweenness,0.1,1,1,1,0,0
ca-GrQc,betweenness,0.05,1,1,2,0,1
ca-GrQc,betweenness,0.02,1,2,2,1,1
ca-GrQc,betweenness,0.01,1,2,2,1,1
ca-GrQc,spread_mean,0.2,0,1,0,1,0
ca-GrQc,spread_mean,0.1,1,1,1,0,0
ca-GrQc,spread_mean,0.05,1,1,1,0,0
ca-GrQc,spread_mean,0.02,2,1,1,-1,-1
ca-GrQc,spread_mean,0.01,2,1,1,-1,-1
ca-GrQc,spread_cv,0.2,1,1,1,0,0
ca-GrQc,spread_cv,0.1,2,1,1,-1,-1
ca-GrQc,spread_cv,0.05,2,2,1,0,-1
ca-GrQc,spread_cv,0.02,2,2,2,0,0
ca-GrQc,spread_cv,0.01,3,3,2,0,-1
ca-GrQc,spread_resid,0.2,2,2,2,0,0
ca-GrQc,spread_resid,0.1,2,2,2,0,0
ca-GrQc,spread_resid,0.05,2,2,2,0,0
ca-GrQc,spread_resid,0.02,3,2,2,-1,-1
ca-GrQc,spread_resid,0.01,3,3,2,0,-1
ca-HepTh,betweenness,0.2,1,1,1,0,0
ca-HepTh,betweenness,0.1,1,1,2,0,1
ca-HepTh,betweenness,0.05,1,2,2,1,1
ca-HepTh,betweenness,0.02,1,2,2,1,1
ca-HepTh,betweenness,0.01,2,2,2,0,0
ca-HepTh,spread_mean,0.2,1,1,1,0,0
ca-HepTh,spread_mean,0.1,1,1,1,0,0
ca-HepTh,spread_mean,0.05,2,2,1,0,-1
ca-HepTh,spread_mean,0.02,2,2,2,0,0
ca-HepTh,spread_mean,0.01,2,3,2,1,0
ca-HepTh,spread_cv,0.2,1,2,2,1,1
ca-HepTh,spread_cv,0.1,2,2,2,0,0
ca-HepTh,spread_cv,0.05,2,3,2,1,0
ca-HepTh,spread_cv,0.02,3,3,2,0,-1
ca-HepTh,spread_cv,0.01,3,3,2,0,-1
ca-HepTh,spread_resid,0.2,2,2,2,0,0
ca-HepTh,spread_resid,0.1,2,2,3,0,1
ca-HepTh,spread_resid,0.05,2,2,3,0,1
ca-HepTh,spread_resid,0.02,3,2,3,-1,0
ca-HepTh,spread_resid,0.01,3,3,3,0,0
email-Eu-core,betweenness,0.2,0,0,1,0,1
email-Eu-core,betweenness,0.1,1,1,1,0,0
email-Eu-core,betweenness,0.05,1,1,1,0,0
email-Eu-core,betweenness,0.02,1,1,1,0,0
email-Eu-core,betweenness,0.01,1,1,1,0,0
email-Eu-core,spread_mean,0.2,0,0,1,0,1
email-Eu-core,spread_mean,0.1,1,1,1,0,0
email-Eu-core,spread_mean,0.05,1,1,1,0,0
email-Eu-core,spread_mean,0.02,1,1,1,0,0
email-Eu-core,spread_mean,0.01,1,1,1,0,0
email-Eu-core,spread_cv,0.2,0,1,1,1,1
email-Eu-core,spread_cv,0.1,1,1,1,0,0
email-Eu-core,spread_cv,0.05,1,1,1,0,0
email-Eu-core,spread_cv,0.02,1,3,1,2,0
email-Eu-core,spread_cv,0.01,1,3,1,2,0
email-Eu-core,spread_resid,0.2,2,1,3,-1,1
email-Eu-core,spread_resid,0.1,2,2,3,0,1
email-Eu-core,spread_resid,0.05,2,1,3,-1,1
email-Eu-core,spread_resid,0.02,2,1,3,-1,1
email-Eu-core,spread_resid,0.01,2,1,3,-1,1
facebook_combined,betweenness,0.2,1,2,1,1,0
facebook_combined,betweenness,0.1,2,2,2,0,0
facebook_combined,betweenness,0.05,2,2,2,0,0
facebook_combined,betweenness,0.02,2,2,3,0,1
facebook_combined,betweenness,0.01,2,3,3,1,1
facebook_combined,spread_mean,0.2,1,1,1,0,0
facebook_combined,spread_mean,0.1,1,1,1,0,0
facebook_combined,spread_mean,0.05,1,1,1,0,0
facebook_combined,spread_mean,0.02,1,1,1,0,0
facebook_combined,spread_mean,0.01,1,1,1,0,0
facebook_combined,spread_cv,0.2,1,1,1,0,0
facebook_combined,spread_cv,0.1,1,1,1,0,0
facebook_combined,spread_cv,0.05,1,1,1,0,0
facebook_combined,spread_cv,0.02,1,1,3,0,2
facebook_combined,spread_cv,0.01,1,2,3,1,2
facebook_combined,spread_resid,0.2,1,1,1,0,0
facebook_combined,spread_resid,0.1,1,1,1,0,0
facebook_combined,spread_resid,0.05,1,1,2,0,1
facebook_combined,spread_resid,0.02,1,2,2,1,1
facebook_combined,spread_resid,0.01,2,2,2,0,0
p2p-Gnutella08,betweenness,0.2,0,0,0,0,0
p2p-Gnutella08,betweenness,0.1,0,0,1,0,1
p2p-Gnutella08,betweenness,0.05,1,1,2,0,1
p2p-Gnutella08,betweenness,0.02,1,1,2,0,1
p2p-Gnutella08,betweenness,0.01,2,2,3,0,1
p2p-Gnutella08,spread_mean,0.2,1,1,0,0,-1
p2p-Gnutella08,spread_mean,0.1,2,1,1,-1,-1
p2p-Gnutella08,spread_mean,0.05,2,1,1,-1,-1
p2p-Gnutella08,spread_mean,0.02,3,1,2,-2,-1
p2p-Gnutella08,spread_mean,0.01,3,1,2,-2,-1
p2p-Gnutella08,spread_cv,0.2,2,3,2,1,0
p2p-Gnutella08,spread_cv,0.1,2,3,2,1,0
p2p-Gnutella08,spread_cv,0.05,3,3,2,0,-1
p2p-Gnutella08,spread_cv,0.02,3,3,2,0,-1
p2p-Gnutella08,spread_cv,0.01,3,3,2,0,-1
p2p-Gnutella08,spread_resid,0.2,2,1,2,-1,0
p2p-Gnutella08,spread_resid,0.1,3,3,2,0,-1
p2p-Gnutella08,spread_resid,0.05,3,3,2,0,-1
p2p-Gnutella08,spread_resid,0.02,3,3,2,0,-1
p2p-Gnutella08,spread_resid,0.01,3,3,2,0,-1
