network,n,mean_degree,radius,median,q25,q75,share_over_half,median_ball
ca-GrQc,4158,6.455988455988456,0,0.0002405002405002405,0.0002405002405002405,0.0002405002405002405,0.0,1.0
ca-GrQc,4158,6.455988455988456,1,0.000962000962000962,0.0007215007215007215,0.001924001924001924,0.0,4.0
ca-GrQc,4158,6.455988455988456,2,0.005531505531505531,0.002886002886002886,0.010582010582010581,0.0,23.0
ca-GrQc,4158,6.455988455988456,3,0.025493025493025494,0.010822510822510822,0.05483405483405483,0.0,106.0
ca-HepTh,8638,5.74345913405881,0,0.00011576753878212549,0.00011576753878212549,0.00011576753878212549,0.0,1.0
ca-HepTh,8638,5.74345913405881,1,0.00046307015512850195,0.00034730261634637646,0.0009261403102570039,0.0,4.0
ca-HepTh,8638,5.74345913405881,2,0.003009956008335263,0.0015049780041676314,0.006598749710581153,0.0,26.0
ca-HepTh,8638,5.74345913405881,3,0.018638573743922204,0.00694605232692753,0.04468626996990044,0.0,161.0
email-Eu-core,986,32.5841784989858,0,0.0010141987829614604,0.0010141987829614604,0.0010141987829614604,0.0,1.0
email-Eu-core,986,32.5841784989858,1,0.02332657200811359,0.007352941176470588,0.04639959432048681,0.0,23.0
email-Eu-core,986,32.5841784989858,2,0.494421906693712,0.24898580121703856,0.6599898580121704,0.48782961460446245,487.5
email-Eu-core,986,32.5841784989858,3,0.9726166328600405,0.9127789046653144,0.9888438133874239,0.9837728194726166,959.0
facebook_combined,4039,43.69101262688784,0,0.0002475860361475613,0.0002475860361475613,0.0002475860361475613,0.0,1.0
facebook_combined,4039,43.69101262688784,1,0.006437236939836593,0.0029710324337707352,0.014359990096558554,0.0,26.0
facebook_combined,4039,43.69101262688784,2,0.18965090368903195,0.13567714780886359,0.2589749938103491,0.0012379301807378064,766.0
facebook_combined,4039,43.69101262688784,3,0.4533300321861847,0.24832879425600396,0.6652636791284972,0.31468185194355036,1831.0
p2p-Gnutella08,6299,6.596602635338943,0,0.00015875535799333228,0.00015875535799333228,0.00015875535799333228,0.0,1.0
p2p-Gnutella08,6299,6.596602635338943,1,0.0006350214319733291,0.00031751071598666456,0.0019050642959199872,0.0,4.0
p2p-Gnutella08,6299,6.596602635338943,2,0.007461501825686617,0.0026988410858866485,0.01746308937926655,0.0,47.0
p2p-Gnutella08,6299,6.596602635338943,3,0.06826480393713288,0.025400857278933164,0.1666931258929989,0.0030163518018733134,430.00000000000006
