network,target,estimator,r_star,support,n_seeds,agrees
ca-GrQc,betweenness,rf,1,10,10,True
ca-GrQc,betweenness,hgb,1,10,10,True
ca-GrQc,betweenness,hgb_matched,1,10,10,True
ca-GrQc,betweenness,ridge,1,10,10,True
ca-GrQc,spread_cv,rf,2,10,10,True
ca-GrQc,spread_cv,hgb,2,10,10,True
ca-GrQc,spread_cv,hgb_matched,2,10,10,True
ca-GrQc,spread_cv,ridge,3,10,10,False
ca-GrQc,spread_mean,rf,1,10,10,True
ca-GrQc,spread_mean,hgb,1,10,10,True
ca-GrQc,spread_mean,hgb_matched,1,10,10,True
ca-GrQc,spread_mean,ridge,2,10,10,False
ca-GrQc,spread_resid,rf,2,10,10,True
ca-GrQc,spread_resid,hgb,2,10,10,True
ca-GrQc,spread_resid,hgb_matched,2,10,10,True
ca-GrQc,spread_resid,ridge,2,5,10,True
ca-HepTh,betweenness,rf,1,10,10,True
ca-HepTh,betweenness,hgb,1,10,10,True
ca-HepTh,betweenness,hgb_matched,1,10,10,True
ca-HepTh,betweenness,ridge,1,10,10,True
ca-HepTh,spread_cv,rf,2,10,10,True
ca-HepTh,spread_cv,hgb,2,10,10,True
ca-HepTh,spread_cv,hgb_matched,2,10,10,True
ca-HepTh,spread_cv,ridge,2,10,10,True
ca-HepTh,spread_mean,rf,2,10,10,True
ca-HepTh,spread_mean,hgb,2,10,10,True
ca-HepTh,spread_mean,hgb_matched,2,10,10,True
ca-HepTh,spread_mean,ridge,2,10,10,True
ca-HepTh,spread_resid,rf,2,10,10,True
ca-HepTh,spread_resid,hgb,2,10,10,True
ca-HepTh,spread_resid,hgb_matched,2,10,10,True
ca-HepTh,spread_resid,ridge,2,10,10,True
email-Eu-core,betweenness,rf,1,10,10,True
email-Eu-core,betweenness,hgb,0,9,10,False
email-Eu-core,betweenness,hgb_matched,1,10,10,True
email-Eu-core,betweenness,ridge,0,10,10,False
email-Eu-core,spread_cv,rf,1,10,10,True
email-Eu-core,spread_cv,hgb,1,10,10,True
email-Eu-core,spread_cv,hgb_matched,1,10,10,True
email-Eu-core,spread_cv,ridge,1,10,10,True
email-Eu-core,spread_mean,rf,1,10,10,True
email-Eu-core,spread_mean,hgb,1,10,10,True
email-Eu-core,spread_mean,hgb_matched,1,10,10,True
email-Eu-core,spread_mean,ridge,1,10,10,True
email-Eu-core,spread_resid,rf,2,10,10,True
email-Eu-core,spread_resid,hgb,2,8,10,True
email-Eu-core,spread_resid,hgb_matched,3,6,10,False
email-Eu-core,spread_resid,ridge,1,6,10,False
facebook_combined,betweenness,rf,2,10,10,True
facebook_combined,betweenness,hgb,0,10,10,False
facebook_combined,betweenness,hgb_matched,3,10,10,False
facebook_combined,betweenness,ridge,0,10,10,False
facebook_combined,spread_cv,rf,1,10,10,True
facebook_combined,spread_cv,hgb,1,10,10,True
facebook_combined,spread_cv,hgb_matched,1,10,10,True
facebook_combined,spread_cv,ridge,2,10,10,False
facebook_combined,spread_mean,rf,1,10,10,True
facebook_combined,spread_mean,hgb,1,10,10,True
facebook_combined,spread_mean,hgb_matched,1,10,10,True
facebook_combined,spread_mean,ridge,3,10,10,False
facebook_combined,spread_resid,rf,1,10,10,True
facebook_combined,spread_resid,hgb,1,10,10,True
facebook_combined,spread_resid,hgb_matched,1,10,10,True
facebook_combined,spread_resid,ridge,2,10,10,False
p2p-Gnutella08,betweenness,rf,1,10,10,True
p2p-Gnutella08,betweenness,hgb,0,10,10,False
p2p-Gnutella08,betweenness,hgb_matched,0,10,10,False
p2p-Gnutella08,betweenness,ridge,0,10,10,False
p2p-Gnutella08,spread_cv,rf,3,10,10,True
p2p-Gnutella08,spread_cv,hgb,3,10,10,True
p2p-Gnutella08,spread_cv,hgb_matched,3,10,10,True
p2p-Gnutella08,spread_cv,ridge,3,10,10,True
p2p-Gnutella08,spread_mean,rf,2,10,10,True
p2p-Gnutella08,spread_mean,hgb,2,10,10,True
p2p-Gnutella08,spread_mean,hgb_matched,2,10,10,True
p2p-Gnutella08,spread_mean,ridge,2,10,10,True
p2p-Gnutella08,spread_resid,rf,3,10,10,True
p2p-Gnutella08,spread_resid,hgb,3,10,10,True
p2p-Gnutella08,spread_resid,hgb_matched,3,10,10,True
p2p-Gnutella08,spread_resid,ridge,3,10,10,True
