network,target,estimator,rho_shape,baseline_range
ca-GrQc,betweenness,hgb,0.19999999999999998,0.3792420538049356
ca-GrQc,betweenness,hgb_matched,0.19999999999999998,0.3792420538049356
ca-GrQc,betweenness,ridge,1.0,0.3792420538049356
ca-GrQc,spread_cv,hgb,1.0,0.36065697499445826
ca-GrQc,spread_cv,hgb_matched,1.0,0.36065697499445826
ca-GrQc,spread_cv,ridge,1.0,0.36065697499445826
ca-GrQc,spread_mean,hgb,1.0,0.1633969984659639
ca-GrQc,spread_mean,hgb_matched,1.0,0.1633969984659639
ca-GrQc,spread_mean,ridge,0.7999999999999999,0.1633969984659639
ca-GrQc,spread_resid,hgb,1.0,0.4476675470587148
ca-GrQc,spread_resid,hgb_matched,1.0,0.4476675470587148
ca-GrQc,spread_resid,ridge,1.0,0.4476675470587148
ca-HepTh,betweenness,hgb,0.19999999999999998,0.25499005247725304
ca-HepTh,betweenness,hgb_matched,0.39999999999999997,0.25499005247725304
ca-HepTh,betweenness,ridge,0.19999999999999998,0.25499005247725304
ca-HepTh,spread_cv,hgb,1.0,0.4937556937807782
ca-HepTh,spread_cv,hgb_matched,1.0,0.4937556937807782
ca-HepTh,spread_cv,ridge,1.0,0.4937556937807782
ca-HepTh,spread_mean,hgb,1.0,0.22804123585199643
ca-HepTh,spread_mean,hgb_matched,1.0,0.22804123585199643
ca-HepTh,spread_mean,ridge,1.0,0.22804123585199643
ca-HepTh,spread_resid,hgb,1.0,0.4321794167743545
ca-HepTh,spread_resid,hgb_matched,1.0,0.4321794167743545
ca-HepTh,spread_resid,ridge,1.0,0.4321794167743545
email-Eu-core,betweenness,hgb,0.39999999999999997,0.1618357345178304
email-Eu-core,betweenness,hgb_matched,0.39999999999999997,0.1618357345178304
email-Eu-core,betweenness,ridge,-0.7999999999999999,0.1618357345178304
email-Eu-core,spread_cv,hgb,1.0,0.10658052557505593
email-Eu-core,spread_cv,hgb_matched,1.0,0.10658052557505593
email-Eu-core,spread_cv,ridge,1.0,0.10658052557505593
email-Eu-core,spread_mean,hgb,1.0,0.1067613068635096
email-Eu-core,spread_mean,hgb_matched,1.0,0.1067613068635096
email-Eu-core,spread_mean,ridge,1.0,0.1067613068635096
email-Eu-core,spread_resid,hgb,0.7999999999999999,0.06603223210948544
email-Eu-core,spread_resid,hgb_matched,0.7999999999999999,0.06603223210948544
email-Eu-core,spread_resid,ridge,0.39999999999999997,0.06603223210948544
facebook_combined,betweenness,hgb,-1.0,0.5471810335989159
facebook_combined,betweenness,hgb_matched,1.0,0.5471810335989159
facebook_combined,betweenness,ridge,-0.7999999999999999,0.5471810335989159
facebook_combined,spread_cv,hgb,0.7999999999999999,0.6926091169964825
facebook_combined,spread_cv,hgb_matched,0.7999999999999999,0.6926091169964825
facebook_combined,spread_cv,ridge,0.7999999999999999,0.6926091169964825
facebook_combined,spread_mean,hgb,1.0,0.2881220983436854
facebook_combined,spread_mean,hgb_matched,1.0,0.2881220983436854
facebook_combined,spread_mean,ridge,0.7999999999999999,0.2881220983436854
facebook_combined,spread_resid,hgb,1.0,0.4375759447358841
facebook_combined,spread_resid,hgb_matched,1.0,0.4375759447358841
facebook_combined,spread_resid,ridge,1.0,0.4375759447358841
p2p-Gnutella08,betweenness,hgb,1.0,0.0513804900477296
p2p-Gnutella08,betweenness,hgb_matched,1.0,0.0513804900477296
p2p-Gnutella08,betweenness,ridge,-0.39999999999999997,0.0513804900477296
p2p-Gnutella08,spread_cv,hgb,1.0,0.323270938353383
p2p-Gnutella08,spread_cv,hgb_matched,1.0,0.323270938353383
p2p-Gnutella08,spread_cv,ridge,1.0,0.323270938353383
p2p-Gnutella08,spread_mean,hgb,1.0,0.24544783777431778
p2p-Gnutella08,spread_mean,hgb_matched,1.0,0.24544783777431778
p2p-Gnutella08,spread_mean,ridge,1.0,0.24544783777431778
p2p-Gnutella08,spread_resid,hgb,1.0,0.2978898900860882
p2p-Gnutella08,spread_resid,hgb_matched,1.0,0.2978898900860882
p2p-Gnutella08,spread_resid,ridge,1.0,0.2978898900860882
