network,target,comparison,mean,sd,n,star,p_t,p_sign,q_bh,q_by,family
ca-GrQc,betweenness,r0->r1,0.3637745044662043,0.001700718758147465,10,True,1.7180590154007957e-22,0.001953125,2.061670818480955e-21,9.648352264655012e-21,hop_gain
ca-GrQc,betweenness,r1->r2,0.009107191701111683,0.001065032228239126,10,True,6.265261351849158e-10,0.001953125,7.831576689811448e-10,3.6650764037411096e-09,hop_gain
ca-GrQc,betweenness,r2->r3,-0.0005191466141106216,0.0007977745492569233,10,False,0.06972445419457192,0.109375,0.07090622460464942,0.3318319426214093,hop_gain
ca-GrQc,spread_mean,r0->r1,0.12661271812017044,0.002056599935423677,10,True,1.2661972551283844e-17,0.001953125,3.45326524125923e-17,1.6160833830643713e-16,hop_gain
ca-GrQc,spread_mean,r1->r2,0.034275386111379494,0.0005068188554894763,10,True,5.4369448102088665e-18,0.001953125,1.63108344306266e-17,7.63325914624439e-17,hop_gain
ca-GrQc,spread_mean,r2->r3,0.002508894234413883,0.00015907544768640366,10,True,2.6274913381212277e-12,0.001953125,3.889586849834937e-12,1.820276241714867e-11,hop_gain
ca-GrQc,spread_cv,r0->r1,0.2121798810052496,0.0034670103004123065,10,True,1.335679725260646e-17,0.001953125,3.4843818919842935e-17,1.6306455723722092e-16,hop_gain
ca-GrQc,spread_cv,r1->r2,0.13254231689082988,0.0021511700390339705,10,True,1.2569885590860333e-17,0.001953125,3.45326524125923e-17,1.6160833830643713e-16,hop_gain
ca-GrQc,spread_cv,r2->r3,0.015934777098378806,0.0011276205896109286,10,True,7.034519045964347e-12,0.001953125,9.815607971113041e-12,4.593577332914515e-11,hop_gain
ca-GrQc,spread_resid,r0->r1,0.2745419140140719,0.004001805071745529,10,True,4.779215197398869e-18,0.001953125,1.5092258518101693e-17,7.062981410348294e-17,hop_gain
ca-GrQc,spread_resid,r1->r2,0.1536803719507541,0.0031607983656337583,10,True,1.0587661811991781e-16,0.001953125,2.3528137359981735e-16,1.1010863390284292e-15,hop_gain
ca-GrQc,spread_resid,r2->r3,0.019445261093888777,0.0010690000762554627,10,True,7.303320941947552e-13,0.001953125,1.153155938202245e-12,5.396620356712288e-12,hop_gain
ca-HepTh,betweenness,r0->r1,0.24125197107560276,0.0006907484189107958,10,True,2.082087543882839e-24,0.001953125,1.2492525263297033e-22,5.84633993627559e-22,hop_gain
ca-HepTh,betweenness,r1->r2,0.016920548882508147,0.0004951051105778272,10,True,2.5237654062152414e-15,0.001953125,5.047530812430483e-15,2.362179010755566e-14,hop_gain
ca-HepTh,betweenness,r2->r3,0.000662461429878558,0.0003210343722071242,10,True,0.0001082074396387231,0.001953125,0.0001202304884874701,0.0005626631058072457,hop_gain
ca-HepTh,spread_mean,r0->r1,0.17385929762077973,0.0007178993242873997,10,True,5.618678497172195e-23,0.001953125,8.428017745758293e-22,3.944203088820643e-21,hop_gain
ca-HepTh,spread_mean,r1->r2,0.04943972079326261,0.00043304760837240664,10,True,4.8852283929211337e-20,0.001953125,3.66392129469085e-19,1.7146676862407531e-18,hop_gain
ca-HepTh,spread_mean,r2->r3,0.004742217437954266,0.00018350486827961015,10,True,3.11510911233235e-14,0.001953125,5.975072952734419e-14,2.796256712672998e-13,hop_gain
ca-HepTh,spread_cv,r0->r1,0.3284137233247577,0.0011811515922542093,10,True,1.6210978768673344e-23,0.001953125,3.2421957537346685e-22,1.5173055980900632e-21,hop_gain
ca-HepTh,spread_cv,r1->r2,0.14347086114845958,0.001294628964811548,10,True,6.385209694999437e-20,0.001953125,4.256806463332958e-19,1.9921302621413634e-18,hop_gain
ca-HepTh,spread_cv,r2->r3,0.02187110930756093,0.0005032794041549562,10,True,2.9071635468768014e-16,0.001953125,6.22963617187886e-16,2.9153890004229797e-15,hop_gain
ca-HepTh,spread_resid,r0->r1,0.24713411259668275,0.0008754040660304141,10,True,1.4136227830596173e-23,0.001953125,3.2421957537346685e-22,1.5173055980900632e-21,hop_gain
ca-HepTh,spread_resid,r1->r2,0.1589137811604374,0.0018681011628460082,10,True,6.899209690717333e-19,0.001953125,2.587203634019e-18,1.2107777739126732e-17,hop_gain
ca-HepTh,spread_resid,r2->r3,0.026131523017234325,0.0012841377848370964,10,True,2.667078048496041e-13,0.001953125,4.3249914299935807e-13,2.0240399429496782e-12,hop_gain
email-Eu-core,betweenness,r0->r1,0.12471514422920464,0.0023662745710192933,10,True,5.123996091000798e-17,0.001953125,1.2297590618401916e-16,5.755113048565198e-16,hop_gain
email-Eu-core,betweenness,r1->r2,0.005329323875526248,0.0007701499688928761,10,True,4.1012130204909734e-09,0.001953125,4.824956494695263e-09,2.2580171143303687e-08,hop_gain
email-Eu-core,betweenness,r2->r3,0.0002149916700178056,0.0003283287933328186,10,False,0.06828893891916869,0.34375,0.0706437299163814,0.3306035014962268,hop_gain
email-Eu-core,spread_mean,r0->r1,0.09510028195795239,0.0009487906153398306,10,True,1.57619107573917e-19,0.001953125,8.597405867668199e-19,4.0234745348238066e-18,hop_gain
email-Eu-core,spread_mean,r1->r2,0.006736819083742074,0.0004276933412842821,10,True,2.6578843473872063e-12,0.001953125,3.889586849834937e-12,1.820276241714867e-11,hop_gain
email-Eu-core,spread_mean,r2->r3,0.0049242058218150865,0.00045422018162082984,10,True,7.545512311832623e-11,0.001953125,1.0060683082443499e-10,4.708269309161141e-10,hop_gain
email-Eu-core,spread_cv,r0->r1,0.09320925744759134,0.0012062000770303393,10,True,1.637743223558657e-18,0.001953125,5.4591440785288565e-18,2.554808685314787e-17,hop_gain
email-Eu-core,spread_cv,r1->r2,0.007893526996960143,0.0006361877316510484,10,True,2.256013706400007e-11,0.001953125,3.0763823269091006e-11,1.4397070630629519e-10,hop_gain
email-Eu-core,spread_cv,r2->r3,0.005477741130504555,0.0007091049855644611,10,True,1.5461575101574733e-09,0.001953125,1.8553890121889681e-09,8.682980142658901e-09,hop_gain
email-Eu-core,spread_resid,r0->r1,0.02404971968924183,0.02477670305164291,10,False,0.013364964115972771,0.021484375,0.014068383279971338,0.06583821067000278,hop_gain
email-Eu-core,spread_resid,r1->r2,0.04198251242024362,0.008921132176395613,10,True,1.2084854156158674e-07,0.001953125,1.3680966969236236e-07,6.402515253989866e-07,hop_gain
email-Eu-core,spread_resid,r2->r3,-0.01730351243667309,0.009898749498164421,10,False,0.00036676296151435666,0.001953125,0.00039296031590823927,0.0018390033558831368,hop_gain
facebook_combined,betweenness,r0->r1,0.2151559125134596,0.0021787516793614417,10,True,1.8021748324864784e-19,0.001953125,9.010874162432391e-19,4.216972338759861e-18,hop_gain
facebook_combined,betweenness,r1->r2,0.11373160066784709,0.001967533297315323,10,True,2.2323423457949227e-17,0.001953125,5.580855864487307e-17,2.6117682239162335e-16,hop_gain
facebook_combined,betweenness,r2->r3,0.006991993356231752,0.0013174267292981167,10,True,4.23748806506325e-08,0.001953125,4.889409305842211e-08,2.2881801947221856e-07,hop_gain
facebook_combined,spread_mean,r0->r1,0.27482403572186465,0.0014510135797955752,10,True,5.133069388339954e-22,0.001953125,5.133069388339954e-21,2.402209955812042e-20,hop_gain
facebook_combined,spread_mean,r1->r2,0.012051994428514656,0.0005875909317769757,10,True,2.484388226215362e-13,0.001953125,4.14064704369227e-13,1.9377691590251532e-12,hop_gain
facebook_combined,spread_mean,r2->r3,0.0012460681933059825,0.00015507358791558154,10,True,1.089528666366415e-09,0.001953125,1.3341167343262223e-09,6.243493432397081e-09,hop_gain
facebook_combined,spread_cv,r0->r1,0.6835056690797245,0.004938198653353327,10,True,8.634263342887571e-21,0.001953125,7.40079715104649e-20,3.4634771619439978e-19,hop_gain
facebook_combined,spread_cv,r1->r2,0.009103447916757889,0.00104673603922181,10,True,5.389333481369553e-10,0.001953125,6.880000188982409e-10,3.2197509325521136e-09,hop_gain
facebook_combined,spread_cv,r2->r3,-0.00035902573652940584,0.0009737268203121067,10,False,0.2735934801780024,0.34375,0.2735934801780024,1.0,hop_gain
facebook_combined,spread_resid,r0->r1,0.41769715153889064,0.004496350912886833,10,True,3.1237316141188103e-19,0.001953125,1.2494926456475241e-18,5.847463663566637e-18,hop_gain
facebook_combined,spread_resid,r1->r2,0.01863968451240313,0.0018055195145739273,10,True,1.16789218458293e-10,0.001953125,1.5233376320646913e-10,7.129022713235508e-10,hop_gain
facebook_combined,spread_resid,r2->r3,0.0012391086845903732,0.0006717319706651087,10,False,0.00024889368364048876,0.001953125,0.00027152038215326045,0.0012706802029523925,hop_gain
p2p-Gnutella08,betweenness,r0->r1,0.03865186829595148,0.0003616170451559139,10,True,8.839679030179029e-20,0.001953125,5.303807418107417e-19,2.4821131411994844e-18,hop_gain
p2p-Gnutella08,betweenness,r1->r2,0.012210346117884541,0.0005247789518035838,10,True,8.001208758329388e-14,0.001953125,1.4119780161757745e-13,6.607874141639296e-13,hop_gain
p2p-Gnutella08,betweenness,r2->r3,0.0030356094061659844,0.00019554729251211627,10,True,3.0290120853726593e-12,0.001953125,4.327160121960942e-12,2.0250548626869642e-11,hop_gain
p2p-Gnutella08,spread_mean,r0->r1,0.1222785861389939,0.001254753372585577,10,True,2.0303650945626708e-19,0.001953125,9.37091582105848e-19,4.385467169323291e-18,hop_gain
p2p-Gnutella08,spread_mean,r1->r2,0.09392100917425515,0.0009813176411597598,10,True,2.388460063939679e-19,0.001953125,1.023625741688434e-18,4.7904358224634795e-18,hop_gain
p2p-Gnutella08,spread_mean,r2->r3,0.02924824246106881,0.0007599368279924185,10,True,8.667446368614014e-16,0.001953125,1.793264765920141e-15,8.39224672061849e-15,hop_gain
p2p-Gnutella08,spread_cv,r0->r1,0.12884481779312634,0.0016474063621181926,10,True,1.4696485604479503e-18,0.001953125,5.18699491922806e-18,2.4274464054626384e-17,hop_gain
p2p-Gnutella08,spread_cv,r1->r2,0.13333004811665247,0.0025780779235826,10,True,6.075543444957756e-17,0.001953125,1.402048487297944e-16,6.561405233229387e-16,hop_gain
p2p-Gnutella08,spread_cv,r2->r3,0.06109607244360411,0.0023701579344886925,10,True,3.18670557479169e-14,0.001953125,5.975072952734419e-14,2.796256712672998e-13,hop_gain
p2p-Gnutella08,spread_resid,r0->r1,0.110498522539397,0.004513426722366243,10,True,5.064707492829184e-14,0.001953125,9.208559077871243e-14,4.309486317444776e-13,hop_gain
p2p-Gnutella08,spread_resid,r1->r2,0.12314770475409956,0.005314904633650038,10,True,8.308397519133926e-14,0.001953125,1.424296717565816e-13,6.665524067800538e-13,hop_gain
p2p-Gnutella08,spread_resid,r2->r3,0.06424366279259167,0.003931841628095117,10,True,1.9132994131130168e-12,0.001953125,2.94353755863541e-12,1.3775374330070045e-11,hop_gain
ca-GrQc,betweenness,r=1,0.009034634428669374,0.0008919793211706927,10,True,1.3846807493709262e-10,0.001953125,2.0770211240563895e-09,9.720189705547256e-09,edge_tier
ca-GrQc,betweenness,r=2,0.01165671451060718,0.001531821872574887,10,True,1.7666738565831314e-09,0.001953125,1.3250053924373486e-08,6.200853533069053e-08,edge_tier
ca-GrQc,betweenness,r=3,0.009128126447080775,0.0017284060544615096,10,True,4.4239669861059834e-08,0.001953125,2.0418309166643e-07,9.555504095147381e-07,edge_tier
ca-GrQc,spread_mean,r=1,2.350977250652475e-05,0.0002818053407137067,10,False,0.7978637977225012,0.34375,0.8253763424715529,1.0,edge_tier
ca-GrQc,spread_mean,r=2,-0.0002801499643685923,0.0001495409029929355,10,False,0.00022230717166405297,0.001953125,0.0004302719451562316,0.0020136169456598406,edge_tier
ca-GrQc,spread_mean,r=3,0.00013227350195593734,0.00021888684863585354,10,False,0.08832480180324175,0.34375,0.11040600225405219,0.5166857833610216,edge_tier
ca-GrQc,spread_cv,r=1,0.00271967800271995,0.0010804513898529304,10,True,2.3039069360418214e-05,0.001953125,5.3167083139426646e-05,0.0002488150593271479,edge_tier
ca-GrQc,spread_cv,r=2,0.0007851782026900289,0.0006928381417649341,10,False,0.005896182873670629,0.109375,0.009472460058633387,0.044329885566265465,edge_tier
ca-GrQc,spread_cv,r=3,-3.1709385400979785e-06,0.00047413149358321215,10,False,0.9835882896421618,0.75390625,0.9835882896421618,1.0,edge_tier
ca-GrQc,spread_resid,r=1,0.0021309373006548503,0.0022093105755893253,10,False,0.013790701186459612,0.021484375,0.01880550161789947,0.08800731062232375,edge_tier
ca-GrQc,spread_resid,r=2,-0.00019735333016606126,0.0007471713757738773,10,False,0.42518579650142124,0.75390625,0.49059899596317835,1.0,edge_tier
ca-GrQc,spread_resid,r=3,-0.001133315881744823,0.0010031347930640267,10,False,0.005999224703801144,0.021484375,0.009472460058633387,0.044329885566265465,edge_tier
ca-HepTh,betweenness,r=1,0.007517672870637715,0.0004980859172954604,10,True,3.8980984993518895e-12,0.001953125,2.338859099611134e-10,1.0945557500333086e-09,edge_tier
ca-HepTh,betweenness,r=2,0.009761551524951817,0.0007469829234280224,10,True,1.4179409641002049e-11,0.001953125,4.253822892300615e-10,1.990733989561443e-09,edge_tier
ca-HepTh,betweenness,r=3,0.007685006589578547,0.0008600495326114908,10,True,4.235140029927602e-10,0.001953125,5.082168035913123e-09,2.3783887824918863e-08,edge_tier
ca-HepTh,spread_mean,r=1,-0.00012045238814574199,0.00018847710322416648,10,False,0.0740076950923097,0.109375,0.09447790862848048,0.4421443692679834,edge_tier
ca-HepTh,spread_mean,r=2,0.0001967408850240493,8.487914006028692e-05,10,True,4.4213878527874314e-05,0.001953125,9.1476990057671e-05,0.0004281004592367747,edge_tier
ca-HepTh,spread_mean,r=3,6.457167526763286e-05,8.411579047154054e-05,10,False,0.03813676826217184,0.021484375,0.050849024349562455,0.23796684458097977,edge_tier
ca-HepTh,spread_cv,r=1,0.0021494355468358872,0.0005456518538680303,10,True,5.59736950580511e-07,0.001953125,1.8657898352683698e-06,8.731654646858539e-06,edge_tier
ca-HepTh,spread_cv,r=2,0.0005550946031865012,0.0005644183653811721,10,False,0.012518067672146058,0.109375,0.01831912342265277,0.08573112369688386,edge_tier
ca-HepTh,spread_cv,r=3,0.0012089546646715577,0.000305974066610323,10,True,5.454109414510514e-07,0.001953125,1.8657898352683698e-06,8.731654646858539e-06,edge_tier
ca-HepTh,spread_resid,r=1,0.0016119101847417716,0.00091433642326321,10,False,0.00034521563041105946,0.001953125,0.0006472793070207365,0.0030291832778422483,edge_tier
ca-HepTh,spread_resid,r=2,0.00168364296814828,0.0007186216011283498,10,True,4.065198861065315e-05,0.001953125,8.711140416568532e-05,0.00040767008298567145,edge_tier
ca-HepTh,spread_resid,r=3,0.0020847087868376413,0.0005026684933958839,10,True,3.6003967173218085e-07,0.001953125,1.3501487689956782e-06,6.318521277106084e-06,edge_tier
email-Eu-core,betweenness,r=1,0.0008960277933469429,0.0009198299590405917,10,False,0.013130452884800985,0.001953125,0.01875778983542998,0.0877840256631956,edge_tier
email-Eu-core,betweenness,r=2,0.00263530251891434,0.00082145494203374,10,True,3.17408408848131e-06,0.001953125,8.280219361255592e-06,3.875035360149018e-05,edge_tier
email-Eu-core,betweenness,r=3,0.0019812723637046116,0.0007643460696161133,10,True,1.8215852037925895e-05,0.001953125,4.3718044891022144e-05,0.00020459478479759039,edge_tier
email-Eu-core,spread_mean,r=1,0.00037637153363009326,0.0002533968034969137,10,False,0.0011249985354618076,0.001953125,0.001928568917934527,0.00902545261838014,edge_tier
email-Eu-core,spread_mean,r=2,0.000811669678902982,0.0004149502379170084,10,False,0.00016163410351179822,0.001953125,0.0003232682070235965,0.0015128533174976861,edge_tier
email-Eu-core,spread_mean,r=3,0.0006025519780417321,0.0002497867740536947,10,True,3.230587669153592e-05,0.001953125,7.179083709230204e-05,0.00033597181442930244,edge_tier
email-Eu-core,spread_cv,r=1,0.00030345559475319916,0.00027987302710958653,10,False,0.007523257263065629,0.109375,0.011284885894598444,0.05281180361166765,edge_tier
email-Eu-core,spread_cv,r=2,0.0010032912607610411,0.00021464278892045625,10,True,1.2815501844294493e-07,0.001953125,5.126200737717797e-07,2.3989955163296886e-06,edge_tier
email-Eu-core,spread_cv,r=3,0.0010667177488074887,0.00028816382836406243,10,True,9.508534096522829e-07,0.001953125,2.8525602289568484e-06,1.3349612216657988e-05,edge_tier
email-Eu-core,spread_resid,r=1,-0.019690125010243892,0.011434780774076852,10,False,0.00040816327068929326,0.021484375,0.0007421150376168968,0.0034730022075498807,edge_tier
email-Eu-core,spread_resid,r=2,0.01345008746399613,0.011997995245537902,10,False,0.006264782117860078,0.021484375,0.00963812633516935,0.045105182272249994,edge_tier
email-Eu-core,spread_resid,r=3,-0.0002224645864628505,0.016856126155893356,10,False,0.9676209690615687,1.0,0.9835882896421618,1.0,edge_tier
facebook_combined,betweenness,r=1,0.015831148938054252,0.0013483027636223366,10,True,3.696447544374823e-11,0.001953125,7.392895088749647e-10,3.459779099189568e-09,edge_tier
facebook_combined,betweenness,r=2,0.011720299632614927,0.0014074662614823109,10,True,7.93325432247981e-10,0.001953125,6.799932276411266e-09,3.182280187045264e-08,edge_tier
facebook_combined,betweenness,r=3,0.01071757792718706,0.0014732763410861473,10,True,2.6338708808554238e-09,0.001953125,1.7559139205702825e-08,8.217449604566952e-08,edge_tier
facebook_combined,spread_mean,r=1,-0.0002585334570268993,0.0004326420273303591,10,False,0.09138307164152634,0.34375,0.11189763874472614,0.5236664488406058,edge_tier
facebook_combined,spread_mean,r=2,0.00025522124957735317,0.00026454209028589117,10,False,0.01377376465864533,0.109375,0.01880550161789947,0.08800731062232375,edge_tier
facebook_combined,spread_mean,r=3,0.001726579364942271,0.0002500245447688253,10,True,4.176509178171507e-09,0.001953125,2.505905506902904e-08,1.1727313039407725e-07,edge_tier
facebook_combined,spread_cv,r=1,0.004116510264484308,0.0011360697621087472,10,True,1.139998650636556e-06,0.001953125,3.2571390018187315e-06,1.5242988445482635e-05,edge_tier
facebook_combined,spread_cv,r=2,0.002174272855224979,0.0015658256266153977,10,False,0.0017428330032393663,0.021484375,0.0029047216720656105,0.013593721010959549,edge_tier
facebook_combined,spread_cv,r=3,0.00268971837802251,0.0008912908428906282,10,True,5.273969627250187e-06,0.001953125,1.3184924068125468e-05,6.170373604343563e-05,edge_tier
facebook_combined,spread_resid,r=1,0.003048701131691811,0.0018145629877123124,10,False,0.00048542472858252334,0.021484375,0.0008566318739691588,0.004008926161779667,edge_tier
facebook_combined,spread_resid,r=2,0.004993904460601795,0.0010490861607065582,10,True,1.09393290610454e-07,0.001953125,4.688283883305171e-07,2.1940561032998344e-06,edge_tier
facebook_combined,spread_resid,r=3,0.006390734749154203,0.0011916279859492695,10,True,3.867464763382061e-08,0.001953125,1.9337323816910304e-07,9.049616959642549e-07,edge_tier
p2p-Gnutella08,betweenness,r=1,-0.0004620561439532822,0.00012113920457754248,10,True,7.370444150246735e-07,0.001953125,2.3275086790252848e-06,1.0892439002858812e-05,edge_tier
p2p-Gnutella08,betweenness,r=2,0.0008471138658980748,0.00025998462360472867,10,True,2.7878765346494196e-06,0.001953125,7.603299639952962e-06,3.558245702582246e-05,edge_tier
p2p-Gnutella08,betweenness,r=3,0.002323951433583116,0.0002681388600076345,10,True,5.557802304315907e-10,0.001953125,5.557802304315907e-09,2.6009794565003e-08,edge_tier
p2p-Gnutella08,spread_mean,r=1,0.00013656923082051576,0.0003629931804699542,10,False,0.2645842408803685,0.75390625,0.3175010890564422,1.0,edge_tier
p2p-Gnutella08,spread_mean,r=2,4.850314656220656e-05,0.00019200497649234557,10,False,0.44495424941678713,0.75390625,0.5037217917925892,1.0,edge_tier
p2p-Gnutella08,spread_mean,r=3,0.0008772021935545826,0.00014672184965432383,10,True,1.490180475920598e-08,0.001953125,8.12825714138508e-08,3.8039190104831703e-07,edge_tier
p2p-Gnutella08,spread_cv,r=1,-2.4188027884008978e-05,0.00024000015062127625,10,False,0.7572222313857437,0.34375,0.7970760330376251,1.0,edge_tier
p2p-Gnutella08,spread_cv,r=2,5.510361750535875e-05,0.0004279074819947591,10,False,0.6933608076066278,1.0,0.7563936082981394,1.0,edge_tier
p2p-Gnutella08,spread_cv,r=3,-4.0574041367713584e-05,0.00025242646995618604,10,False,0.6234725374309662,0.75390625,0.6927472638121847,1.0,edge_tier
p2p-Gnutella08,spread_resid,r=1,-0.0008673530170940358,0.0011880098456719002,10,False,0.046331616864523806,0.109375,0.0604325437363354,0.28281647341108784,edge_tier
p2p-Gnutella08,spread_resid,r=2,0.00015082194162966968,0.0012419552871346736,10,False,0.7098759736368097,1.0,0.7605814003251533,1.0,edge_tier
p2p-Gnutella08,spread_resid,r=3,-0.0003411227306003795,0.0012597974249167652,10,False,0.4140654271033296,0.75390625,0.4871357965921525,1.0,edge_tier
ca-GrQc,betweenness,r=1,0.0004326745040465818,0.00041582492350545643,10,False,0.009372125130209913,0.109375,0.01519804075169175,0.071124861248677,subgraph_tier
ca-GrQc,betweenness,r=2,0.0023317920228154597,0.0014204457625715508,10,False,0.0005707548692721429,0.001953125,0.001152878956336903,0.0053953241174757504,subgraph_tier
ca-GrQc,betweenness,r=3,0.003267012951635939,0.0011846759008922827,10,True,1.1041717685099705e-05,0.001953125,3.1547764814570584e-05,0.0001476394511504687,subgraph_tier
ca-GrQc,spread_mean,r=1,2.111548257196505e-05,8.358135888380969e-05,10,False,0.44491963313743016,0.109375,0.5234348625146237,1.0,subgraph_tier
ca-GrQc,spread_mean,r=2,-0.00026724977117976724,0.0001214528843673089,10,True,6.622597047748457e-05,0.001953125,0.00016556492619371142,0.0007748223995164881,subgraph_tier
ca-GrQc,spread_mean,r=3,0.0005433310337484953,0.00012431495910470485,10,True,2.291811369921907e-07,0.001953125,7.237299062911285e-07,3.3869621754201856e-06,subgraph_tier
ca-GrQc,spread_cv,r=1,7.714697915558454e-05,0.00024095142551074458,10,False,0.3377498141800197,0.75390625,0.42218726772502463,1.0,subgraph_tier
ca-GrQc,spread_cv,r=2,0.0008655689262028532,0.0010064630579092416,10,False,0.023623571695148685,0.109375,0.03374795956449812,0.15793607746338637,subgraph_tier
ca-GrQc,spread_cv,r=3,0.0012548610260875392,0.0005610431583734111,10,True,5.837265033712147e-05,0.001953125,0.00015227647914031688,0.0007126341893172313,subgraph_tier
ca-GrQc,spread_resid,r=1,9.416876390173634e-05,0.0009302186199233437,10,False,0.7561794277580485,0.75390625,0.8101922440264805,1.0,subgraph_tier
ca-GrQc,spread_resid,r=2,0.0014976085637851467,0.0009088690528261301,10,False,0.0005560456040265432,0.001953125,0.001152878956336903,0.0053953241174757504,subgraph_tier
ca-GrQc,spread_resid,r=3,0.001552809086240592,0.0010863272943904755,10,False,0.001446384968298434,0.001953125,0.002711971815559564,0.012691676660396209,subgraph_tier
ca-HepTh,betweenness,r=1,0.00023961444879722071,0.00023476007368606786,10,False,0.010361296999587138,0.109375,0.01594045692244175,0.07459927272026685,subgraph_tier
ca-HepTh,betweenness,r=2,0.005497380795293427,0.0004675843234538586,10,True,3.6532297605162186e-11,0.001953125,4.3838757126194623e-10,2.0515970241545533e-09,subgraph_tier
ca-HepTh,betweenness,r=3,0.006623911011519423,0.0005208550695755136,10,True,1.8089760182593635e-11,0.001953125,3.6179520365187264e-10,1.693154669118247e-09,subgraph_tier
ca-HepTh,spread_mean,r=1,-3.393786504896079e-05,6.387979912171216e-05,10,False,0.12725110708729265,0.75390625,0.16244822181356508,0.7602366269019242,subgraph_tier
ca-HepTh,spread_mean,r=2,0.00016643918033726335,7.62983960543008e-05,10,True,7.080614309337017e-05,0.001953125,0.00016993474342408843,0.0007952725778829362,subgraph_tier
ca-HepTh,spread_mean,r=3,0.0008455688559402708,7.640916504339604e-05,10,True,6.278115506189024e-11,0.001953125,4.738236640633454e-10,2.217433346406433e-09,subgraph_tier
ca-HepTh,spread_cv,r=1,-0.00017536401855444694,0.0002456061771553561,10,False,0.05035059642419825,0.75390625,0.0686599042148158,0.3213194542910167,subgraph_tier
ca-HepTh,spread_cv,r=2,0.0011892035399691636,0.0006274253920191945,10,False,0.0002040735769301644,0.001953125,0.00047093902368499475,0.002203933603247784,subgraph_tier
ca-HepTh,spread_cv,r=3,0.002552539774896623,0.00032349831383033723,10,True,1.2807508872184503e-09,0.001953125,6.403754436092252e-09,2.996874091727657e-08,subgraph_tier
ca-HepTh,spread_resid,r=1,-0.00027642268199172814,0.0002201761783162751,10,False,0.003254064187412003,0.001953125,0.0059164803407490965,0.027688361295482307,subgraph_tier
ca-HepTh,spread_resid,r=2,-5.4569616879462936e-05,0.0006774277601098061,10,False,0.8046532981175101,1.0,0.8327997409780209,1.0,subgraph_tier
ca-HepTh,spread_resid,r=3,-0.0002892694938414375,0.00031248496219982136,10,False,0.016829597460959016,0.109375,0.025244396191438524,0.11814050282914466,subgraph_tier
email-Eu-core,betweenness,r=1,0.002319539839989948,0.001257321695304117,10,False,0.00024871825866264695,0.001953125,0.0005527072414725488,0.0025865982663915523,subgraph_tier
email-Eu-core,betweenness,r=2,0.00016431457237336966,0.001551838653274647,10,False,0.7454220029437993,0.34375,0.8101922440264805,1.0,subgraph_tier
email-Eu-core,betweenness,r=3,-0.00013459704601245237,0.001674281422666705,10,False,0.8050397496120869,0.34375,0.8327997409780209,1.0,subgraph_tier
email-Eu-core,spread_mean,r=1,0.00013570039995515205,0.0001921245639382348,10,False,0.05239109937241456,0.109375,0.0698547991632194,0.32691140780663624,subgraph_tier
email-Eu-core,spread_mean,r=2,0.0035734104548740485,0.0004372698494285115,10,True,9.37745717269968e-10,0.001953125,5.114976639654372e-09,2.3937427838857794e-08,subgraph_tier
email-Eu-core,spread_mean,r=3,0.006186971150727083,0.0007016640335072756,10,True,4.767398670936895e-10,0.001953125,3.178265780624597e-09,1.4873871991242007e-08,subgraph_tier
email-Eu-core,spread_cv,r=1,0.00020048957021354675,0.00022391180820889028,10,False,0.019674553459435164,0.109375,0.02879202945283195,0.13474296676514322,subgraph_tier
email-Eu-core,spread_cv,r=2,0.0028149570639966703,0.00043395780079273264,10,True,7.261832177196275e-09,0.001953125,2.90473287087851e-08,1.3593773419952697e-07,subgraph_tier
email-Eu-core,spread_cv,r=3,0.005813712050782893,0.00048470928226736557,10,True,3.055206188323525e-11,0.001953125,4.3838757126194623e-10,2.0515970241545533e-09,subgraph_tier
email-Eu-core,spread_resid,r=1,-0.0008476849875446505,0.006831578642461556,10,False,0.7039037379534044,1.0,0.7821152643926716,1.0,subgraph_tier
email-Eu-core,spread_resid,r=2,0.010316434225849961,0.012447924724674547,10,False,0.027774815804186143,0.109375,0.03875555693607369,0.18137098424259773,subgraph_tier
email-Eu-core,spread_resid,r=3,0.0026532561225177907,0.01545978884662008,10,False,0.6005023160666834,0.34375,0.6928872877692501,1.0,subgraph_tier
facebook_combined,betweenness,r=1,0.0031178962610614704,0.001347135597294757,10,True,4.4729133391203836e-05,0.001953125,0.00012198854561237409,0.000570890585330363,subgraph_tier
facebook_combined,betweenness,r=2,0.043603425101156265,0.001141023908282434,10,True,9.241521273708399e-16,0.001953125,5.544912764225039e-14,2.594947318769519e-13,subgraph_tier
facebook_combined,betweenness,r=3,0.025615529469572483,0.0009861192653826015,10,True,2.973977070481116e-14,0.001953125,8.921931211443347e-13,4.175348190282437e-12,subgraph_tier
facebook_combined,spread_mean,r=1,-0.0002350174909320768,0.00014576182334550907,10,False,0.0006463178583950745,0.001953125,0.0012509377904420798,0.005854226753933109,subgraph_tier
facebook_combined,spread_mean,r=2,0.0017517205435816584,0.00027334967452705524,10,True,8.084122507145721e-09,0.001953125,3.031545940179645e-08,1.418724215095068e-07,subgraph_tier
facebook_combined,spread_mean,r=3,0.0014869422200837756,0.00019897629162912237,10,True,2.075049472061908e-09,0.001953125,9.577151409516498e-09,4.4819827521755283e-08,subgraph_tier
facebook_combined,spread_cv,r=1,-0.000272670334740166,0.0004708437471292339,10,False,0.10028729197272064,0.109375,0.13080951126876605,0.6121715615193751,subgraph_tier
facebook_combined,spread_cv,r=2,1.8126236495175086e-05,0.0010232831014409804,10,False,0.9565529431721888,0.75390625,0.9717590153078342,1.0,subgraph_tier
facebook_combined,spread_cv,r=3,0.0013396357534169567,0.0011028597663860604,10,False,0.00395927711514898,0.021484375,0.0069869596149687895,0.0326980655785811,subgraph_tier
facebook_combined,spread_resid,r=1,-0.00013735420924790854,0.0010717740308175832,10,False,0.6947472406943035,1.0,0.7821152643926716,1.0,subgraph_tier
facebook_combined,spread_resid,r=2,0.0012558872547518973,0.0007661355608045864,10,False,0.0005764394781684515,0.001953125,0.001152878956336903,0.0053953241174757504,subgraph_tier
facebook_combined,spread_resid,r=3,1.3235006461587151e-05,0.0011498430881182041,10,False,0.9717590153078342,0.75390625,0.9717590153078342,1.0,subgraph_tier
p2p-Gnutella08,betweenness,r=1,0.00014494507769633458,0.00014003878522069808,10,False,0.009635357174580552,0.021484375,0.01521372185460087,0.07119824677822384,subgraph_tier
p2p-Gnutella08,betweenness,r=2,0.0019236966795383892,0.00017395543563354288,10,True,6.317648854177939e-11,0.001953125,4.738236640633454e-10,2.217433346406433e-09,subgraph_tier
p2p-Gnutella08,betweenness,r=3,0.0019790418257509936,0.00024047071380388151,10,True,8.80807517581787e-10,0.001953125,5.114976639654372e-09,2.3937427838857794e-08,subgraph_tier
p2p-Gnutella08,spread_mean,r=1,-1.3672419459442865e-05,5.0428779991681594e-05,10,False,0.4134892429370154,0.75390625,0.5063133586983861,1.0,subgraph_tier
p2p-Gnutella08,spread_mean,r=2,0.0012748561143026583,0.00019381006953262815,10,True,6.4198639092389236e-09,0.001953125,2.7513702468166815e-08,1.2876056213153106e-07,subgraph_tier
p2p-Gnutella08,spread_mean,r=3,0.0026642359014947383,0.0002383984571181214,10,True,5.750294423800379e-11,0.001953125,4.738236640633454e-10,2.217433346406433e-09,subgraph_tier
p2p-Gnutella08,spread_cv,r=1,2.852008736849987e-05,0.0001127120692291744,10,False,0.4442212881829571,1.0,0.5234348625146237,1.0,subgraph_tier
p2p-Gnutella08,spread_cv,r=2,0.002730889179988538,0.0007932098741130303,10,True,1.75604352164917e-06,0.001953125,5.2681305649475105e-06,2.4654168362464573e-05,subgraph_tier
p2p-Gnutella08,spread_cv,r=3,0.003494931442899074,0.0006510977111830356,10,True,3.837776743100961e-08,0.001953125,1.3545094387415157e-07,6.338928646430283e-07,subgraph_tier
p2p-Gnutella08,spread_resid,r=1,-0.0004897091197081066,0.0004621085655663955,10,False,0.008507944061854483,0.109375,0.014179906769757472,0.06636012615020204,subgraph_tier
p2p-Gnutella08,spread_resid,r=2,0.002809815675224131,0.002526857147040297,10,False,0.006552485742353627,0.021484375,0.011232832701177647,0.05256820141187801,subgraph_tier
p2p-Gnutella08,spread_resid,r=3,0.004151865485823891,0.0009288184390717274,10,True,1.88694900470025e-07,0.001953125,6.289830015667501e-07,2.9435589392818094e-06,subgraph_tier
ca-GrQc,betweenness,r=1,-2.2742365080041794e-08,7.191767303200961e-08,10,False,0.3434363961379136,1.0,0.873655883906852,1.0,dynamic_tier
ca-GrQc,betweenness,r=2,-0.00014665762563313977,0.0008058225251460771,10,False,0.5790386579678167,0.75390625,1.0,1.0,dynamic_tier
ca-GrQc,betweenness,r=3,-0.00022267278680643265,0.0005485186171728548,10,False,0.2312982206261105,0.75390625,0.7709940687537017,1.0,dynamic_tier
ca-GrQc,spread_mean,r=1,0.0,0.0,10,False,1.0,1.0,1.0,1.0,dynamic_tier
ca-GrQc,spread_mean,r=2,0.0006135890514959441,0.00018221577982701734,10,True,2.115803660865503e-06,0.001953125,4.231607321731006e-05,0.00019803373904198879,dynamic_tier
ca-GrQc,spread_mean,r=3,0.0008173692415020973,0.00016400769366636245,10,True,7.338870063308016e-08,0.001953125,4.40332203798481e-06,2.0606976524263455e-05,dynamic_tier
ca-GrQc,spread_cv,r=1,0.0,0.0,10,False,1.0,1.0,1.0,1.0,dynamic_tier
ca-GrQc,spread_cv,r=2,-4.15246875205888e-05,0.00020621280433087192,10,False,0.5401234086181973,1.0,1.0,1.0,dynamic_tier
ca-GrQc,spread_cv,r=3,-0.00010036888979371161,0.00016226769437065303,10,False,0.08217197956944838,0.109375,0.3672916445964387,1.0,dynamic_tier
ca-GrQc,spread_resid,r=1,0.0,0.0,10,False,1.0,1.0,1.0,1.0,dynamic_tier
ca-GrQc,spread_resid,r=2,0.00011777335160958468,0.0005474449570973312,10,False,0.5134268303270828,1.0,1.0,1.0,dynamic_tier
ca-GrQc,spread_resid,r=3,-0.0001585276811406966,0.0005533511240411674,10,False,0.3885722900199468,0.34375,0.9325734960478723,1.0,dynamic_tier
ca-HepTh,betweenness,r=1,1.6451617531609842e-07,1.4515111605759905e-06,10,False,0.7282947307529225,0.5078125,1.0,1.0,dynamic_tier
ca-HepTh,betweenness,r=2,-0.00012076925318497134,0.00026926495680450635,10,False,0.18977959244302578,0.75390625,0.7116734716613466,1.0,dynamic_tier
ca-HepTh,betweenness,r=3,-6.152025021631813e-05,0.00017679409402913268,10,False,0.29971783688520653,0.34375,0.8563366768148758,1.0,dynamic_tier
ca-HepTh,spread_mean,r=1,0.0,0.0,10,False,1.0,1.0,1.0,1.0,dynamic_tier
ca-HepTh,spread_mean,r=2,0.00012739381975014342,5.2842379251901795e-05,10,True,3.245851092086322e-05,0.001953125,0.00048687766381294833,0.0022785243736052796,dynamic_tier
ca-HepTh,spread_mean,r=3,0.0002927871007698979,7.275684852153203e-05,10,True,4.6627104906482597e-07,0.001953125,1.398813147194478e-05,6.54626426080334e-05,dynamic_tier
ca-HepTh,spread_cv,r=1,0.0,0.0,10,False,1.0,1.0,1.0,1.0,dynamic_tier
ca-HepTh,spread_cv,r=2,-4.607678121536507e-05,0.000124404513644768,10,False,0.27157637775933274,0.75390625,0.8147291332779982,1.0,dynamic_tier
ca-HepTh,spread_cv,r=3,-8.210605535859949e-05,7.185459052108421e-05,10,False,0.0056290416735044245,0.109375,0.05629041673504425,0.2634318558110569,dynamic_tier
ca-HepTh,spread_resid,r=1,0.0,0.0,10,False,1.0,1.0,1.0,1.0,dynamic_tier
ca-HepTh,spread_resid,r=2,-7.452492765236407e-06,0.0001385890633577876,10,False,0.868733171095757,0.75390625,1.0,1.0,dynamic_tier
ca-HepTh,spread_resid,r=3,0.00014300207063426827,0.0002066837131696945,10,False,0.05643913837028756,0.109375,0.2821956918514378,1.0,dynamic_tier
email-Eu-core,betweenness,r=1,0.0,0.0,10,False,1.0,1.0,1.0,1.0,dynamic_tier
email-Eu-core,betweenness,r=2,-8.220026262907298e-05,0.0003502336883717474,10,False,0.47689412739600784,0.75390625,1.0,1.0,dynamic_tier
email-Eu-core,betweenness,r=3,4.332540376241756e-05,0.0005120789656303556,10,False,0.795075762051026,1.0,1.0,1.0,dynamic_tier
email-Eu-core,spread_mean,r=1,0.0,0.0,10,False,1.0,1.0,1.0,1.0,dynamic_tier
email-Eu-core,spread_mean,r=2,-0.00013313743783623932,0.0001752036176994217,10,False,0.03970090939018313,0.109375,0.23820545634109877,1.0,dynamic_tier
email-Eu-core,spread_mean,r=3,-0.0001548595629130345,0.0002537628515748702,10,False,0.08570138373916904,0.34375,0.3672916445964387,1.0,dynamic_tier
email-Eu-core,spread_cv,r=1,0.0,0.0,10,False,1.0,1.0,1.0,1.0,dynamic_tier
email-Eu-core,spread_cv,r=2,-0.00024165464024062945,0.00033617222161807977,10,False,0.04910730330234534,0.109375,0.26785801801279274,1.0,dynamic_tier
email-Eu-core,spread_cv,r=3,-0.0001296292313948566,0.0003187538536832768,10,False,0.2305348728788085,0.75390625,0.7709940687537017,1.0,dynamic_tier
email-Eu-core,spread_resid,r=1,0.0,0.0,10,False,1.0,1.0,1.0,1.0,dynamic_tier
email-Eu-core,spread_resid,r=2,-0.001299442863682744,0.0041635931383553265,10,False,0.3494623535627408,1.0,0.873655883906852,1.0,dynamic_tier
email-Eu-core,spread_resid,r=3,0.001294075431910658,0.009643260077078863,10,False,0.6812661052360508,0.75390625,1.0,1.0,dynamic_tier
facebook_combined,betweenness,r=1,0.0,0.0,10,False,1.0,1.0,1.0,1.0,dynamic_tier
facebook_combined,betweenness,r=2,1.6131668968744073e-05,0.00014988943409476076,10,False,0.7414121976569644,0.75390625,1.0,1.0,dynamic_tier
facebook_combined,betweenness,r=3,-1.3586741490378973e-05,0.00018267351246384008,10,False,0.8193168185968832,0.34375,1.0,1.0,dynamic_tier
facebook_combined,spread_mean,r=1,0.0,0.0,10,False,1.0,1.0,1.0,1.0,dynamic_tier
facebook_combined,spread_mean,r=2,0.00013928228436658197,6.280703559740311e-05,10,True,6.236486585194002e-05,0.001953125,0.0007483783902232802,0.0035023138860983782,dynamic_tier
facebook_combined,spread_mean,r=3,0.00010877712785062332,0.00010523228575876933,10,False,0.009701277521522621,0.021484375,0.08315380732733677,0.38914904263549266,dynamic_tier
facebook_combined,spread_cv,r=1,0.0,0.0,10,False,1.0,1.0,1.0,1.0,dynamic_tier
facebook_combined,spread_cv,r=2,-6.675197620968909e-05,0.00026067965635363853,10,False,0.43896157432069527,0.75390625,1.0,1.0,dynamic_tier
facebook_combined,spread_cv,r=3,-1.1428965876791874e-05,0.00021411691250448217,10,False,0.8696916217401044,1.0,1.0,1.0,dynamic_tier
facebook_combined,spread_resid,r=1,0.0,0.0,10,False,1.0,1.0,1.0,1.0,dynamic_tier
facebook_combined,spread_resid,r=2,-7.285891618519225e-05,0.0004499007560307848,10,False,0.6209011077619098,1.0,1.0,1.0,dynamic_tier
facebook_combined,spread_resid,r=3,5.074420858638407e-05,0.00041998130143362767,10,False,0.7112661907145615,1.0,1.0,1.0,dynamic_tier
p2p-Gnutella08,betweenness,r=1,0.0,0.0,10,False,1.0,1.0,1.0,1.0,dynamic_tier
p2p-Gnutella08,betweenness,r=2,-4.7032336983332534e-06,0.00011340480805494998,10,False,0.8985422745938983,1.0,1.0,1.0,dynamic_tier
p2p-Gnutella08,betweenness,r=3,-7.961438527496201e-05,0.00010189087294288272,10,False,0.03551742497959278,0.109375,0.23678283319728521,1.0,dynamic_tier
p2p-Gnutella08,spread_mean,r=1,0.0,0.0,10,False,1.0,1.0,1.0,1.0,dynamic_tier
p2p-Gnutella08,spread_mean,r=2,-1.0449034191739593e-05,8.386833969987972e-05,10,False,0.7027650709644201,0.75390625,1.0,1.0,dynamic_tier
p2p-Gnutella08,spread_mean,r=3,-3.2639353457042386e-05,8.450797021725998e-05,10,False,0.2529770615918259,0.75390625,0.7988749313426082,1.0,dynamic_tier
p2p-Gnutella08,spread_cv,r=1,0.0,0.0,10,False,1.0,1.0,1.0,1.0,dynamic_tier
p2p-Gnutella08,spread_cv,r=2,4.488957925867787e-05,0.00014181637133446685,10,False,0.34299409815147425,1.0,0.873655883906852,1.0,dynamic_tier
p2p-Gnutella08,spread_cv,r=3,-0.00014015379711255216,0.00028954510162023555,10,False,0.1602030592275498,0.109375,0.6408122369101992,1.0,dynamic_tier
p2p-Gnutella08,spread_resid,r=1,0.0,0.0,10,False,1.0,1.0,1.0,1.0,dynamic_tier
p2p-Gnutella08,spread_resid,r=2,-0.0003589958734012022,0.0004066516222029827,10,False,0.02099583276961768,0.021484375,0.1574687457721326,0.7369333243036222,dynamic_tier
p2p-Gnutella08,spread_resid,r=3,-9.68392475888702e-05,0.0010961805051475726,10,False,0.7862797677997934,1.0,1.0,1.0,dynamic_tier
