network,target,radius,left_arm,right_arm,n_seeds,is_alias,alias_of_pair,status,mean_left,mean_right,mean_difference,sd_difference,covariance,descriptive_abs_mean_gt_2sd
ca-GrQc,spread_mean,0,buffer_b1,region,10,False,,scored,0.7056758886668437,0.7342195991949259,-0.028543710528082133,0.008175325885999818,0.0003476639366364134,True
ca-GrQc,spread_mean,0,control_b1,region,10,False,,scored,0.7332041539026355,0.7342195991949259,-0.0010154452922903623,0.0029239258696540545,0.00031901968827363804,False
ca-GrQc,spread_mean,0,buffer_measured,region,10,False,,unscored_incomplete_or_infeasible,,,,,,False
ca-GrQc,spread_mean,0,control_measured,region,10,False,,unscored_incomplete_or_infeasible,,,,,,False
ca-GrQc,spread_mean,0,buffer_b1,control_b1,10,False,,scored,0.7056758886668437,0.7332041539026355,-0.02752826523579177,0.009918450689269038,0.00034699987515661695,True
ca-GrQc,spread_mean,0,buffer_measured,control_measured,10,False,,unscored_incomplete_or_infeasible,,,,,,False
ca-GrQc,spread_mean,1,buffer_b1,region,10,False,,scored,0.8797353289363878,0.8869067843170676,-0.007171455380679781,0.0037749467715712803,6.24091648026831e-05,False
ca-GrQc,spread_mean,1,control_b1,region,10,False,,scored,0.8861626321343333,0.8869067843170676,-0.0007441521827341923,0.0020536164357103388,6.044184960302758e-05,False
ca-GrQc,spread_mean,1,buffer_measured,region,10,False,,unscored_incomplete_or_infeasible,,,,,,False
ca-GrQc,spread_mean,1,control_measured,region,10,False,,unscored_incomplete_or_infeasible,,,,,,False
ca-GrQc,spread_mean,1,buffer_b1,control_b1,10,False,,scored,0.8797353289363878,0.8861626321343333,-0.006427303197945588,0.004609474626625018,6.20014506909378e-05,False
ca-GrQc,spread_mean,1,buffer_measured,control_measured,10,False,,unscored_incomplete_or_infeasible,,,,,,False
ca-GrQc,spread_mean,2,buffer_b1,region,10,False,,scored,0.9225814665666746,0.9327959232136018,-0.010214456646927227,0.004690255025658296,1.62798919127752e-05,True
ca-GrQc,spread_mean,2,control_b1,region,10,False,,scored,0.9310808111384565,0.9327959232136018,-0.0017151120751455085,0.0013198907910461706,1.8120712805124217e-05,False
ca-GrQc,spread_mean,2,buffer_measured,region,10,False,,unscored_incomplete_or_infeasible,,,,,,False
ca-GrQc,spread_mean,2,control_measured,region,10,False,,unscored_incomplete_or_infeasible,,,,,,False
ca-GrQc,spread_mean,2,buffer_b1,control_b1,10,False,,scored,0.9225814665666746,0.9310808111384565,-0.00849934457178172,0.004889876250236578,1.7432705414789958e-05,False
ca-GrQc,spread_mean,2,buffer_measured,control_measured,10,False,,unscored_incomplete_or_infeasible,,,,,,False
ca-GrQc,spread_mean,3,buffer_b1,region,10,False,,scored,0.9267390848612745,0.9369180175208541,-0.01017893265957962,0.0037153020053796583,1.196829139190215e-05,True
ca-GrQc,spread_mean,3,control_b1,region,10,False,,scored,0.9350584554396516,0.9369180175208541,-0.0018595620812025594,0.000753181840520939,1.4925325675985919e-05,True
ca-GrQc,spread_mean,3,buffer_measured,region,10,False,,scored,0.9043682658331953,0.9369180175208541,-0.03254975168765876,0.006748723675135219,1.8864219526449764e-05,True
ca-GrQc,spread_mean,3,control_measured,region,10,False,,scored,0.9291836797137506,0.9369180175208541,-0.007734337807103564,0.0013816371651872495,1.4847727491756937e-05,True
ca-GrQc,spread_mean,3,buffer_b1,control_b1,10,False,,scored,0.9267390848612745,0.9350584554396516,-0.008319370578377061,0.0034278826977629127,1.2141405657808864e-05,True
ca-GrQc,spread_mean,3,buffer_measured,control_measured,10,False,,scored,0.9043682658331953,0.9291836797137506,-0.024815413880555193,0.0066231126369084275,1.9443835314094956e-05,True
ca-GrQc,spread_cv,0,buffer_b1,region,10,False,,scored,0.257818416000428,0.35453056841630587,-0.09671215241587786,0.030477486609547383,0.003956812445868153,True
ca-GrQc,spread_cv,0,control_b1,region,10,False,,scored,0.35080426498798367,0.35453056841630587,-0.003726303428322195,0.006238006271987128,0.003023153122161397,False
ca-GrQc,spread_cv,0,buffer_measured,region,10,False,,unscored_incomplete_or_infeasible,,,,,,False
ca-GrQc,spread_cv,0,control_measured,region,10,False,,unscored_incomplete_or_infeasible,,,,,,False
ca-GrQc,spread_cv,0,buffer_b1,control_b1,10,False,,scored,0.257818416000428,0.35080426498798367,-0.09298584898755566,0.02902613610369373,0.004108554498487357,True
ca-GrQc,spread_cv,0,buffer_measured,control_measured,10,False,,unscored_incomplete_or_infeasible,,,,,,False
ca-GrQc,spread_cv,1,buffer_b1,region,10,False,,scored,0.5803925123659036,0.6077996116710761,-0.027407099305172423,0.020329899471804382,0.0010014639991519686,False
ca-GrQc,spread_cv,1,control_b1,region,10,False,,scored,0.6075766872303686,0.6077996116710761,-0.00022292444070751705,0.004603498005139358,0.0005779536684149133,False
ca-GrQc,spread_cv,1,buffer_measured,region,10,False,,unscored_incomplete_or_infeasible,,,,,,False
ca-GrQc,spread_cv,1,control_measured,region,10,False,,unscored_incomplete_or_infeasible,,,,,,False
ca-GrQc,spread_cv,1,buffer_b1,control_b1,10,False,,scored,0.5803925123659036,0.6075766872303686,-0.027184174864464904,0.023436258800785068,0.0008874080233509623,False
ca-GrQc,spread_cv,1,buffer_measured,control_measured,10,False,,unscored_incomplete_or_infeasible,,,,,,False
ca-GrQc,spread_cv,2,buffer_b1,region,10,False,,scored,0.7627664980398077,0.7861342427834421,-0.02336774474363452,0.019149207145868208,0.00019041695964804652,False
ca-GrQc,spread_cv,2,control_b1,region,10,False,,scored,0.7830083443811094,0.7861342427834421,-0.0031258984023326496,0.0025813372084964297,6.11282725546896e-05,False
ca-GrQc,spread_cv,2,buffer_measured,region,10,False,,scored,0.324438981563872,0.7861342427834421,-0.4616952612195703,0.097437844929824,0.00028411389933970715,True
ca-GrQc,spread_cv,2,control_measured,region,10,False,,scored,0.7363312289527832,0.7861342427834421,-0.049803013830658806,0.012955683532859716,5.9336027555087466e-05,True
ca-GrQc,spread_cv,2,buffer_b1,control_b1,10,False,,scored,0.7627664980398077,0.7830083443811094,-0.020241846341301873,0.01979844561043612,0.00017474896835162438,False
ca-GrQc,spread_cv,2,buffer_measured,control_measured,10,False,,scored,0.324438981563872,0.7363312289527832,-0.4118922473889114,0.09201683462277166,0.0008734079224774806,True
ca-GrQc,spread_cv,3,buffer_b1,region,10,False,,scored,0.7941112111980699,0.8134837140063101,-0.019372502808240266,0.015835117475013313,2.6043646440021034e-05,False
ca-GrQc,spread_cv,3,control_b1,region,10,False,,scored,0.8124519847279119,0.8134837140063101,-0.001031729278398319,0.001914418188301471,1.4511157281596818e-05,False
ca-GrQc,spread_cv,3,buffer_measured,region,10,True,buffer_b1|region,scored,0.7941112111980699,0.8134837140063101,-0.019372502808240266,0.015835117475013313,2.6043646440021034e-05,False
ca-GrQc,spread_cv,3,control_measured,region,10,True,control_b1|region,scored,0.8124519847279119,0.8134837140063101,-0.001031729278398319,0.001914418188301471,1.4511157281596818e-05,False
ca-GrQc,spread_cv,3,buffer_b1,control_b1,10,False,,scored,0.7941112111980699,0.8124519847279119,-0.018340773529841946,0.016147039513718986,2.0222320599110648e-05,False
ca-GrQc,spread_cv,3,buffer_measured,control_measured,10,True,buffer_b1|control_b1,scored,0.7941112111980699,0.8124519847279119,-0.018340773529841946,0.016147039513718986,2.0222320599110648e-05,False
ca-GrQc,spread_resid,0,buffer_b1,region,10,False,,scored,0.018581797958640508,0.08588969466001717,-0.06730789670137664,0.017447769064494374,0.0037160966276497606,True
ca-GrQc,spread_resid,0,control_b1,region,10,False,,scored,0.08404583253054328,0.08588969466001717,-0.0018438621294738998,0.0080908573180281,0.00295308560645365,False
ca-GrQc,spread_resid,0,buffer_measured,region,10,False,,unscored_incomplete_or_infeasible,,,,,,False
ca-GrQc,spread_resid,0,control_measured,region,10,False,,unscored_incomplete_or_infeasible,,,,,,False
ca-GrQc,spread_resid,0,buffer_b1,control_b1,10,False,,scored,0.018581797958640508,0.08404583253054328,-0.06546403457190275,0.021582686183678344,0.003379249746849798,True
ca-GrQc,spread_resid,0,buffer_measured,control_measured,10,False,,unscored_incomplete_or_infeasible,,,,,,False
ca-GrQc,spread_resid,1,buffer_b1,region,10,False,,scored,0.3641474802805268,0.40298949379464766,-0.038842013514120824,0.016019973120612464,0.0012610971129705828,True
ca-GrQc,spread_resid,1,control_b1,region,10,False,,scored,0.4045505974316047,0.40298949379464766,0.0015611036369571174,0.006428296939229776,0.0010392816105294531,False
ca-GrQc,spread_resid,1,buffer_measured,region,10,False,,unscored_incomplete_or_infeasible,,,,,,False
ca-GrQc,spread_resid,1,control_measured,region,10,False,,unscored_incomplete_or_infeasible,,,,,,False
ca-GrQc,spread_resid,1,buffer_b1,control_b1,10,False,,scored,0.3641474802805268,0.4045505974316047,-0.040403117151077944,0.01656379490043679,0.0012593904143965667,True
ca-GrQc,spread_resid,1,buffer_measured,control_measured,10,False,,unscored_incomplete_or_infeasible,,,,,,False
ca-GrQc,spread_resid,2,buffer_b1,region,10,False,,scored,0.5534417201033214,0.5987673483513434,-0.045325628248021985,0.021846228201205076,0.0003095604105890023,True
ca-GrQc,spread_resid,2,control_b1,region,10,False,,scored,0.5930005480522095,0.5987673483513434,-0.005766800299133878,0.0056373573322585045,0.0004242551006556285,False
ca-GrQc,spread_resid,2,buffer_measured,region,10,False,,scored,0.48237506235293265,0.5987673483513434,-0.1163922859984107,0.0348630713778172,0.0003516684146674311,True
ca-GrQc,spread_resid,2,control_measured,region,10,False,,scored,0.5807288695483799,0.5987673483513434,-0.01803847880296342,0.011474979778190095,0.00035178493847978055,False
ca-GrQc,spread_resid,2,buffer_b1,control_b1,10,False,,scored,0.5534417201033214,0.5930005480522095,-0.03955882794888811,0.019732296283875135,0.0003375988829938506,True
ca-GrQc,spread_resid,2,buffer_measured,control_measured,10,False,,scored,0.48237506235293265,0.5807288695483799,-0.09835380719544728,0.033479431471770384,0.0003605180286242388,True
ca-GrQc,spread_resid,3,buffer_b1,region,10,False,,scored,0.5870252537755156,0.6343272974538431,-0.04730204367832761,0.01688229201651819,0.00013394751890446943,True
ca-GrQc,spread_resid,3,control_b1,region,10,False,,scored,0.6273341316518071,0.6343272974538431,-0.006993165802036028,0.0063485212969033415,0.00016671885856542527,False
ca-GrQc,spread_resid,3,buffer_measured,region,10,True,buffer_b1|region,scored,0.5870252537755156,0.6343272974538431,-0.04730204367832761,0.01688229201651819,0.00013394751890446943,True
ca-GrQc,spread_resid,3,control_measured,region,10,True,control_b1|region,scored,0.6273341316518071,0.6343272974538431,-0.006993165802036028,0.0063485212969033415,0.00016671885856542527,False
ca-GrQc,spread_resid,3,buffer_b1,control_b1,10,False,,scored,0.5870252537755156,0.6273341316518071,-0.04030887787629158,0.014663890494139483,0.00013308436041409676,True
ca-GrQc,spread_resid,3,buffer_measured,control_measured,10,True,buffer_b1|control_b1,scored,0.5870252537755156,0.6273341316518071,-0.04030887787629158,0.014663890494139483,0.00013308436041409676,True
ca-GrQc,betweenness,0,buffer_b1,region,10,False,,scored,0.4648952089130468,0.5045486766096334,-0.03965346769658659,0.015696849147936662,1.8790274137063213e-05,True
ca-GrQc,betweenness,0,control_b1,region,10,False,,scored,0.5027582765222955,0.5045486766096334,-0.0017904000873379122,0.004533265466631772,4.920356791323863e-05,False
ca-GrQc,betweenness,0,buffer_measured,region,10,False,,unscored_incomplete_or_infeasible,,,,,,False
ca-GrQc,betweenness,0,control_measured,region,10,False,,unscored_incomplete_or_infeasible,,,,,,False
ca-GrQc,betweenness,0,buffer_b1,control_b1,10,False,,scored,0.4648952089130468,0.5027582765222955,-0.03786306760924868,0.01307842942560561,5.958217888027466e-05,True
ca-GrQc,betweenness,0,buffer_measured,control_measured,10,False,,unscored_incomplete_or_infeasible,,,,,,False
ca-GrQc,betweenness,1,buffer_b1,region,10,False,,scored,0.8981428039388485,0.9068532311645121,-0.00871042722566373,0.006957687617792119,2.6217569578554812e-05,False
ca-GrQc,betweenness,1,control_b1,region,10,False,,scored,0.9011115575478412,0.9068532311645121,-0.005741673616670972,0.004612625157003489,1.4486188795877262e-05,False
ca-GrQc,betweenness,1,buffer_measured,region,10,False,,scored,0.7408600670387459,0.9068532311645121,-0.16599316412576628,0.03218591316647093,-8.601355478215738e-06,True
ca-GrQc,betweenness,1,control_measured,region,10,False,,scored,0.8156595452436977,0.9068532311645121,-0.09119368592081455,0.020509254919428392,1.3480534051346184e-06,True
ca-GrQc,betweenness,1,buffer_b1,control_b1,10,False,,scored,0.8981428039388485,0.9011115575478412,-0.002968753608992758,0.00720143952974582,1.9948981889608767e-05,False
ca-GrQc,betweenness,1,buffer_measured,control_measured,10,False,,scored,0.7408600670387459,0.8156595452436977,-0.07479947820495172,0.03737347432776396,-7.027596629674751e-06,True
ca-GrQc,betweenness,2,buffer_b1,region,10,False,,scored,0.8949723321994256,0.9180245055128251,-0.023052173313399704,0.005726684098521754,5.1170347808572616e-06,True
ca-GrQc,betweenness,2,control_b1,region,10,False,,scored,0.9106470449343442,0.9180245055128251,-0.007377460578480888,0.0036556128559467986,5.349527335470623e-06,True
ca-GrQc,betweenness,2,buffer_measured,region,10,False,,scored,0.7509796014123322,0.9180245055128251,-0.16704490410049302,0.029758173215798895,3.466683446710402e-06,True
ca-GrQc,betweenness,2,control_measured,region,10,False,,scored,0.8647657527435738,0.9180245055128251,-0.053258752769251384,0.008691070908822367,-6.627213086565587e-06,True
ca-GrQc,betweenness,2,buffer_b1,control_b1,10,False,,scored,0.8949723321994256,0.9106470449343442,-0.015674712734918817,0.003668070781082749,1.6639524491605588e-05,True
ca-GrQc,betweenness,2,buffer_measured,control_measured,10,False,,scored,0.7509796014123322,0.8647657527435738,-0.11378615133124162,0.0316241433292798,-3.284083100905512e-05,True
ca-GrQc,betweenness,3,buffer_b1,region,10,False,,scored,0.8847171721907643,0.9071064932011075,-0.022389321010343122,0.010461520886019456,7.101778237221294e-05,True
ca-GrQc,betweenness,3,control_b1,region,10,False,,scored,0.8977426829016275,0.9071064932011075,-0.009363810299479903,0.0046813679797462655,0.00011393921763310354,True
ca-GrQc,betweenness,3,buffer_measured,region,10,False,,scored,0.7142456383646109,0.9071064932011075,-0.19286085483649648,0.013979485774716095,0.00019542851809259624,True
ca-GrQc,betweenness,3,control_measured,region,10,False,,scored,0.7910035874641668,0.9071064932011075,-0.11610290573694056,0.02004085308658797,-1.730912162244125e-05,True
ca-GrQc,betweenness,3,buffer_b1,control_b1,10,False,,scored,0.8847171721907643,0.8977426829016275,-0.01302551071086322,0.009214635928302269,8.908337915839801e-05,False
ca-GrQc,betweenness,3,buffer_measured,control_measured,10,False,,scored,0.7142456383646109,0.7910035874641668,-0.07675794909955594,0.03156197496201457,-0.00014052700370596253,True
ca-HepTh,spread_mean,0,buffer_b1,region,10,False,,scored,0.6372211896086217,0.6783896650774436,-0.04116847546882182,0.012056754329335518,0.00012220023035314296,True
ca-HepTh,spread_mean,0,control_b1,region,10,False,,scored,0.6780614318896351,0.6783896650774436,-0.00032823318780842434,0.0012659791619325036,6.021702273475524e-05,False
ca-HepTh,spread_mean,0,buffer_measured,region,10,False,,unscored_incomplete_or_infeasible,,,,,,False
ca-HepTh,spread_mean,0,control_measured,region,10,False,,unscored_incomplete_or_infeasible,,,,,,False
ca-HepTh,spread_mean,0,buffer_b1,control_b1,10,False,,scored,0.6372211896086217,0.6780614318896351,-0.04084024228101339,0.012424009931880057,0.00011994946620413804,True
ca-HepTh,spread_mean,0,buffer_measured,control_measured,10,False,,unscored_incomplete_or_infeasible,,,,,,False
ca-HepTh,spread_mean,1,buffer_b1,region,10,False,,scored,0.876021879989761,0.88500619947221,-0.008984319482448965,0.005658568693342372,1.5593134097002577e-05,False
ca-HepTh,spread_mean,1,control_b1,region,10,False,,scored,0.8844992791389089,0.88500619947221,-0.0005069203333011973,0.0005484794865420213,5.159498650184493e-06,False
ca-HepTh,spread_mean,1,buffer_measured,region,10,False,,unscored_incomplete_or_infeasible,,,,,,False
ca-HepTh,spread_mean,1,control_measured,region,10,False,,unscored_incomplete_or_infeasible,,,,,,False
ca-HepTh,spread_mean,1,buffer_b1,control_b1,10,False,,scored,0.876021879989761,0.8844992791389089,-0.008477399149147769,0.00574485633347503,1.5169761171447207e-05,False
ca-HepTh,spread_mean,1,buffer_measured,control_measured,10,False,,unscored_incomplete_or_infeasible,,,,,,False
ca-HepTh,spread_mean,2,buffer_b1,region,10,False,,scored,0.9316615654325867,0.9416937047747131,-0.0100321393421263,0.0035629337681030316,2.114963025495848e-06,True
ca-HepTh,spread_mean,2,control_b1,region,10,False,,scored,0.9401154426770854,0.9416937047747131,-0.0015782620976278361,0.0005421200767823473,5.255033872248374e-07,True
ca-HepTh,spread_mean,2,buffer_measured,region,10,False,,unscored_incomplete_or_infeasible,,,,,,False
ca-HepTh,spread_mean,2,control_measured,region,10,False,,unscored_incomplete_or_infeasible,,,,,,False
ca-HepTh,spread_mean,2,buffer_b1,control_b1,10,False,,scored,0.9316615654325867,0.9401154426770854,-0.008453877244498465,0.003790062489064109,1.213493215597015e-06,True
ca-HepTh,spread_mean,2,buffer_measured,control_measured,10,False,,unscored_incomplete_or_infeasible,,,,,,False
ca-HepTh,spread_mean,3,buffer_b1,region,10,False,,scored,0.9378659294548057,0.947781519022642,-0.009915589567836048,0.0032795255367247464,1.1631567691890913e-06,True
ca-HepTh,spread_mean,3,control_b1,region,10,False,,scored,0.9463331192173717,0.947781519022642,-0.0014483998052701064,0.0001723132674848751,2.321135681651951e-07,True
ca-HepTh,spread_mean,3,buffer_measured,region,10,False,,unscored_incomplete_or_infeasible,,,,,,False
ca-HepTh,spread_mean,3,control_measured,region,10,False,,unscored_incomplete_or_infeasible,,,,,,False
ca-HepTh,spread_mean,3,buffer_b1,control_b1,10,False,,scored,0.9378659294548057,0.9463331192173717,-0.008467189762565941,0.003315192994630436,1.0585395224068101e-06,True
ca-HepTh,spread_mean,3,buffer_measured,control_measured,10,False,,unscored_incomplete_or_infeasible,,,,,,False
ca-HepTh,spread_cv,0,buffer_b1,region,10,False,,scored,-0.03228076193659745,0.16642463315687978,-0.19870539509347723,0.038059070421681815,0.0019935505747125477,True
ca-HepTh,spread_cv,0,control_b1,region,10,False,,scored,0.16328821209092365,0.16642463315687978,-0.0031364210659561185,0.006062563536960119,0.0010247524200936644,False
ca-HepTh,spread_cv,0,buffer_measured,region,10,False,,unscored_incomplete_or_infeasible,,,,,,False
ca-HepTh,spread_cv,0,control_measured,region,10,False,,unscored_incomplete_or_infeasible,,,,,,False
ca-HepTh,spread_cv,0,buffer_b1,control_b1,10,False,,scored,-0.03228076193659745,0.16328821209092365,-0.1955689740275211,0.03875401696741962,0.002000389463976399,True
ca-HepTh,spread_cv,0,buffer_measured,control_measured,10,False,,unscored_incomplete_or_infeasible,,,,,,False
ca-HepTh,spread_cv,1,buffer_b1,region,10,False,,scored,0.5810752744246462,0.6082456979463693,-0.027170423521723032,0.01500822181068596,0.0002603877047799644,False
ca-HepTh,spread_cv,1,control_b1,region,10,False,,scored,0.6077624881338243,0.6082456979463693,-0.0004832098125448492,0.0017569495501206258,0.00011218322387828792,False
ca-HepTh,spread_cv,1,buffer_measured,region,10,False,,unscored_incomplete_or_infeasible,,,,,,False
ca-HepTh,spread_cv,1,control_measured,region,10,False,,unscored_incomplete_or_infeasible,,,,,,False
ca-HepTh,spread_cv,1,buffer_b1,control_b1,10,False,,scored,0.5810752744246462,0.6077624881338243,-0.026687213709178183,0.01570893233659478,0.00024728934832909954,False
ca-HepTh,spread_cv,1,buffer_measured,control_measured,10,False,,unscored_incomplete_or_infeasible,,,,,,False
ca-HepTh,spread_cv,2,buffer_b1,region,10,False,,scored,0.7671343759733859,0.7851298215294313,-0.017995445556045507,0.00757461175485863,2.0479220730293383e-05,True
ca-HepTh,spread_cv,2,control_b1,region,10,False,,scored,0.7827758251535694,0.7851298215294313,-0.0023539963758618886,0.0011585443415097704,8.036975077640239e-06,True
ca-HepTh,spread_cv,2,buffer_measured,region,10,False,,unscored_incomplete_or_infeasible,,,,,,False
ca-HepTh,spread_cv,2,control_measured,region,10,False,,unscored_incomplete_or_infeasible,,,,,,False
ca-HepTh,spread_cv,2,buffer_b1,control_b1,10,False,,scored,0.7671343759733859,0.7827758251535694,-0.01564144918018362,0.008085416499449697,1.6305813884420827e-05,False
ca-HepTh,spread_cv,2,buffer_measured,control_measured,10,False,,unscored_incomplete_or_infeasible,,,,,,False
ca-HepTh,spread_cv,3,buffer_b1,region,10,False,,scored,0.7983623519485298,0.8165387773005207,-0.018176425351990932,0.006790892966509071,3.549957737766155e-06,True
ca-HepTh,spread_cv,3,control_b1,region,10,False,,scored,0.8138702081430107,0.8165387773005207,-0.002668569157509981,0.001186103309800634,2.508112670230346e-06,True
ca-HepTh,spread_cv,3,buffer_measured,region,10,False,,scored,0.3729161040928812,0.8165387773005207,-0.44362267320763954,0.04798403746963967,3.0158209322472755e-05,True
ca-HepTh,spread_cv,3,control_measured,region,10,False,,scored,0.7636908637664954,0.8165387773005207,-0.05284791353402536,0.007527983988116505,4.5655223107899425e-06,True
ca-HepTh,spread_cv,3,buffer_b1,control_b1,10,False,,scored,0.7983623519485298,0.8138702081430107,-0.01550785619448095,0.0069335540646453,4.111834031856865e-06,True
ca-HepTh,spread_cv,3,buffer_measured,control_measured,10,False,,scored,0.3729161040928812,0.7636908637664954,-0.3907747596736142,0.04478752082170082,0.0002096612337981702,True
ca-HepTh,spread_resid,0,buffer_b1,region,10,False,,scored,0.15563075426598755,0.20028010765502238,-0.04464935338903482,0.010890752563508552,0.000729832311767372,True
ca-HepTh,spread_resid,0,control_b1,region,10,False,,scored,0.2001868866083943,0.20028010765502238,-9.322104662812525e-05,0.006985143779066358,0.0005152338030005814,False
ca-HepTh,spread_resid,0,buffer_measured,region,10,False,,unscored_incomplete_or_infeasible,,,,,,False
ca-HepTh,spread_resid,0,control_measured,region,10,False,,unscored_incomplete_or_infeasible,,,,,,False
ca-HepTh,spread_resid,0,buffer_b1,control_b1,10,False,,scored,0.15563075426598755,0.2001868866083943,-0.0445561323424067,0.011475691535673366,0.000714072036302335,True
ca-HepTh,spread_resid,0,buffer_measured,control_measured,10,False,,unscored_incomplete_or_infeasible,,,,,,False
ca-HepTh,spread_resid,1,buffer_b1,region,10,False,,scored,0.4354531765324848,0.4636883697304852,-0.028235193198000504,0.01646289172174816,0.0005828557473110644,False
ca-HepTh,spread_resid,1,control_b1,region,10,False,,scored,0.46227752296368907,0.4636883697304852,-0.0014108467667960755,0.002403160607743493,0.0003138918329908697,False
ca-HepTh,spread_resid,1,buffer_measured,region,10,False,,unscored_incomplete_or_infeasible,,,,,,False
ca-HepTh,spread_resid,1,control_measured,region,10,False,,unscored_incomplete_or_infeasible,,,,,,False
ca-HepTh,spread_resid,1,buffer_b1,control_b1,10,False,,scored,0.4354531765324848,0.46227752296368907,-0.026824346431204425,0.01623137437884218,0.0005919161872936677,False
ca-HepTh,spread_resid,1,buffer_measured,control_measured,10,False,,unscored_incomplete_or_infeasible,,,,,,False
ca-HepTh,spread_resid,2,buffer_b1,region,10,False,,scored,0.6395537797358746,0.6704810388813028,-0.030927259145428244,0.010719850830479495,8.499212930144003e-05,True
ca-HepTh,spread_resid,2,control_b1,region,10,False,,scored,0.6667621277235976,0.6704810388813028,-0.003718911157705307,0.00256264657134374,3.322872286223143e-05,False
ca-HepTh,spread_resid,2,buffer_measured,region,10,False,,unscored_incomplete_or_infeasible,,,,,,False
ca-HepTh,spread_resid,2,control_measured,region,10,False,,unscored_incomplete_or_infeasible,,,,,,False
ca-HepTh,spread_resid,2,buffer_b1,control_b1,10,False,,scored,0.6395537797358746,0.6667621277235976,-0.027208347987722935,0.010442565487287758,9.481231185312197e-05,True
ca-HepTh,spread_resid,2,buffer_measured,control_measured,10,False,,unscored_incomplete_or_infeasible,,,,,,False
ca-HepTh,spread_resid,3,buffer_b1,region,10,False,,scored,0.6712917239524655,0.7061766868252956,-0.034884962872829973,0.019420631533184296,0.0001328544226892675,False
ca-HepTh,spread_resid,3,control_b1,region,10,False,,scored,0.7017698833739827,0.7061766868252956,-0.004406803451312879,0.0035170033824257338,4.576751989756359e-05,False
ca-HepTh,spread_resid,3,buffer_measured,region,10,False,,scored,0.34147390182644316,0.7061766868252956,-0.36470278499885234,0.04310050339907836,0.00021430552151679815,True
ca-HepTh,spread_resid,3,control_measured,region,10,False,,scored,0.6409756695789988,0.7061766868252956,-0.06520101724629677,0.008967406724417919,1.0783714557126929e-05,True
ca-HepTh,spread_resid,3,buffer_b1,control_b1,10,False,,scored,0.6712917239524655,0.7017698833739827,-0.030478159421517093,0.0168371670656941,0.00019943004099390153,False
ca-HepTh,spread_resid,3,buffer_measured,control_measured,10,False,,scored,0.34147390182644316,0.6409756695789988,-0.2995017677525556,0.045679711637637906,0.0001185931715688635,True
ca-HepTh,betweenness,0,buffer_b1,region,10,False,,scored,0.6029234051624831,0.642603269519175,-0.039679864356691796,0.02718655054052637,3.815098053061722e-05,False
ca-HepTh,betweenness,0,control_b1,region,10,False,,scored,0.6398266572934881,0.642603269519175,-0.0027766122256868697,0.005631035316393485,7.497745931524878e-06,False
ca-HepTh,betweenness,0,buffer_measured,region,10,False,,unscored_incomplete_or_infeasible,,,,,,False
ca-HepTh,betweenness,0,control_measured,region,10,False,,unscored_incomplete_or_infeasible,,,,,,False
ca-HepTh,betweenness,0,buffer_b1,control_b1,10,False,,scored,0.6029234051624831,0.6398266572934881,-0.03690325213100493,0.02941535294565667,-1.1829769048905453e-05,False
ca-HepTh,betweenness,0,buffer_measured,control_measured,10,False,,unscored_incomplete_or_infeasible,,,,,,False
ca-HepTh,betweenness,1,buffer_b1,region,10,False,,scored,0.8893886202583431,0.8981758591398012,-0.008787238881458248,0.0021573172527502528,2.4890854037555387e-06,True
ca-HepTh,betweenness,1,control_b1,region,10,False,,scored,0.8948189623673658,0.8981758591398012,-0.0033568967724356804,0.0019233302411545907,1.3516131056611883e-06,False
ca-HepTh,betweenness,1,buffer_measured,region,10,False,,unscored_incomplete_or_infeasible,,,,,,False
ca-HepTh,betweenness,1,control_measured,region,10,False,,unscored_incomplete_or_infeasible,,,,,,False
ca-HepTh,betweenness,1,buffer_b1,control_b1,10,False,,scored,0.8893886202583431,0.8948189623673658,-0.005430342109022568,0.0021039715310524738,2.6378595257714207e-06,True
ca-HepTh,betweenness,1,buffer_measured,control_measured,10,False,,unscored_incomplete_or_infeasible,,,,,,False
ca-HepTh,betweenness,2,buffer_b1,region,10,False,,scored,0.8957392686640263,0.91040101162063,-0.014661742956603885,0.0038185170570584964,2.9742489552413928e-05,True
ca-HepTh,betweenness,2,control_b1,region,10,False,,scored,0.9062588333219814,0.91040101162063,-0.00414217829864868,0.0022775866008985317,2.403422724205399e-05,False
ca-HepTh,betweenness,2,buffer_measured,region,10,False,,scored,0.6921047903799371,0.91040101162063,-0.21829622124069292,0.030752086572895704,-2.0054084491219046e-05,True
ca-HepTh,betweenness,2,control_measured,region,10,False,,scored,0.813485674683234,0.91040101162063,-0.09691533693739618,0.018304451152154746,-3.5523354894719042e-06,True
ca-HepTh,betweenness,2,buffer_b1,control_b1,10,False,,scored,0.8957392686640263,0.9062588333219814,-0.010519564657955205,0.004153300180814012,3.2028740548857946e-05,True
ca-HepTh,betweenness,2,buffer_measured,control_measured,10,False,,scored,0.6921047903799371,0.813485674683234,-0.12138088430329678,0.031700341568770975,9.130237084572575e-05,True
ca-HepTh,betweenness,3,buffer_b1,region,10,False,,scored,0.8951954569314541,0.9088021243539816,-0.013606667422527318,0.0040094524734751915,3.8203102130409056e-05,True
ca-HepTh,betweenness,3,control_b1,region,10,False,,scored,0.9052002117637621,0.9088021243539816,-0.003601912590219658,0.002074532733018338,2.585974111390111e-05,False
ca-HepTh,betweenness,3,buffer_measured,region,10,False,,scored,0.7139355950914619,0.9088021243539816,-0.19486652926251974,0.03655982345422915,2.198535796691827e-05,True
ca-HepTh,betweenness,3,control_measured,region,10,False,,scored,0.8645568550042435,0.9088021243539816,-0.04424526934973807,0.007349817503540797,1.445213516954139e-05,True
ca-HepTh,betweenness,3,buffer_b1,control_b1,10,False,,scored,0.8951954569314541,0.9052002117637621,-0.010004754832307661,0.004284037327264512,3.4681620068260906e-05,True
ca-HepTh,betweenness,3,buffer_measured,control_measured,10,False,,scored,0.7139355950914619,0.8645568550042435,-0.1506212599127817,0.03402167420892697,0.0001226261564530941,True
email-Eu-core,spread_mean,0,buffer_b1,region,10,False,,scored,0.4999661430141439,0.8588910174017557,-0.3589248743876118,0.06502406935258012,9.395198757029615e-07,True
email-Eu-core,spread_mean,0,control_b1,region,10,False,,scored,0.8540709894178976,0.8588910174017557,-0.004820027983858,0.0029660703592056105,1.7691724839537588e-05,False
email-Eu-core,spread_mean,0,buffer_measured,region,10,False,,unscored_incomplete_or_infeasible,,,,,,False
email-Eu-core,spread_mean,0,control_measured,region,10,False,,unscored_incomplete_or_infeasible,,,,,,False
email-Eu-core,spread_mean,0,buffer_b1,control_b1,10,False,,scored,0.4999661430141439,0.8540709894178976,-0.3541048464037538,0.06433288061987583,5.244942094879869e-05,True
email-Eu-core,spread_mean,0,buffer_measured,control_measured,10,False,,unscored_incomplete_or_infeasible,,,,,,False
email-Eu-core,spread_mean,1,buffer_b1,region,10,False,,scored,0.5670240657719607,0.9528999891486756,-0.38587592337671484,0.06043325700478555,-5.149522265850979e-06,True
email-Eu-core,spread_mean,1,control_b1,region,10,False,,scored,0.9394131528827423,0.9528999891486756,-0.013486836265933212,0.003006041894705654,1.316484775919207e-07,True
email-Eu-core,spread_mean,1,buffer_measured,region,10,False,,unscored_incomplete_or_infeasible,,,,,,False
email-Eu-core,spread_mean,1,control_measured,region,10,False,,unscored_incomplete_or_infeasible,,,,,,False
email-Eu-core,spread_mean,1,buffer_b1,control_b1,10,False,,scored,0.5670240657719607,0.9394131528827423,-0.3723890871107816,0.06132921245796436,-5.5306725056852965e-05,True
email-Eu-core,spread_mean,1,buffer_measured,control_measured,10,False,,unscored_incomplete_or_infeasible,,,,,,False
email-Eu-core,spread_mean,2,buffer_b1,region,10,False,,scored,0.5860561403471408,0.9590775010500613,-0.37302136070292047,0.06387700115824788,2.723707745070435e-05,True
email-Eu-core,spread_mean,2,control_b1,region,10,False,,scored,0.9483853865898109,0.9590775010500613,-0.010692114460250302,0.0021579007853267792,2.87675870905839e-07,True
email-Eu-core,spread_mean,2,buffer_measured,region,10,False,,unscored_incomplete_or_infeasible,,,,,,False
email-Eu-core,spread_mean,2,control_measured,region,10,False,,unscored_incomplete_or_infeasible,,,,,,False
email-Eu-core,spread_mean,2,buffer_b1,control_b1,10,False,,scored,0.5860561403471408,0.9483853865898109,-0.36232924624267016,0.06498570007169853,-4.253651447814989e-05,True
email-Eu-core,spread_mean,2,buffer_measured,control_measured,10,False,,unscored_incomplete_or_infeasible,,,,,,False
email-Eu-core,spread_mean,3,buffer_b1,region,10,False,,scored,0.5852783539578821,0.9662143806879883,-0.3809360267301061,0.061951246896642394,2.131939403615993e-05,True
email-Eu-core,spread_mean,3,control_b1,region,10,False,,scored,0.9551701526266381,0.9662143806879883,-0.011044228061350091,0.004407259656054157,-6.344678124130066e-07,True
email-Eu-core,spread_mean,3,buffer_measured,region,10,False,,unscored_incomplete_or_infeasible,,,,,,False
email-Eu-core,spread_mean,3,control_measured,region,10,False,,unscored_incomplete_or_infeasible,,,,,,False
email-Eu-core,spread_mean,3,buffer_b1,control_b1,10,False,,scored,0.5852783539578821,0.9551701526266381,-0.3698917986687561,0.062205412612625896,1.3433569633543636e-05,True
email-Eu-core,spread_mean,3,buffer_measured,control_measured,10,False,,unscored_incomplete_or_infeasible,,,,,,False
email-Eu-core,spread_cv,0,buffer_b1,region,10,False,,scored,0.46953904271190117,0.8535172509621874,-0.3839782082502862,0.07061285434018977,2.5458166380747378e-05,True
email-Eu-core,spread_cv,0,control_b1,region,10,False,,scored,0.847160550693722,0.8535172509621874,-0.006356700268465576,0.0032113426462522686,1.1990252007742911e-05,False
email-Eu-core,spread_cv,0,buffer_measured,region,10,False,,unscored_incomplete_or_infeasible,,,,,,False
email-Eu-core,spread_cv,0,control_measured,region,10,False,,unscored_incomplete_or_infeasible,,,,,,False
email-Eu-core,spread_cv,0,buffer_b1,control_b1,10,False,,scored,0.46953904271190117,0.847160550693722,-0.3776215079818207,0.07144916831340396,-3.2286964048892964e-05,True
email-Eu-core,spread_cv,0,buffer_measured,control_measured,10,False,,unscored_incomplete_or_infeasible,,,,,,False
email-Eu-core,spread_cv,1,buffer_b1,region,10,False,,scored,0.5179980502854793,0.9419867768605551,-0.4239887265750758,0.05840077128008548,5.619576472165318e-06,True
email-Eu-core,spread_cv,1,control_b1,region,10,False,,scored,0.927933819305904,0.9419867768605551,-0.014052957554650969,0.0030313134929989076,3.143953792061208e-07,True
email-Eu-core,spread_cv,1,buffer_measured,region,10,False,,unscored_incomplete_or_infeasible,,,,,,False
email-Eu-core,spread_cv,1,control_measured,region,10,False,,unscored_incomplete_or_infeasible,,,,,,False
email-Eu-core,spread_cv,1,buffer_b1,control_b1,10,False,,scored,0.5179980502854793,0.927933819305904,-0.4099357690204249,0.056193186547427824,0.0001356111998492556,True
email-Eu-core,spread_cv,1,buffer_measured,control_measured,10,False,,unscored_incomplete_or_infeasible,,,,,,False
email-Eu-core,spread_cv,2,buffer_b1,region,10,False,,scored,0.5356398512069378,0.9466468575914935,-0.4110070063845557,0.06321687333654072,-3.716386526334382e-06,True
email-Eu-core,spread_cv,2,control_b1,region,10,False,,scored,0.9352052894205365,0.9466468575914935,-0.011441568170956873,0.0026926498993562202,1.2707635148934984e-06,True
email-Eu-core,spread_cv,2,buffer_measured,region,10,True,buffer_b1|region,scored,0.5356398512069378,0.9466468575914935,-0.4110070063845557,0.06321687333654072,-3.716386526334382e-06,True
email-Eu-core,spread_cv,2,control_measured,region,10,True,control_b1|region,scored,0.9352052894205365,0.9466468575914935,-0.011441568170956873,0.0026926498993562202,1.2707635148934984e-06,True
email-Eu-core,spread_cv,2,buffer_b1,control_b1,10,False,,scored,0.5356398512069378,0.9352052894205365,-0.39956543821359886,0.06425132370868902,-6.554060210467543e-05,True
email-Eu-core,spread_cv,2,buffer_measured,control_measured,10,True,buffer_b1|control_b1,scored,0.5356398512069378,0.9352052894205365,-0.39956543821359886,0.06425132370868902,-6.554060210467543e-05,True
email-Eu-core,spread_cv,3,buffer_b1,region,10,False,,scored,0.5478296361734801,0.9549126658686902,-0.40708302969521004,0.05568535737907144,-5.7252445008158985e-06,True
email-Eu-core,spread_cv,3,control_b1,region,10,False,,scored,0.9452254418465531,0.9549126658686902,-0.009687224022137142,0.003914059983090956,-2.135623622183441e-06,True
email-Eu-core,spread_cv,3,buffer_measured,region,10,True,buffer_b1|region,scored,0.5478296361734801,0.9549126658686902,-0.40708302969521004,0.05568535737907144,-5.7252445008158985e-06,True
email-Eu-core,spread_cv,3,control_measured,region,10,True,control_b1|region,scored,0.9452254418465531,0.9549126658686902,-0.009687224022137142,0.003914059983090956,-2.135623622183441e-06,True
email-Eu-core,spread_cv,3,buffer_b1,control_b1,10,False,,scored,0.5478296361734801,0.9452254418465531,-0.39739580567307287,0.05510334017737265,3.112048566178714e-05,True
email-Eu-core,spread_cv,3,buffer_measured,control_measured,10,True,buffer_b1|control_b1,scored,0.5478296361734801,0.9452254418465531,-0.39739580567307287,0.05510334017737265,3.112048566178714e-05,True
email-Eu-core,spread_resid,0,buffer_b1,region,10,False,,scored,-0.012865558316366191,0.010533787799939732,-0.023399346116305925,0.021447195842131082,0.00035422469157250655,False
email-Eu-core,spread_resid,0,control_b1,region,10,False,,scored,0.00904739151843671,0.010533787799939732,-0.0014863962815030204,0.02951559744034564,9.769853336746547e-05,False
email-Eu-core,spread_resid,0,buffer_measured,region,10,True,buffer_b1|region,scored,-0.012865558316366191,0.010533787799939732,-0.023399346116305925,0.021447195842131082,0.00035422469157250655,False
email-Eu-core,spread_resid,0,control_measured,region,10,True,control_b1|region,scored,0.00904739151843671,0.010533787799939732,-0.0014863962815030204,0.02951559744034564,9.769853336746547e-05,False
email-Eu-core,spread_resid,0,buffer_b1,control_b1,10,False,,scored,-0.012865558316366191,0.00904739151843671,-0.0219129498348029,0.02193971355234326,0.00021029761821640713,False
email-Eu-core,spread_resid,0,buffer_measured,control_measured,10,True,buffer_b1|control_b1,scored,-0.012865558316366191,0.00904739151843671,-0.0219129498348029,0.02193971355234326,0.00021029761821640713,False
email-Eu-core,spread_resid,1,buffer_b1,region,10,False,,scored,-0.015055456901134917,0.0034886494250169543,-0.01854410632615187,0.017111668819940144,0.0006874498252208476,False
email-Eu-core,spread_resid,1,control_b1,region,10,False,,scored,-0.006376162052808537,0.0034886494250169543,-0.009864811477825492,0.0316837616005391,0.00030587691569218956,False
email-Eu-core,spread_resid,1,buffer_measured,region,10,True,buffer_b1|region,scored,-0.015055456901134917,0.0034886494250169543,-0.01854410632615187,0.017111668819940144,0.0006874498252208476,False
email-Eu-core,spread_resid,1,control_measured,region,10,True,control_b1|region,scored,-0.006376162052808537,0.0034886494250169543,-0.009864811477825492,0.0316837616005391,0.00030587691569218956,False
email-Eu-core,spread_resid,1,buffer_b1,control_b1,10,False,,scored,-0.015055456901134917,-0.006376162052808537,-0.008679294848326378,0.022137029430297845,0.00041610593009958085,False
email-Eu-core,spread_resid,1,buffer_measured,control_measured,10,True,buffer_b1|control_b1,scored,-0.015055456901134917,-0.006376162052808537,-0.008679294848326378,0.022137029430297845,0.00041610593009958085,False
email-Eu-core,spread_resid,2,buffer_b1,region,10,False,,scored,-0.004364664446979775,0.03064267940696294,-0.03500734385394271,0.03144680500540366,0.0005494382706982648,False
email-Eu-core,spread_resid,2,control_b1,region,10,False,,scored,0.0061080462100483,0.03064267940696294,-0.024534633196914644,0.024459635060555308,0.0008302454404947701,False
email-Eu-core,spread_resid,2,buffer_measured,region,10,True,buffer_b1|region,scored,-0.004364664446979775,0.03064267940696294,-0.03500734385394271,0.03144680500540366,0.0005494382706982648,False
email-Eu-core,spread_resid,2,control_measured,region,10,True,control_b1|region,scored,0.0061080462100483,0.03064267940696294,-0.024534633196914644,0.024459635060555308,0.0008302454404947701,False
email-Eu-core,spread_resid,2,buffer_b1,control_b1,10,False,,scored,-0.004364664446979775,0.0061080462100483,-0.010472710657028074,0.027112000785072143,0.0003074736344410137,False
email-Eu-core,spread_resid,2,buffer_measured,control_measured,10,True,buffer_b1|control_b1,scored,-0.004364664446979775,0.0061080462100483,-0.010472710657028074,0.027112000785072143,0.0003074736344410137,False
email-Eu-core,spread_resid,3,buffer_b1,region,10,False,,scored,-0.010610321926899972,0.0194791365847622,-0.030089458511662177,0.026132962319741243,0.0006837470112782785,False
email-Eu-core,spread_resid,3,control_b1,region,10,False,,scored,0.0035226444687202624,0.0194791365847622,-0.015956492116041936,0.02793656883902343,0.0010320446620678742,False
email-Eu-core,spread_resid,3,buffer_measured,region,10,True,buffer_b1|region,scored,-0.010610321926899972,0.0194791365847622,-0.030089458511662177,0.026132962319741243,0.0006837470112782785,False
email-Eu-core,spread_resid,3,control_measured,region,10,True,control_b1|region,scored,0.0035226444687202624,0.0194791365847622,-0.015956492116041936,0.02793656883902343,0.0010320446620678742,False
email-Eu-core,spread_resid,3,buffer_b1,control_b1,10,False,,scored,-0.010610321926899972,0.0035226444687202624,-0.014132966395620237,0.030063066530873636,0.0005640975833490849,False
email-Eu-core,spread_resid,3,buffer_measured,control_measured,10,True,buffer_b1|control_b1,scored,-0.010610321926899972,0.0035226444687202624,-0.014132966395620237,0.030063066530873636,0.0005640975833490849,False
email-Eu-core,betweenness,0,buffer_b1,region,10,False,,scored,0.5494649176469312,0.7823675994595489,-0.23290268181261772,0.05659524211202577,4.14810159446676e-05,True
email-Eu-core,betweenness,0,control_b1,region,10,False,,scored,0.7702254195022682,0.7823675994595489,-0.012142179957280685,0.006952304743131594,1.9138121114652805e-06,False
email-Eu-core,betweenness,0,buffer_measured,region,10,False,,unscored_incomplete_or_infeasible,,,,,,False
email-Eu-core,betweenness,0,control_measured,region,10,False,,unscored_incomplete_or_infeasible,,,,,,False
email-Eu-core,betweenness,0,buffer_b1,control_b1,10,False,,scored,0.5494649176469312,0.7702254195022682,-0.22076050185533705,0.05802832471882221,-2.0800155868037567e-05,True
email-Eu-core,betweenness,0,buffer_measured,control_measured,10,False,,unscored_incomplete_or_infeasible,,,,,,False
email-Eu-core,betweenness,1,buffer_b1,region,10,False,,scored,0.6880382489378799,0.9018461781572539,-0.21380792921937397,0.044155196944623464,1.369880546909827e-05,True
email-Eu-core,betweenness,1,control_b1,region,10,False,,scored,0.8729209317523108,0.9018461781572539,-0.02892524640494313,0.005869546736058897,-4.613183122855793e-06,True
email-Eu-core,betweenness,1,buffer_measured,region,10,False,,unscored_incomplete_or_infeasible,,,,,,False
email-Eu-core,betweenness,1,control_measured,region,10,False,,unscored_incomplete_or_infeasible,,,,,,False
email-Eu-core,betweenness,1,buffer_b1,control_b1,10,False,,scored,0.6880382489378799,0.8729209317523108,-0.18488268281443082,0.04609227098749438,-6.523520499356515e-05,True
email-Eu-core,betweenness,1,buffer_measured,control_measured,10,False,,unscored_incomplete_or_infeasible,,,,,,False
email-Eu-core,betweenness,2,buffer_b1,region,10,False,,scored,0.6685746136712343,0.9057557600021677,-0.2371811463309334,0.040240298776732526,-1.8027533462139716e-05,True
email-Eu-core,betweenness,2,control_b1,region,10,False,,scored,0.8663774100404407,0.9057557600021677,-0.039378349961727,0.009244159103214645,2.148508246104593e-05,True
email-Eu-core,betweenness,2,buffer_measured,region,10,False,,unscored_incomplete_or_infeasible,,,,,,False
email-Eu-core,betweenness,2,control_measured,region,10,False,,unscored_incomplete_or_infeasible,,,,,,False
email-Eu-core,betweenness,2,buffer_b1,control_b1,10,False,,scored,0.6685746136712343,0.8663774100404407,-0.19780279636920645,0.03940611004938503,6.813875856051657e-05,True
email-Eu-core,betweenness,2,buffer_measured,control_measured,10,False,,unscored_incomplete_or_infeasible,,,,,,False
email-Eu-core,betweenness,3,buffer_b1,region,10,False,,scored,0.6613695605818624,0.9056994761497135,-0.24432991556785105,0.0379112676519809,-1.5700115515700655e-05,True
email-Eu-core,betweenness,3,control_b1,region,10,False,,scored,0.870935330237644,0.9056994761497135,-0.03476414591206935,0.0036800236813609413,4.095835912526197e-06,True
email-Eu-core,betweenness,3,buffer_measured,region,10,False,,unscored_incomplete_or_infeasible,,,,,,False
email-Eu-core,betweenness,3,control_measured,region,10,False,,unscored_incomplete_or_infeasible,,,,,,False
email-Eu-core,betweenness,3,buffer_b1,control_b1,10,False,,scored,0.6613695605818624,0.870935330237644,-0.20956576965578172,0.03708855372494696,1.6194241161367803e-05,True
email-Eu-core,betweenness,3,buffer_measured,control_measured,10,False,,unscored_incomplete_or_infeasible,,,,,,False
facebook_combined,spread_mean,0,buffer_b1,region,10,False,,scored,0.5369869172428713,0.6153309389897277,-0.07834402174685648,0.030285898472466825,-6.672578108381704e-06,True
facebook_combined,spread_mean,0,control_b1,region,10,False,,scored,0.603884867894251,0.6153309389897277,-0.011446071095476773,0.0027649699628423006,3.5625033489252236e-05,True
facebook_combined,spread_mean,0,buffer_measured,region,10,False,,unscored_incomplete_or_infeasible,,,,,,False
facebook_combined,spread_mean,0,control_measured,region,10,False,,unscored_incomplete_or_infeasible,,,,,,False
facebook_combined,spread_mean,0,buffer_b1,control_b1,10,False,,scored,0.5369869172428713,0.603884867894251,-0.0668979506513797,0.031898228008264806,-4.877926555164768e-05,True
facebook_combined,spread_mean,0,buffer_measured,control_measured,10,False,,unscored_incomplete_or_infeasible,,,,,,False
facebook_combined,spread_mean,1,buffer_b1,region,10,False,,scored,0.7515188447476486,0.8092303126831757,-0.05771146793552725,0.09313615395894352,-0.001984206508522883,False
facebook_combined,spread_mean,1,control_b1,region,10,False,,scored,0.8101128656296674,0.8092303126831757,0.0008825529464917215,0.010278026699018785,0.0029626000984670953,False
facebook_combined,spread_mean,1,buffer_measured,region,10,False,,unscored_incomplete_or_infeasible,,,,,,False
facebook_combined,spread_mean,1,control_measured,region,10,False,,unscored_incomplete_or_infeasible,,,,,,False
facebook_combined,spread_mean,1,buffer_b1,control_b1,10,False,,scored,0.7515188447476486,0.8101128656296674,-0.05859402088201897,0.08453921672032852,-0.0016669914555600036,False
facebook_combined,spread_mean,1,buffer_measured,control_measured,10,False,,unscored_incomplete_or_infeasible,,,,,,False
facebook_combined,spread_mean,2,buffer_b1,region,10,False,,scored,0.8667105609308363,0.9362111295501018,-0.06950056861926564,0.02265727206268729,-0.00011849456113277488,True
facebook_combined,spread_mean,2,control_b1,region,10,False,,scored,0.9277926749830853,0.9362111295501018,-0.008418454567016575,0.005448619366835983,9.929601336160862e-05,False
facebook_combined,spread_mean,2,buffer_measured,region,10,False,,unscored_incomplete_or_infeasible,,,,,,False
facebook_combined,spread_mean,2,control_measured,region,10,False,,unscored_incomplete_or_infeasible,,,,,,False
facebook_combined,spread_mean,2,buffer_b1,control_b1,10,False,,scored,0.8667105609308363,0.9277926749830853,-0.06108211405224906,0.026007093612062843,-0.00015715937564454878,True
facebook_combined,spread_mean,2,buffer_measured,control_measured,10,False,,unscored_incomplete_or_infeasible,,,,,,False
facebook_combined,spread_mean,3,buffer_b1,region,10,False,,scored,0.8617134996708208,0.9373608801024821,-0.07564738043166125,0.023265606084576767,-0.0001265624265881347,True
facebook_combined,spread_mean,3,control_b1,region,10,False,,scored,0.9294189374218538,0.9373608801024821,-0.007941942680628134,0.0055930531717970295,9.99385773185606e-05,False
facebook_combined,spread_mean,3,buffer_measured,region,10,True,buffer_b1|region,scored,0.8617134996708208,0.9373608801024821,-0.07564738043166125,0.023265606084576767,-0.0001265624265881347,True
facebook_combined,spread_mean,3,control_measured,region,10,True,control_b1|region,scored,0.9294189374218538,0.9373608801024821,-0.007941942680628134,0.0055930531717970295,9.99385773185606e-05,False
facebook_combined,spread_mean,3,buffer_b1,control_b1,10,False,,scored,0.8617134996708208,0.9294189374218538,-0.06770543775103312,0.026324212412610477,-0.000165802903659508,True
facebook_combined,spread_mean,3,buffer_measured,control_measured,10,True,buffer_b1|control_b1,scored,0.8617134996708208,0.9294189374218538,-0.06770543775103312,0.026324212412610477,-0.000165802903659508,True
facebook_combined,spread_cv,0,buffer_b1,region,10,False,,scored,-0.10417027647785022,-0.17900558512750248,0.07483530864965228,0.054225390751789594,-0.0005287283559511507,False
facebook_combined,spread_cv,0,control_b1,region,10,False,,scored,-0.16033476504152472,-0.17900558512750248,0.018670820085977757,0.005996397454054067,0.0006973517656564665,True
facebook_combined,spread_cv,0,buffer_measured,region,10,False,,unscored_incomplete_or_infeasible,,,,,,False
facebook_combined,spread_cv,0,control_measured,region,10,False,,unscored_incomplete_or_infeasible,,,,,,False
facebook_combined,spread_cv,0,buffer_b1,control_b1,10,False,,scored,-0.10417027647785022,-0.16033476504152472,0.05616448856367451,0.054037383123710994,-0.0004711407318150866,False
facebook_combined,spread_cv,0,buffer_measured,control_measured,10,False,,unscored_incomplete_or_infeasible,,,,,,False
facebook_combined,spread_cv,1,buffer_b1,region,10,False,,scored,0.21099009626792378,0.41844832581664804,-0.2074582295487243,0.20762856551598916,-0.007195860886475784,False
facebook_combined,spread_cv,1,control_b1,region,10,False,,scored,0.4162773442194621,0.41844832581664804,-0.0021709815971859225,0.01976133876196874,0.014708282435339774,False
facebook_combined,spread_cv,1,buffer_measured,region,10,False,,unscored_incomplete_or_infeasible,,,,,,False
facebook_combined,spread_cv,1,control_measured,region,10,False,,unscored_incomplete_or_infeasible,,,,,,False
facebook_combined,spread_cv,1,buffer_b1,control_b1,10,False,,scored,0.21099009626792378,0.4162773442194621,-0.20528724795153835,0.2029006226007016,-0.006784730959990496,False
facebook_combined,spread_cv,1,buffer_measured,control_measured,10,False,,unscored_incomplete_or_infeasible,,,,,,False
facebook_combined,spread_cv,2,buffer_b1,region,10,False,,scored,0.569017163771512,0.7144774557562585,-0.14546029198474653,0.0613156610015294,-0.0003989507580075907,True
facebook_combined,spread_cv,2,control_b1,region,10,False,,scored,0.7130178989054767,0.7144774557562585,-0.0014595568507817958,0.027822624743502312,0.00010029373069298989,False
facebook_combined,spread_cv,2,buffer_measured,region,10,False,,unscored_incomplete_or_infeasible,,,,,,False
facebook_combined,spread_cv,2,control_measured,region,10,False,,unscored_incomplete_or_infeasible,,,,,,False
facebook_combined,spread_cv,2,buffer_b1,control_b1,10,False,,scored,0.569017163771512,0.7130178989054767,-0.14400073513396475,0.037780803691647144,0.0008821510483108466,True
facebook_combined,spread_cv,2,buffer_measured,control_measured,10,False,,unscored_incomplete_or_infeasible,,,,,,False
facebook_combined,spread_cv,3,buffer_b1,region,10,False,,scored,0.6082589145477805,0.6891109602586366,-0.08085204571085623,0.03155572228120512,0.001137481119295042,True
facebook_combined,spread_cv,3,control_b1,region,10,False,,scored,0.6922310303963137,0.6891109602586366,0.0031200701376771223,0.03022986018066295,0.001982399327645179,False
facebook_combined,spread_cv,3,buffer_measured,region,10,False,,unscored_incomplete_or_infeasible,,,,,,False
facebook_combined,spread_cv,3,control_measured,region,10,False,,unscored_incomplete_or_infeasible,,,,,,False
facebook_combined,spread_cv,3,buffer_b1,control_b1,10,False,,scored,0.6082589145477805,0.6922310303963137,-0.08397211584853335,0.03173963315248954,0.0012612653518233531,True
facebook_combined,spread_cv,3,buffer_measured,control_measured,10,False,,unscored_incomplete_or_infeasible,,,,,,False
facebook_combined,spread_resid,0,buffer_b1,region,10,False,,scored,0.17772525327511468,0.1814392413452612,-0.00371398807014653,0.054904406834278795,-0.0005637992155057248,False
facebook_combined,spread_resid,0,control_b1,region,10,False,,scored,0.17203821145641204,0.1814392413452612,-0.009401029888849177,0.0074411121339203815,0.0008134366178847992,False
facebook_combined,spread_resid,0,buffer_measured,region,10,False,,unscored_incomplete_or_infeasible,,,,,,False
facebook_combined,spread_resid,0,control_measured,region,10,False,,unscored_incomplete_or_infeasible,,,,,,False
facebook_combined,spread_resid,0,buffer_b1,control_b1,10,False,,scored,0.17772525327511468,0.17203821145641204,0.005687041818702647,0.05569973646128287,-0.0005470819815409076,False
facebook_combined,spread_resid,0,buffer_measured,control_measured,10,False,,unscored_incomplete_or_infeasible,,,,,,False
facebook_combined,spread_resid,1,buffer_b1,region,10,False,,scored,0.24883397390126166,0.3866089275054364,-0.13777495360417474,0.08145042944623991,0.0008937160705133321,False
facebook_combined,spread_resid,1,control_b1,region,10,False,,scored,0.37811178465135103,0.3866089275054364,-0.008497142854085326,0.00898120188670864,0.008495996745821795,False
facebook_combined,spread_resid,1,buffer_measured,region,10,False,,unscored_incomplete_or_infeasible,,,,,,False
facebook_combined,spread_resid,1,control_measured,region,10,False,,unscored_incomplete_or_infeasible,,,,,,False
facebook_combined,spread_resid,1,buffer_b1,control_b1,10,False,,scored,0.24883397390126166,0.37811178465135103,-0.1292778107500894,0.0841622784020899,0.0009122873752379451,False
facebook_combined,spread_resid,1,buffer_measured,control_measured,10,False,,unscored_incomplete_or_infeasible,,,,,,False
facebook_combined,spread_resid,2,buffer_b1,region,10,False,,scored,0.2301849234169072,0.5442251064573205,-0.31404018304041315,0.08270484034489008,0.005382224296219865,True
facebook_combined,spread_resid,2,control_b1,region,10,False,,scored,0.5350367101619287,0.5442251064573205,-0.00918839629539181,0.01021483345456304,0.004193633408411955,False
facebook_combined,spread_resid,2,buffer_measured,region,10,True,buffer_b1|region,scored,0.2301849234169072,0.5442251064573205,-0.31404018304041315,0.08270484034489008,0.005382224296219865,True
facebook_combined,spread_resid,2,control_measured,region,10,True,control_b1|region,scored,0.5350367101619287,0.5442251064573205,-0.00918839629539181,0.01021483345456304,0.004193633408411955,False
facebook_combined,spread_resid,2,buffer_b1,control_b1,10,False,,scored,0.2301849234169072,0.5350367101619287,-0.30485178674502134,0.0848220026373426,0.004707005857063206,True
facebook_combined,spread_resid,2,buffer_measured,control_measured,10,True,buffer_b1|control_b1,scored,0.2301849234169072,0.5350367101619287,-0.30485178674502134,0.0848220026373426,0.004707005857063206,True
facebook_combined,spread_resid,3,buffer_b1,region,10,False,,scored,0.16330680422796662,0.4107087577446267,-0.24740195351666014,0.11757078415844296,0.012312791692133665,True
facebook_combined,spread_resid,3,control_b1,region,10,False,,scored,0.40889160208039854,0.4107087577446267,-0.001817155664228204,0.017774323967363406,0.010269441342920826,False
facebook_combined,spread_resid,3,buffer_measured,region,10,True,buffer_b1|region,scored,0.16330680422796662,0.4107087577446267,-0.24740195351666014,0.11757078415844296,0.012312791692133665,True
facebook_combined,spread_resid,3,control_measured,region,10,True,control_b1|region,scored,0.40889160208039854,0.4107087577446267,-0.001817155664228204,0.017774323967363406,0.010269441342920826,False
facebook_combined,spread_resid,3,buffer_b1,control_b1,10,False,,scored,0.16330680422796662,0.40889160208039854,-0.24558479785243192,0.1339785977730109,0.010316153608433723,False
facebook_combined,spread_resid,3,buffer_measured,control_measured,10,True,buffer_b1|control_b1,scored,0.16330680422796662,0.40889160208039854,-0.24558479785243192,0.1339785977730109,0.010316153608433723,False
facebook_combined,betweenness,0,buffer_b1,region,10,False,,scored,0.5736284427744,0.5790081408161747,-0.0053796980417748054,0.009185014813164541,-1.1848059215349679e-05,False
facebook_combined,betweenness,0,control_b1,region,10,False,,scored,0.5749070820845421,0.5790081408161747,-0.004101058731632723,0.0019670535294390957,3.3705645549260915e-05,True
facebook_combined,betweenness,0,buffer_measured,region,10,False,,unscored_incomplete_or_infeasible,,,,,,False
facebook_combined,betweenness,0,control_measured,region,10,False,,unscored_incomplete_or_infeasible,,,,,,False
facebook_combined,betweenness,0,buffer_b1,control_b1,10,False,,scored,0.5736284427744,0.5749070820845421,-0.0012786393101420824,0.010155025474907672,-1.709790357297639e-05,False
facebook_combined,betweenness,0,buffer_measured,control_measured,10,False,,unscored_incomplete_or_infeasible,,,,,,False
facebook_combined,betweenness,1,buffer_b1,region,10,False,,scored,0.688252831463861,0.7482191261449203,-0.05996629468105934,0.043049049686089656,-0.0003798379243281009,False
facebook_combined,betweenness,1,control_b1,region,10,False,,scored,0.7466360406129613,0.7482191261449203,-0.0015830855319589276,0.006910844632295082,0.00024213785186898487,False
facebook_combined,betweenness,1,buffer_measured,region,10,False,,unscored_incomplete_or_infeasible,,,,,,False
facebook_combined,betweenness,1,control_measured,region,10,False,,unscored_incomplete_or_infeasible,,,,,,False
facebook_combined,betweenness,1,buffer_b1,control_b1,10,False,,scored,0.688252831463861,0.7466360406129613,-0.05838320914910041,0.04562038680835969,-0.00043344494759430256,False
facebook_combined,betweenness,1,buffer_measured,control_measured,10,False,,unscored_incomplete_or_infeasible,,,,,,False
facebook_combined,betweenness,2,buffer_b1,region,10,False,,scored,0.7093632641822717,0.6897724074364164,0.019590856745855333,0.05085921837411229,-0.000588745655416199,False
facebook_combined,betweenness,2,control_b1,region,10,False,,scored,0.70208915031587,0.6897724074364164,0.012316742879453635,0.01686504665279723,0.0003833515353179914,False
facebook_combined,betweenness,2,buffer_measured,region,10,False,,scored,0.5835780682400565,0.6897724074364164,-0.10619433919635982,0.03992299720787552,0.0005456294708423389,True
facebook_combined,betweenness,2,control_measured,region,10,False,,scored,0.7014155061677052,0.6897724074364164,0.01164309873128878,0.021397734303635594,0.0008063953345900422,False
facebook_combined,betweenness,2,buffer_b1,control_b1,10,False,,scored,0.7093632641822717,0.70208915031587,0.007274113866401699,0.045123480083553616,-0.0003761922823090684,False
facebook_combined,betweenness,2,buffer_measured,control_measured,10,False,,scored,0.5835780682400565,0.7014155061677052,-0.1178374379276486,0.05477770877827203,0.0002893016047295361,True
facebook_combined,betweenness,3,buffer_b1,region,10,False,,scored,0.6247955911046227,0.7073421031256686,-0.08254651202104604,0.117474129423119,-0.0026421534036410216,False
facebook_combined,betweenness,3,control_b1,region,10,False,,scored,0.7145421912732521,0.7073421031256686,0.007200088147583395,0.018020368500415614,0.0016707487971426745,False
facebook_combined,betweenness,3,buffer_measured,region,10,False,,scored,0.5667739168357222,0.7073421031256686,-0.14056818628994655,0.030234943157304704,0.0010579923416376967,True
facebook_combined,betweenness,3,control_measured,region,10,False,,scored,0.7160095320101659,0.7073421031256686,0.008667428884497041,0.0238320883257127,0.0017113636717405172,False
facebook_combined,betweenness,3,buffer_b1,control_b1,10,False,,scored,0.6247955911046227,0.7145421912732521,-0.08974660016862943,0.12136062647106584,-0.002705740289544027,False
facebook_combined,betweenness,3,buffer_measured,control_measured,10,False,,scored,0.5667739168357222,0.7160095320101659,-0.14923561517444361,0.04618374392197089,0.001011359786271992,True
p2p-Gnutella08,spread_mean,0,buffer_b1,region,10,False,,scored,0.5755732924385581,0.6294905267396242,-0.053917234301066194,0.022440283218650645,0.0014369604675214108,True
p2p-Gnutella08,spread_mean,0,control_b1,region,10,False,,scored,0.6270904645621938,0.6294905267396242,-0.002400062177430573,0.007352126033026375,0.0009711838007498712,False
p2p-Gnutella08,spread_mean,0,buffer_measured,region,10,False,,unscored_incomplete_or_infeasible,,,,,,False
p2p-Gnutella08,spread_mean,0,control_measured,region,10,False,,unscored_incomplete_or_infeasible,,,,,,False
p2p-Gnutella08,spread_mean,0,buffer_b1,control_b1,10,False,,scored,0.5755732924385581,0.6270904645621938,-0.05151717212363562,0.019688248917278297,0.0016496359578763507,True
p2p-Gnutella08,spread_mean,0,buffer_measured,control_measured,10,False,,unscored_incomplete_or_infeasible,,,,,,False
p2p-Gnutella08,spread_mean,1,buffer_b1,region,10,False,,scored,0.718594319261858,0.7672949208972681,-0.0487006016354101,0.03543004750394423,0.0007735071256593376,False
p2p-Gnutella08,spread_mean,1,control_b1,region,10,False,,scored,0.7665110436350849,0.7672949208972681,-0.000783877262183219,0.003372427404685353,0.0002695769601565802,False
p2p-Gnutella08,spread_mean,1,buffer_measured,region,10,False,,unscored_incomplete_or_infeasible,,,,,,False
p2p-Gnutella08,spread_mean,1,control_measured,region,10,False,,unscored_incomplete_or_infeasible,,,,,,False
p2p-Gnutella08,spread_mean,1,buffer_b1,control_b1,10,False,,scored,0.718594319261858,0.7665110436350849,-0.04791672437322688,0.035321983254278475,0.0007907941644726349,False
p2p-Gnutella08,spread_mean,1,buffer_measured,control_measured,10,False,,unscored_incomplete_or_infeasible,,,,,,False
p2p-Gnutella08,spread_mean,2,buffer_b1,region,10,False,,scored,0.8330838339078843,0.8727116717387847,-0.03962783783090014,0.028395917263657106,0.00027004144683688504,False
p2p-Gnutella08,spread_mean,2,control_b1,region,10,False,,scored,0.8698622618166878,0.8727116717387847,-0.002849409922096824,0.00217254469719945,7.604400362392589e-05,False
p2p-Gnutella08,spread_mean,2,buffer_measured,region,10,False,,unscored_incomplete_or_infeasible,,,,,,False
p2p-Gnutella08,spread_mean,2,control_measured,region,10,False,,unscored_incomplete_or_infeasible,,,,,,False
p2p-Gnutella08,spread_mean,2,buffer_b1,control_b1,10,False,,scored,0.8330838339078843,0.8698622618166878,-0.03677842790880331,0.027365451474124496,0.0003035649701362043,False
p2p-Gnutella08,spread_mean,2,buffer_measured,control_measured,10,False,,unscored_incomplete_or_infeasible,,,,,,False
p2p-Gnutella08,spread_mean,3,buffer_b1,region,10,False,,scored,0.8783190093117559,0.9135938934947255,-0.03527488418296961,0.02742051954367515,7.094998151111792e-05,False
p2p-Gnutella08,spread_mean,3,control_b1,region,10,False,,scored,0.9126230768570653,0.9135938934947255,-0.0009708166376600546,0.0015339033534954526,6.011625355261322e-06,False
p2p-Gnutella08,spread_mean,3,buffer_measured,region,10,False,,scored,0.4964643766700301,0.9135938934947255,-0.41712951682469546,0.09615334893776493,0.00017808618032688248,True
p2p-Gnutella08,spread_mean,3,control_measured,region,10,False,,scored,0.892551942914767,0.9135938934947255,-0.021041950579958436,0.006316040737634506,2.2547842883398524e-05,True
p2p-Gnutella08,spread_mean,3,buffer_b1,control_b1,10,False,,scored,0.8783190093117559,0.9126230768570653,-0.034304067545309555,0.02758476364681116,6.465541190087248e-05,False
p2p-Gnutella08,spread_mean,3,buffer_measured,control_measured,10,False,,scored,0.4964643766700301,0.892551942914767,-0.396087566244737,0.09353640553306931,0.0004598184064486456,True
p2p-Gnutella08,spread_cv,0,buffer_b1,region,10,False,,scored,0.3741630988336793,0.40666865143359576,-0.03250555259991645,0.012421984958391896,0.0033324035838091987,True
p2p-Gnutella08,spread_cv,0,control_b1,region,10,False,,scored,0.4067190059916177,0.40666865143359576,5.035455802191446e-05,0.003883888561588527,0.003428808507789731,False
p2p-Gnutella08,spread_cv,0,buffer_measured,region,10,False,,unscored_incomplete_or_infeasible,,,,,,False
p2p-Gnutella08,spread_cv,0,control_measured,region,10,False,,unscored_incomplete_or_infeasible,,,,,,False
p2p-Gnutella08,spread_cv,0,buffer_b1,control_b1,10,False,,scored,0.3741630988336793,0.4067190059916177,-0.032555907157938366,0.014133492814790713,0.0034018951596458333,True
p2p-Gnutella08,spread_cv,0,buffer_measured,control_measured,10,False,,unscored_incomplete_or_infeasible,,,,,,False
p2p-Gnutella08,spread_cv,1,buffer_b1,region,10,False,,scored,0.4890523218288477,0.5462040291048698,-0.05715170727602216,0.0354288981915518,0.002838818641628934,False
p2p-Gnutella08,spread_cv,1,control_b1,region,10,False,,scored,0.5439764059181044,0.5462040291048698,-0.002227623186765393,0.005142422379276159,0.0017960418112971468,False
p2p-Gnutella08,spread_cv,1,buffer_measured,region,10,False,,unscored_incomplete_or_infeasible,,,,,,False
p2p-Gnutella08,spread_cv,1,control_measured,region,10,False,,unscored_incomplete_or_infeasible,,,,,,False
p2p-Gnutella08,spread_cv,1,buffer_b1,control_b1,10,False,,scored,0.4890523218288477,0.5439764059181044,-0.05492408408925677,0.03499874371430043,0.002984639487726818,False
p2p-Gnutella08,spread_cv,1,buffer_measured,control_measured,10,False,,unscored_incomplete_or_infeasible,,,,,,False
p2p-Gnutella08,spread_cv,2,buffer_b1,region,10,False,,scored,0.6018351081343447,0.6660355304371247,-0.06420042230278007,0.042140471573420005,0.0009791405556561238,False
p2p-Gnutella08,spread_cv,2,control_b1,region,10,False,,scored,0.6616472500346552,0.6660355304371247,-0.004388280402469635,0.0033565462876796273,0.00038461547251045827,False
p2p-Gnutella08,spread_cv,2,buffer_measured,region,10,True,buffer_b1|region,scored,0.6018351081343447,0.6660355304371247,-0.06420042230278007,0.042140471573420005,0.0009791405556561238,False
p2p-Gnutella08,spread_cv,2,control_measured,region,10,True,control_b1|region,scored,0.6616472500346552,0.6660355304371247,-0.004388280402469635,0.0033565462876796273,0.00038461547251045827,False
p2p-Gnutella08,spread_cv,2,buffer_b1,control_b1,10,False,,scored,0.6018351081343447,0.6616472500346552,-0.05981214190031044,0.042715394825039825,0.0009416963530361773,False
p2p-Gnutella08,spread_cv,2,buffer_measured,control_measured,10,True,buffer_b1|control_b1,scored,0.6018351081343447,0.6616472500346552,-0.05981214190031044,0.042715394825039825,0.0009416963530361773,False
p2p-Gnutella08,spread_cv,3,buffer_b1,region,10,False,,scored,0.6694650255373211,0.7718430755744428,-0.10237805003712157,0.04845625510208737,9.193256092899028e-05,True
p2p-Gnutella08,spread_cv,3,control_b1,region,10,False,,scored,0.7686707259686055,0.7718430755744428,-0.0031723496058373435,0.002876220390538211,9.339320842302282e-06,False
p2p-Gnutella08,spread_cv,3,buffer_measured,region,10,True,buffer_b1|region,scored,0.6694650255373211,0.7718430755744428,-0.10237805003712157,0.04845625510208737,9.193256092899028e-05,True
p2p-Gnutella08,spread_cv,3,control_measured,region,10,True,control_b1|region,scored,0.7686707259686055,0.7718430755744428,-0.0031723496058373435,0.002876220390538211,9.339320842302282e-06,False
p2p-Gnutella08,spread_cv,3,buffer_b1,control_b1,10,False,,scored,0.6694650255373211,0.7686707259686055,-0.09920570043128422,0.048269446633431676,0.00010363678374099228,True
p2p-Gnutella08,spread_cv,3,buffer_measured,control_measured,10,True,buffer_b1|control_b1,scored,0.6694650255373211,0.7686707259686055,-0.09920570043128422,0.048269446633431676,0.00010363678374099228,True
p2p-Gnutella08,spread_resid,0,buffer_b1,region,10,False,,scored,0.11174426267546438,0.1031403853187011,0.00860387735676329,0.009165646825103384,0.0008513093978998618,False
p2p-Gnutella08,spread_resid,0,control_b1,region,10,False,,scored,0.11123032535239094,0.1031403853187011,0.008089940033689846,0.004911761153260051,0.0010731866655065538,False
p2p-Gnutella08,spread_resid,0,buffer_measured,region,10,False,,unscored_incomplete_or_infeasible,,,,,,False
p2p-Gnutella08,spread_resid,0,control_measured,region,10,False,,unscored_incomplete_or_infeasible,,,,,,False
p2p-Gnutella08,spread_resid,0,buffer_b1,control_b1,10,False,,scored,0.11174426267546438,0.11123032535239094,0.0005139373230734441,0.00887890283632939,0.0008195842247509205,False
p2p-Gnutella08,spread_resid,0,buffer_measured,control_measured,10,False,,unscored_incomplete_or_infeasible,,,,,,False
p2p-Gnutella08,spread_resid,1,buffer_b1,region,10,False,,scored,0.2022777853459715,0.2240283929565615,-0.021750607610590007,0.018247120734412557,0.0006335529987271265,False
p2p-Gnutella08,spread_resid,1,control_b1,region,10,False,,scored,0.21928437720109817,0.2240283929565615,-0.004744015755463346,0.00917812890353392,0.0001997722681158765,False
p2p-Gnutella08,spread_resid,1,buffer_measured,region,10,False,,unscored_incomplete_or_infeasible,,,,,,False
p2p-Gnutella08,spread_resid,1,control_measured,region,10,False,,unscored_incomplete_or_infeasible,,,,,,False
p2p-Gnutella08,spread_resid,1,buffer_b1,control_b1,10,False,,scored,0.2022777853459715,0.21928437720109817,-0.01700659185512666,0.02488938515420999,0.00039163635147307314,False
p2p-Gnutella08,spread_resid,1,buffer_measured,control_measured,10,False,,unscored_incomplete_or_infeasible,,,,,,False
p2p-Gnutella08,spread_resid,2,buffer_b1,region,10,False,,scored,0.28661543345282925,0.3350496724858392,-0.048434239033009946,0.016801605644851694,0.0005616563992338293,True
p2p-Gnutella08,spread_resid,2,control_b1,region,10,False,,scored,0.32674759474364806,0.3350496724858392,-0.008302077742191188,0.008074527808473005,0.0002731747731476815,False
p2p-Gnutella08,spread_resid,2,buffer_measured,region,10,True,buffer_b1|region,scored,0.28661543345282925,0.3350496724858392,-0.048434239033009946,0.016801605644851694,0.0005616563992338293,True
p2p-Gnutella08,spread_resid,2,control_measured,region,10,True,control_b1|region,scored,0.32674759474364806,0.3350496724858392,-0.008302077742191188,0.008074527808473005,0.0002731747731476815,False
p2p-Gnutella08,spread_resid,2,buffer_b1,control_b1,10,False,,scored,0.28661543345282925,0.32674759474364806,-0.04013216129081876,0.0216031594228192,0.0003941432718556409,False
p2p-Gnutella08,spread_resid,2,buffer_measured,control_measured,10,True,buffer_b1|control_b1,scored,0.28661543345282925,0.32674759474364806,-0.04013216129081876,0.0216031594228192,0.0003941432718556409,False
p2p-Gnutella08,spread_resid,3,buffer_b1,region,10,False,,scored,0.3481844537634778,0.4103173970723427,-0.062132943308864895,0.013535966546763194,0.0002503247902625899,True
p2p-Gnutella08,spread_resid,3,control_b1,region,10,False,,scored,0.3923672555609704,0.4103173970723427,-0.01795014151137232,0.007923502000544196,0.0001380718728153595,True
p2p-Gnutella08,spread_resid,3,buffer_measured,region,10,False,,scored,0.23629023724303105,0.4103173970723427,-0.1740271598293116,0.03635346296193,8.714047391262433e-06,True
p2p-Gnutella08,spread_resid,3,control_measured,region,10,False,,scored,0.3428568431852428,0.4103173970723427,-0.06746055388709996,0.014228378133548127,9.330121408204368e-05,True
p2p-Gnutella08,spread_resid,3,buffer_b1,control_b1,10,False,,scored,0.3481844537634778,0.3923672555609704,-0.04418280179749259,0.013225028269732436,0.0002755779428580344,True
p2p-Gnutella08,spread_resid,3,buffer_measured,control_measured,10,False,,scored,0.23629023724303105,0.3428568431852428,-0.10656660594221168,0.03831890722275211,-1.8513728087976503e-05,True
p2p-Gnutella08,betweenness,0,buffer_b1,region,10,False,,scored,0.8720103712727575,0.8823810841673208,-0.010370712894563284,0.004393863351739249,1.7568582667382494e-05,True
p2p-Gnutella08,betweenness,0,control_b1,region,10,False,,scored,0.8832082412858476,0.8823810841673208,0.0008271571185269666,0.0013863218632472582,6.963220715512568e-06,False
p2p-Gnutella08,betweenness,0,buffer_measured,region,10,False,,unscored_incomplete_or_infeasible,,,,,,False
p2p-Gnutella08,betweenness,0,control_measured,region,10,False,,unscored_incomplete_or_infeasible,,,,,,False
p2p-Gnutella08,betweenness,0,buffer_b1,control_b1,10,False,,scored,0.8720103712727575,0.8832082412858476,-0.01119787001309025,0.004269750125858515,1.8385432135458518e-05,True
p2p-Gnutella08,betweenness,0,buffer_measured,control_measured,10,False,,unscored_incomplete_or_infeasible,,,,,,False
p2p-Gnutella08,betweenness,1,buffer_b1,region,10,False,,scored,0.8993018528396648,0.919181129092171,-0.01987927625250623,0.008945036539798761,1.7130047619613815e-05,True
p2p-Gnutella08,betweenness,1,control_b1,region,10,False,,scored,0.9177155743436248,0.919181129092171,-0.001465554748546105,0.005217605974826454,2.701544507435079e-05,False
p2p-Gnutella08,betweenness,1,buffer_measured,region,10,False,,unscored_incomplete_or_infeasible,,,,,,False
p2p-Gnutella08,betweenness,1,control_measured,region,10,False,,unscored_incomplete_or_infeasible,,,,,,False
p2p-Gnutella08,betweenness,1,buffer_b1,control_b1,10,False,,scored,0.8993018528396648,0.9177155743436248,-0.018413721503960125,0.006803619071911232,4.320913590986891e-06,True
p2p-Gnutella08,betweenness,1,buffer_measured,control_measured,10,False,,unscored_incomplete_or_infeasible,,,,,,False
p2p-Gnutella08,betweenness,2,buffer_b1,region,10,False,,scored,0.9067476885023049,0.9312544745539938,-0.024506786051689145,0.008662435356147032,7.778178832474446e-06,True
p2p-Gnutella08,betweenness,2,control_b1,region,10,False,,scored,0.9272958616532989,0.9312544745539938,-0.003958612900695091,0.0006729020702609153,5.6760014847546585e-05,True
p2p-Gnutella08,betweenness,2,buffer_measured,region,10,False,,unscored_incomplete_or_infeasible,,,,,,False
p2p-Gnutella08,betweenness,2,control_measured,region,10,False,,unscored_incomplete_or_infeasible,,,,,,False
p2p-Gnutella08,betweenness,2,buffer_b1,control_b1,10,False,,scored,0.9067476885023049,0.9272958616532989,-0.020548173150994054,0.008871995429499574,8.087042047798026e-06,True
p2p-Gnutella08,betweenness,2,buffer_measured,control_measured,10,False,,unscored_incomplete_or_infeasible,,,,,,False
p2p-Gnutella08,betweenness,3,buffer_b1,region,10,False,,scored,0.9080082480820655,0.9340793063073851,-0.02607105822531952,0.008596596484634494,6.7741127679266425e-06,True
p2p-Gnutella08,betweenness,3,control_b1,region,10,False,,scored,0.9292753132597131,0.9340793063073851,-0.004803993047671873,0.002032589649389542,4.184434421947497e-05,True
p2p-Gnutella08,betweenness,3,buffer_measured,region,10,False,,unscored_incomplete_or_infeasible,,,,,,False
p2p-Gnutella08,betweenness,3,control_measured,region,10,False,,unscored_incomplete_or_infeasible,,,,,,False
p2p-Gnutella08,betweenness,3,buffer_b1,control_b1,10,False,,scored,0.9080082480820655,0.9292753132597131,-0.021267065177647648,0.007290872475641798,6.653103537005326e-06,True
p2p-Gnutella08,betweenness,3,buffer_measured,control_measured,10,False,,unscored_incomplete_or_infeasible,,,,,,False
