network,target,radius,reference,geometry,n_seeds,mean_kendall_tau,sd_kendall_tau,source_path,source_sha256,reported_objective
ca-GrQc,spread_mean,0,reported_random_cv,separate_reference_different_split_geometry_random_kfold_vs_bfs_region,10,0.7807089014473285,0.0018679975394416907,sweep_ca-GrQc.csv,00adf5312c3fe8b630836072b84943dee57eb2ff834c93c6238d9e515a0c274c,reported_root
ca-GrQc,spread_mean,1,reported_random_cv,separate_reference_different_split_geometry_random_kfold_vs_bfs_region,10,0.9073216195674989,0.0006404816201310537,sweep_ca-GrQc.csv,00adf5312c3fe8b630836072b84943dee57eb2ff834c93c6238d9e515a0c274c,reported_root
ca-GrQc,spread_mean,2,reported_random_cv,separate_reference_different_split_geometry_random_kfold_vs_bfs_region,10,0.9415970056788783,0.0004264220314245315,sweep_ca-GrQc.csv,00adf5312c3fe8b630836072b84943dee57eb2ff834c93c6238d9e515a0c274c,reported_root
ca-GrQc,spread_mean,3,reported_random_cv,separate_reference_different_split_geometry_random_kfold_vs_bfs_region,10,0.9441058999132922,0.00039563655470582396,sweep_ca-GrQc.csv,00adf5312c3fe8b630836072b84943dee57eb2ff834c93c6238d9e515a0c274c,reported_root
ca-GrQc,spread_cv,0,reported_random_cv,separate_reference_different_split_geometry_random_kfold_vs_bfs_region,10,0.4598090239119773,0.0018778027566610002,sweep_ca-GrQc.csv,00adf5312c3fe8b630836072b84943dee57eb2ff834c93c6238d9e515a0c274c,reported_root
ca-GrQc,spread_cv,1,reported_random_cv,separate_reference_different_split_geometry_random_kfold_vs_bfs_region,10,0.6719889049172268,0.0020998673649829432,sweep_ca-GrQc.csv,00adf5312c3fe8b630836072b84943dee57eb2ff834c93c6238d9e515a0c274c,reported_root
ca-GrQc,spread_cv,2,reported_random_cv,separate_reference_different_split_geometry_random_kfold_vs_bfs_region,10,0.8045312218080568,0.0018243555982819302,sweep_ca-GrQc.csv,00adf5312c3fe8b630836072b84943dee57eb2ff834c93c6238d9e515a0c274c,reported_root
ca-GrQc,spread_cv,3,reported_random_cv,separate_reference_different_split_geometry_random_kfold_vs_bfs_region,10,0.8204659989064356,0.0016508897572101592,sweep_ca-GrQc.csv,00adf5312c3fe8b630836072b84943dee57eb2ff834c93c6238d9e515a0c274c,reported_root
ca-GrQc,spread_resid,0,reported_random_cv,separate_reference_different_split_geometry_random_kfold_vs_bfs_region,10,0.22397466594772153,0.002778929883494742,sweep_ca-GrQc.csv,00adf5312c3fe8b630836072b84943dee57eb2ff834c93c6238d9e515a0c274c,reported_root
ca-GrQc,spread_resid,1,reported_random_cv,separate_reference_different_split_geometry_random_kfold_vs_bfs_region,10,0.4985165799617935,0.0025214067187109483,sweep_ca-GrQc.csv,00adf5312c3fe8b630836072b84943dee57eb2ff834c93c6238d9e515a0c274c,reported_root
ca-GrQc,spread_resid,2,reported_random_cv,separate_reference_different_split_geometry_random_kfold_vs_bfs_region,10,0.6521969519125476,0.0015064565028665934,sweep_ca-GrQc.csv,00adf5312c3fe8b630836072b84943dee57eb2ff834c93c6238d9e515a0c274c,reported_root
ca-GrQc,spread_resid,3,reported_random_cv,separate_reference_different_split_geometry_random_kfold_vs_bfs_region,10,0.6716422130064363,0.0019298077279872568,sweep_ca-GrQc.csv,00adf5312c3fe8b630836072b84943dee57eb2ff834c93c6238d9e515a0c274c,reported_root
ca-GrQc,betweenness,0,reported_random_cv,separate_reference_different_split_geometry_random_kfold_vs_bfs_region,10,0.5559535041092439,0.0009263172884527021,estimators/sweep_ca-GrQc__rf_log1p.csv,3f8439e8efffe87c36630d8e66683a4b904891b2b9373243c26a5ccfda4274d8,rf_log1p
ca-GrQc,betweenness,1,reported_random_cv,separate_reference_different_split_geometry_random_kfold_vs_bfs_region,10,0.9197280085754482,0.0009819193212738514,estimators/sweep_ca-GrQc__rf_log1p.csv,3f8439e8efffe87c36630d8e66683a4b904891b2b9373243c26a5ccfda4274d8,rf_log1p
ca-GrQc,betweenness,2,reported_random_cv,separate_reference_different_split_geometry_random_kfold_vs_bfs_region,10,0.9288352002765599,0.0012258095558761771,estimators/sweep_ca-GrQc__rf_log1p.csv,3f8439e8efffe87c36630d8e66683a4b904891b2b9373243c26a5ccfda4274d8,rf_log1p
ca-GrQc,betweenness,3,reported_random_cv,separate_reference_different_split_geometry_random_kfold_vs_bfs_region,10,0.9283160536624493,0.0014154094452681872,estimators/sweep_ca-GrQc__rf_log1p.csv,3f8439e8efffe87c36630d8e66683a4b904891b2b9373243c26a5ccfda4274d8,rf_log1p
ca-HepTh,spread_mean,0,reported_random_cv,separate_reference_different_split_geometry_random_kfold_vs_bfs_region,10,0.722752143304844,0.000700702730055015,sweep_ca-HepTh.csv,768e668102e97fa7c72e9615f931d6859671ba70a76a9547efcc030b737e7465,reported_root
ca-HepTh,spread_mean,1,reported_random_cv,separate_reference_different_split_geometry_random_kfold_vs_bfs_region,10,0.8966114409256237,0.0004066708041225452,sweep_ca-HepTh.csv,768e668102e97fa7c72e9615f931d6859671ba70a76a9547efcc030b737e7465,reported_root
ca-HepTh,spread_mean,2,reported_random_cv,separate_reference_different_split_geometry_random_kfold_vs_bfs_region,10,0.9460511617188864,0.00018138298712804945,sweep_ca-HepTh.csv,768e668102e97fa7c72e9615f931d6859671ba70a76a9547efcc030b737e7465,reported_root
ca-HepTh,spread_mean,3,reported_random_cv,separate_reference_different_split_geometry_random_kfold_vs_bfs_region,10,0.9507933791568407,0.00023866970379472787,sweep_ca-HepTh.csv,768e668102e97fa7c72e9615f931d6859671ba70a76a9547efcc030b737e7465,reported_root
ca-HepTh,spread_cv,0,reported_random_cv,separate_reference_different_split_geometry_random_kfold_vs_bfs_region,10,0.32816212770465936,0.0007657186290826639,sweep_ca-HepTh.csv,768e668102e97fa7c72e9615f931d6859671ba70a76a9547efcc030b737e7465,reported_root
ca-HepTh,spread_cv,1,reported_random_cv,separate_reference_different_split_geometry_random_kfold_vs_bfs_region,10,0.6565758510294171,0.0011803276676939185,sweep_ca-HepTh.csv,768e668102e97fa7c72e9615f931d6859671ba70a76a9547efcc030b737e7465,reported_root
ca-HepTh,spread_cv,2,reported_random_cv,separate_reference_different_split_geometry_random_kfold_vs_bfs_region,10,0.8000467121778767,0.0006906837809986714,sweep_ca-HepTh.csv,768e668102e97fa7c72e9615f931d6859671ba70a76a9547efcc030b737e7465,reported_root
ca-HepTh,spread_cv,3,reported_random_cv,separate_reference_different_split_geometry_random_kfold_vs_bfs_region,10,0.8219178214854377,0.00042937705054301443,sweep_ca-HepTh.csv,768e668102e97fa7c72e9615f931d6859671ba70a76a9547efcc030b737e7465,reported_root
ca-HepTh,spread_resid,0,reported_random_cv,separate_reference_different_split_geometry_random_kfold_vs_bfs_region,10,0.28696684527146016,0.0005301898304912396,sweep_ca-HepTh.csv,768e668102e97fa7c72e9615f931d6859671ba70a76a9547efcc030b737e7465,reported_root
ca-HepTh,spread_resid,1,reported_random_cv,separate_reference_different_split_geometry_random_kfold_vs_bfs_region,10,0.5341009578681429,0.0010941891955978732,sweep_ca-HepTh.csv,768e668102e97fa7c72e9615f931d6859671ba70a76a9547efcc030b737e7465,reported_root
ca-HepTh,spread_resid,2,reported_random_cv,separate_reference_different_split_geometry_random_kfold_vs_bfs_region,10,0.6930147390285802,0.0013179526170469294,sweep_ca-HepTh.csv,768e668102e97fa7c72e9615f931d6859671ba70a76a9547efcc030b737e7465,reported_root
ca-HepTh,spread_resid,3,reported_random_cv,separate_reference_different_split_geometry_random_kfold_vs_bfs_region,10,0.7191462620458147,0.0004845723980187843,sweep_ca-HepTh.csv,768e668102e97fa7c72e9615f931d6859671ba70a76a9547efcc030b737e7465,reported_root
ca-HepTh,betweenness,0,reported_random_cv,separate_reference_different_split_geometry_random_kfold_vs_bfs_region,10,0.6610982990849174,0.0006336270367460694,estimators/sweep_ca-HepTh__rf_log1p.csv,44cae6527f0910d16b38e2487a4b4967caa70eca8a4a8af12f8d8ed7b609dec9,rf_log1p
ca-HepTh,betweenness,1,reported_random_cv,separate_reference_different_split_geometry_random_kfold_vs_bfs_region,10,0.9023502701605202,0.00033490899408019053,estimators/sweep_ca-HepTh__rf_log1p.csv,44cae6527f0910d16b38e2487a4b4967caa70eca8a4a8af12f8d8ed7b609dec9,rf_log1p
ca-HepTh,betweenness,2,reported_random_cv,separate_reference_different_split_geometry_random_kfold_vs_bfs_region,10,0.9192708190430283,0.00036795936088357883,estimators/sweep_ca-HepTh__rf_log1p.csv,44cae6527f0910d16b38e2487a4b4967caa70eca8a4a8af12f8d8ed7b609dec9,rf_log1p
ca-HepTh,betweenness,3,reported_random_cv,separate_reference_different_split_geometry_random_kfold_vs_bfs_region,10,0.9199332804729068,0.0003058176838635668,estimators/sweep_ca-HepTh__rf_log1p.csv,44cae6527f0910d16b38e2487a4b4967caa70eca8a4a8af12f8d8ed7b609dec9,rf_log1p
email-Eu-core,spread_mean,0,reported_random_cv,separate_reference_different_split_geometry_random_kfold_vs_bfs_region,10,0.8618939364521212,0.0011716915216415465,sweep_email-Eu-core.csv,994972db224b893cb57c9841bd18b226cba1f01d6e737ac75c78c4853cc2a96e,reported_root
email-Eu-core,spread_mean,1,reported_random_cv,separate_reference_different_split_geometry_random_kfold_vs_bfs_region,10,0.9569942184100736,0.0003118331674019568,sweep_email-Eu-core.csv,994972db224b893cb57c9841bd18b226cba1f01d6e737ac75c78c4853cc2a96e,reported_root
email-Eu-core,spread_mean,2,reported_random_cv,separate_reference_different_split_geometry_random_kfold_vs_bfs_region,10,0.9637310374938156,0.0005093212541793527,sweep_email-Eu-core.csv,994972db224b893cb57c9841bd18b226cba1f01d6e737ac75c78c4853cc2a96e,reported_root
email-Eu-core,spread_mean,3,reported_random_cv,separate_reference_different_split_geometry_random_kfold_vs_bfs_region,10,0.9686552433156306,0.00031924178431166396,sweep_email-Eu-core.csv,994972db224b893cb57c9841bd18b226cba1f01d6e737ac75c78c4853cc2a96e,reported_root
email-Eu-core,spread_cv,0,reported_random_cv,separate_reference_different_split_geometry_random_kfold_vs_bfs_region,10,0.8563252795331628,0.0011919293316779308,sweep_email-Eu-core.csv,994972db224b893cb57c9841bd18b226cba1f01d6e737ac75c78c4853cc2a96e,reported_root
email-Eu-core,spread_cv,1,reported_random_cv,separate_reference_different_split_geometry_random_kfold_vs_bfs_region,10,0.9495345369807542,0.0008171227690914042,sweep_email-Eu-core.csv,994972db224b893cb57c9841bd18b226cba1f01d6e737ac75c78c4853cc2a96e,reported_root
email-Eu-core,spread_cv,2,reported_random_cv,separate_reference_different_split_geometry_random_kfold_vs_bfs_region,10,0.9574280639777143,0.0008763012527900053,sweep_email-Eu-core.csv,994972db224b893cb57c9841bd18b226cba1f01d6e737ac75c78c4853cc2a96e,reported_root
email-Eu-core,spread_cv,3,reported_random_cv,separate_reference_different_split_geometry_random_kfold_vs_bfs_region,10,0.9629058051082188,0.0005730508254013509,sweep_email-Eu-core.csv,994972db224b893cb57c9841bd18b226cba1f01d6e737ac75c78c4853cc2a96e,reported_root
email-Eu-core,spread_resid,0,reported_random_cv,separate_reference_different_split_geometry_random_kfold_vs_bfs_region,10,0.031204899026122924,0.012009865407944742,sweep_email-Eu-core.csv,994972db224b893cb57c9841bd18b226cba1f01d6e737ac75c78c4853cc2a96e,reported_root
email-Eu-core,spread_resid,1,reported_random_cv,separate_reference_different_split_geometry_random_kfold_vs_bfs_region,10,0.05525461871536476,0.016438853106834992,sweep_email-Eu-core.csv,994972db224b893cb57c9841bd18b226cba1f01d6e737ac75c78c4853cc2a96e,reported_root
email-Eu-core,spread_resid,2,reported_random_cv,separate_reference_different_split_geometry_random_kfold_vs_bfs_region,10,0.09723713113560836,0.013530071539109895,sweep_email-Eu-core.csv,994972db224b893cb57c9841bd18b226cba1f01d6e737ac75c78c4853cc2a96e,reported_root
email-Eu-core,spread_resid,3,reported_random_cv,separate_reference_different_split_geometry_random_kfold_vs_bfs_region,10,0.07993361869893527,0.011972971557596933,sweep_email-Eu-core.csv,994972db224b893cb57c9841bd18b226cba1f01d6e737ac75c78c4853cc2a96e,reported_root
email-Eu-core,betweenness,0,reported_random_cv,separate_reference_different_split_geometry_random_kfold_vs_bfs_region,10,0.7830943431823421,0.0019687933729442488,estimators/sweep_email-Eu-core__rf_log1p.csv,61e37310f9fc8c4de4a816d02f9ae2d4948faf4c1f6e8de2bf2cf9a15dfbe4e7,rf_log1p
email-Eu-core,betweenness,1,reported_random_cv,separate_reference_different_split_geometry_random_kfold_vs_bfs_region,10,0.9078094874115467,0.0017216244008434343,estimators/sweep_email-Eu-core__rf_log1p.csv,61e37310f9fc8c4de4a816d02f9ae2d4948faf4c1f6e8de2bf2cf9a15dfbe4e7,rf_log1p
email-Eu-core,betweenness,2,reported_random_cv,separate_reference_different_split_geometry_random_kfold_vs_bfs_region,10,0.9131388112870727,0.0016850921333672914,estimators/sweep_email-Eu-core__rf_log1p.csv,61e37310f9fc8c4de4a816d02f9ae2d4948faf4c1f6e8de2bf2cf9a15dfbe4e7,rf_log1p
email-Eu-core,betweenness,3,reported_random_cv,separate_reference_different_split_geometry_random_kfold_vs_bfs_region,10,0.9133538029570907,0.0015883091104834583,estimators/sweep_email-Eu-core__rf_log1p.csv,61e37310f9fc8c4de4a816d02f9ae2d4948faf4c1f6e8de2bf2cf9a15dfbe4e7,rf_log1p
facebook_combined,spread_mean,0,reported_random_cv,separate_reference_different_split_geometry_random_kfold_vs_bfs_region,10,0.6705005365961803,0.0012809806641883264,sweep_facebook_combined.csv,fe89fbc757f3c3f46db6c59002439e065a280293c67c4995eb55c9cc84aaab74,reported_root
facebook_combined,spread_mean,1,reported_random_cv,separate_reference_different_split_geometry_random_kfold_vs_bfs_region,10,0.9453245723180451,0.0004889405452710162,sweep_facebook_combined.csv,fe89fbc757f3c3f46db6c59002439e065a280293c67c4995eb55c9cc84aaab74,reported_root
facebook_combined,spread_mean,2,reported_random_cv,separate_reference_different_split_geometry_random_kfold_vs_bfs_region,10,0.9573765667465597,0.0004294814450311309,sweep_facebook_combined.csv,fe89fbc757f3c3f46db6c59002439e065a280293c67c4995eb55c9cc84aaab74,reported_root
facebook_combined,spread_mean,3,reported_random_cv,separate_reference_different_split_geometry_random_kfold_vs_bfs_region,10,0.9586226349398658,0.00035269091176708107,sweep_facebook_combined.csv,fe89fbc757f3c3f46db6c59002439e065a280293c67c4995eb55c9cc84aaab74,reported_root
facebook_combined,spread_cv,0,reported_random_cv,separate_reference_different_split_geometry_random_kfold_vs_bfs_region,10,0.14377403710250194,0.004471736976043752,sweep_facebook_combined.csv,fe89fbc757f3c3f46db6c59002439e065a280293c67c4995eb55c9cc84aaab74,reported_root
facebook_combined,spread_cv,1,reported_random_cv,separate_reference_different_split_geometry_random_kfold_vs_bfs_region,10,0.8272797061822266,0.001373943883830262,sweep_facebook_combined.csv,fe89fbc757f3c3f46db6c59002439e065a280293c67c4995eb55c9cc84aaab74,reported_root
facebook_combined,spread_cv,2,reported_random_cv,separate_reference_different_split_geometry_random_kfold_vs_bfs_region,10,0.8363831540989844,0.0015225408255893642,sweep_facebook_combined.csv,fe89fbc757f3c3f46db6c59002439e065a280293c67c4995eb55c9cc84aaab74,reported_root
facebook_combined,spread_cv,3,reported_random_cv,separate_reference_different_split_geometry_random_kfold_vs_bfs_region,10,0.8360241283624552,0.001110091571019503,sweep_facebook_combined.csv,fe89fbc757f3c3f46db6c59002439e065a280293c67c4995eb55c9cc84aaab74,reported_root
facebook_combined,spread_resid,0,reported_random_cv,separate_reference_different_split_geometry_random_kfold_vs_bfs_region,10,0.30003384276159234,0.002616722848966844,sweep_facebook_combined.csv,fe89fbc757f3c3f46db6c59002439e065a280293c67c4995eb55c9cc84aaab74,reported_root
facebook_combined,spread_resid,1,reported_random_cv,separate_reference_different_split_geometry_random_kfold_vs_bfs_region,10,0.7177309943004829,0.0027927262499504975,sweep_facebook_combined.csv,fe89fbc757f3c3f46db6c59002439e065a280293c67c4995eb55c9cc84aaab74,reported_root
facebook_combined,spread_resid,2,reported_random_cv,separate_reference_different_split_geometry_random_kfold_vs_bfs_region,10,0.7363706788128861,0.0020152457714492163,sweep_facebook_combined.csv,fe89fbc757f3c3f46db6c59002439e065a280293c67c4995eb55c9cc84aaab74,reported_root
facebook_combined,spread_resid,3,reported_random_cv,separate_reference_different_split_geometry_random_kfold_vs_bfs_region,10,0.7376097874974766,0.0017352960656787297,sweep_facebook_combined.csv,fe89fbc757f3c3f46db6c59002439e065a280293c67c4995eb55c9cc84aaab74,reported_root
facebook_combined,betweenness,0,reported_random_cv,separate_reference_different_split_geometry_random_kfold_vs_bfs_region,10,0.5943929016088793,0.0010024506560755734,estimators/sweep_facebook_combined__rf_log1p.csv,db0bc726a83530d8edb8f816adf9ef1758de01ef02c3eda343c9f844bf823e4a,rf_log1p
facebook_combined,betweenness,1,reported_random_cv,separate_reference_different_split_geometry_random_kfold_vs_bfs_region,10,0.809548814122339,0.0015166589210207034,estimators/sweep_facebook_combined__rf_log1p.csv,db0bc726a83530d8edb8f816adf9ef1758de01ef02c3eda343c9f844bf823e4a,rf_log1p
facebook_combined,betweenness,2,reported_random_cv,separate_reference_different_split_geometry_random_kfold_vs_bfs_region,10,0.923280414790186,0.0008823918192271962,estimators/sweep_facebook_combined__rf_log1p.csv,db0bc726a83530d8edb8f816adf9ef1758de01ef02c3eda343c9f844bf823e4a,rf_log1p
facebook_combined,betweenness,3,reported_random_cv,separate_reference_different_split_geometry_random_kfold_vs_bfs_region,10,0.9302724081464175,0.000822989493378385,estimators/sweep_facebook_combined__rf_log1p.csv,db0bc726a83530d8edb8f816adf9ef1758de01ef02c3eda343c9f844bf823e4a,rf_log1p
p2p-Gnutella08,spread_mean,0,reported_random_cv,separate_reference_different_split_geometry_random_kfold_vs_bfs_region,10,0.6705169606820092,0.0012258662826586302,sweep_p2p-Gnutella08.csv,daa573159124e7854d2f03e9d8e51e2de483da9c20e0a19d2c3616df3fd1ea77,reported_root
p2p-Gnutella08,spread_mean,1,reported_random_cv,separate_reference_different_split_geometry_random_kfold_vs_bfs_region,10,0.792795546821003,0.0009492911284062493,sweep_p2p-Gnutella08.csv,daa573159124e7854d2f03e9d8e51e2de483da9c20e0a19d2c3616df3fd1ea77,reported_root
p2p-Gnutella08,spread_mean,2,reported_random_cv,separate_reference_different_split_geometry_random_kfold_vs_bfs_region,10,0.8867165559952582,0.0006702386810360487,sweep_p2p-Gnutella08.csv,daa573159124e7854d2f03e9d8e51e2de483da9c20e0a19d2c3616df3fd1ea77,reported_root
p2p-Gnutella08,spread_mean,3,reported_random_cv,separate_reference_different_split_geometry_random_kfold_vs_bfs_region,10,0.915964798456327,0.0002849696040798208,sweep_p2p-Gnutella08.csv,daa573159124e7854d2f03e9d8e51e2de483da9c20e0a19d2c3616df3fd1ea77,reported_root
p2p-Gnutella08,spread_cv,0,reported_random_cv,separate_reference_different_split_geometry_random_kfold_vs_bfs_region,10,0.4560310528058637,0.0011289583201593862,sweep_p2p-Gnutella08.csv,daa573159124e7854d2f03e9d8e51e2de483da9c20e0a19d2c3616df3fd1ea77,reported_root
p2p-Gnutella08,spread_cv,1,reported_random_cv,separate_reference_different_split_geometry_random_kfold_vs_bfs_region,10,0.5848758705989902,0.0017410516820007475,sweep_p2p-Gnutella08.csv,daa573159124e7854d2f03e9d8e51e2de483da9c20e0a19d2c3616df3fd1ea77,reported_root
p2p-Gnutella08,spread_cv,2,reported_random_cv,separate_reference_different_split_geometry_random_kfold_vs_bfs_region,10,0.7182059187156427,0.0022863234166854707,sweep_p2p-Gnutella08.csv,daa573159124e7854d2f03e9d8e51e2de483da9c20e0a19d2c3616df3fd1ea77,reported_root
p2p-Gnutella08,spread_cv,3,reported_random_cv,separate_reference_different_split_geometry_random_kfold_vs_bfs_region,10,0.7793019911592466,0.0009781916956124572,sweep_p2p-Gnutella08.csv,daa573159124e7854d2f03e9d8e51e2de483da9c20e0a19d2c3616df3fd1ea77,reported_root
p2p-Gnutella08,spread_resid,0,reported_random_cv,separate_reference_different_split_geometry_random_kfold_vs_bfs_region,10,0.1392655432755589,0.0030303092359629537,sweep_p2p-Gnutella08.csv,daa573159124e7854d2f03e9d8e51e2de483da9c20e0a19d2c3616df3fd1ea77,reported_root
p2p-Gnutella08,spread_resid,1,reported_random_cv,separate_reference_different_split_geometry_random_kfold_vs_bfs_region,10,0.2497640658149559,0.003980189985814398,sweep_p2p-Gnutella08.csv,daa573159124e7854d2f03e9d8e51e2de483da9c20e0a19d2c3616df3fd1ea77,reported_root
p2p-Gnutella08,spread_resid,2,reported_random_cv,separate_reference_different_split_geometry_random_kfold_vs_bfs_region,10,0.3729117705690554,0.0024443442656766692,sweep_p2p-Gnutella08.csv,daa573159124e7854d2f03e9d8e51e2de483da9c20e0a19d2c3616df3fd1ea77,reported_root
p2p-Gnutella08,spread_resid,3,reported_random_cv,separate_reference_different_split_geometry_random_kfold_vs_bfs_region,10,0.4371554333616471,0.0030488715674962083,sweep_p2p-Gnutella08.csv,daa573159124e7854d2f03e9d8e51e2de483da9c20e0a19d2c3616df3fd1ea77,reported_root
p2p-Gnutella08,betweenness,0,reported_random_cv,separate_reference_different_split_geometry_random_kfold_vs_bfs_region,10,0.8848150630038015,0.0003602744402334089,estimators/sweep_p2p-Gnutella08__rf_log1p.csv,1a7c3362085e56df4363e7bfd18fdcc74ab4f595aa4eb76ccd6d525507468b34,rf_log1p
p2p-Gnutella08,betweenness,1,reported_random_cv,separate_reference_different_split_geometry_random_kfold_vs_bfs_region,10,0.9234669312997529,0.00042696941601399417,estimators/sweep_p2p-Gnutella08__rf_log1p.csv,1a7c3362085e56df4363e7bfd18fdcc74ab4f595aa4eb76ccd6d525507468b34,rf_log1p
p2p-Gnutella08,betweenness,2,reported_random_cv,separate_reference_different_split_geometry_random_kfold_vs_bfs_region,10,0.9356772774176376,0.0003809630186240771,estimators/sweep_p2p-Gnutella08__rf_log1p.csv,1a7c3362085e56df4363e7bfd18fdcc74ab4f595aa4eb76ccd6d525507468b34,rf_log1p
p2p-Gnutella08,betweenness,3,reported_random_cv,separate_reference_different_split_geometry_random_kfold_vs_bfs_region,10,0.9387128868238033,0.0003712939469324163,estimators/sweep_p2p-Gnutella08__rf_log1p.csv,1a7c3362085e56df4363e7bfd18fdcc74ab4f595aa4eb76ccd6d525507468b34,rf_log1p
