network,target,radius,tier,rep,tau_refit,n_features,configuration_sha256,resample_sha256,row_sha256
ca-GrQc,spread_mean,0,node+edge+subgraph,0,0.7784689399643901,2,73e441951b502e96f42e349e93ad094ac0d5e108e1796881d939fc8b972a18c3,8e79a587d27ce28ec9eceec859a8471a1afd5e0a372fb9ff57ee1a9e32209739,1cb66a7c892700338124ccc4f78d54d152d4b4a39338c3fac1ce13a10d1aafe9
ca-GrQc,spread_mean,1,node+edge+subgraph,0,0.8959511796719366,56,73e441951b502e96f42e349e93ad094ac0d5e108e1796881d939fc8b972a18c3,8e79a587d27ce28ec9eceec859a8471a1afd5e0a372fb9ff57ee1a9e32209739,0ae8eb69bafa2a4df6bbab5dbc565104b86e5f8b033af20e88b1ebecb6f012d4
ca-GrQc,spread_mean,2,node+edge+subgraph,0,0.9236575283475617,144,73e441951b502e96f42e349e93ad094ac0d5e108e1796881d939fc8b972a18c3,8e79a587d27ce28ec9eceec859a8471a1afd5e0a372fb9ff57ee1a9e32209739,5111d179461a81f836ff62454621a96a30381104a1808a05b57e95cb6779309d
ca-GrQc,spread_mean,3,node+edge+subgraph,0,0.9256742033212296,168,73e441951b502e96f42e349e93ad094ac0d5e108e1796881d939fc8b972a18c3,8e79a587d27ce28ec9eceec859a8471a1afd5e0a372fb9ff57ee1a9e32209739,c4ad1b80f1eaf1904f5a3e35cdb3a319f0b2f8ce651965a862a82a730b7b62d4
ca-GrQc,spread_cv,0,node+edge+subgraph,0,0.47503032185098926,2,73e441951b502e96f42e349e93ad094ac0d5e108e1796881d939fc8b972a18c3,8e79a587d27ce28ec9eceec859a8471a1afd5e0a372fb9ff57ee1a9e32209739,56118f7b68c34ccc8a001fc05eb0d04a335a64a9d6f4ad1bf40b3d395b2e339e
ca-GrQc,spread_cv,1,node+edge+subgraph,0,0.6783416193091815,56,73e441951b502e96f42e349e93ad094ac0d5e108e1796881d939fc8b972a18c3,8e79a587d27ce28ec9eceec859a8471a1afd5e0a372fb9ff57ee1a9e32209739,0baa6dc2c3d2e8badc47de2c43f140ceaf35752057fb77358a4524de058863e5
ca-GrQc,spread_cv,2,node+edge+subgraph,0,0.8015593179917025,144,73e441951b502e96f42e349e93ad094ac0d5e108e1796881d939fc8b972a18c3,8e79a587d27ce28ec9eceec859a8471a1afd5e0a372fb9ff57ee1a9e32209739,34ff9c592a2e725a7f1c513701f4ac0ab3ddf392f56bbc8b2603d6e29bfe9835
ca-GrQc,spread_cv,3,node+edge+subgraph,0,0.8134749485931108,168,73e441951b502e96f42e349e93ad094ac0d5e108e1796881d939fc8b972a18c3,8e79a587d27ce28ec9eceec859a8471a1afd5e0a372fb9ff57ee1a9e32209739,04e7e5796e55e6abcf747bb94572d4f42ff56cdb1b9b801eb1f5c085bf83cd74
ca-GrQc,spread_resid,0,node+edge+subgraph,0,0.21299279703734336,2,73e441951b502e96f42e349e93ad094ac0d5e108e1796881d939fc8b972a18c3,8e79a587d27ce28ec9eceec859a8471a1afd5e0a372fb9ff57ee1a9e32209739,43a4d475897142423fe3d6100ba650453ef54df22956994f86bb3ad371a83c89
ca-GrQc,spread_resid,1,node+edge+subgraph,0,0.5152927823602941,56,73e441951b502e96f42e349e93ad094ac0d5e108e1796881d939fc8b972a18c3,8e79a587d27ce28ec9eceec859a8471a1afd5e0a372fb9ff57ee1a9e32209739,be0b0d05c1030df684e045defdffd949139c4ff4970e5c800c4ad35542d8d942
ca-GrQc,spread_resid,2,node+edge+subgraph,0,0.6598630755981006,144,73e441951b502e96f42e349e93ad094ac0d5e108e1796881d939fc8b972a18c3,8e79a587d27ce28ec9eceec859a8471a1afd5e0a372fb9ff57ee1a9e32209739,77c783c4d84e2835b703bb009df2d9a7ad37f7892126900f5161851fceed05cf
ca-GrQc,spread_resid,3,node+edge+subgraph,0,0.6693022631958296,168,73e441951b502e96f42e349e93ad094ac0d5e108e1796881d939fc8b972a18c3,8e79a587d27ce28ec9eceec859a8471a1afd5e0a372fb9ff57ee1a9e32209739,c673cbd76f00dbea38c318d017d27ea650fb88e9d584bef515c7f1fc95cc008b
ca-GrQc,spread_mean,0,node+edge+subgraph,1,0.7795578977198083,2,73e441951b502e96f42e349e93ad094ac0d5e108e1796881d939fc8b972a18c3,37665736a38219e754b8ded64b3af877ff6b88adb0ea737f62b845a9fc5d0a24,135dbe90bc4614d85425f94b0400275bbc0b146b3812aa797fd51890e30d7fd1
ca-GrQc,spread_mean,1,node+edge+subgraph,1,0.8948551652693791,56,73e441951b502e96f42e349e93ad094ac0d5e108e1796881d939fc8b972a18c3,37665736a38219e754b8ded64b3af877ff6b88adb0ea737f62b845a9fc5d0a24,d381da75038d18ef616ee2dedb787681de5fd937b6bbc022e0cc5af2ff8805dd
ca-GrQc,spread_mean,2,node+edge+subgraph,1,0.9244207135659132,144,73e441951b502e96f42e349e93ad094ac0d5e108e1796881d939fc8b972a18c3,37665736a38219e754b8ded64b3af877ff6b88adb0ea737f62b845a9fc5d0a24,8078074fd29952fa053cda56100986a20dab643744f7b84f2ab6a05d7977d3e1
ca-GrQc,spread_mean,3,node+edge+subgraph,1,0.9257319835522737,168,73e441951b502e96f42e349e93ad094ac0d5e108e1796881d939fc8b972a18c3,37665736a38219e754b8ded64b3af877ff6b88adb0ea737f62b845a9fc5d0a24,0092a2fd96d9d77fdbf8d874472581b9d4be4c07c9b5dde6ba676c83a20bc502
ca-GrQc,spread_cv,0,node+edge+subgraph,1,0.4753559068911024,2,73e441951b502e96f42e349e93ad094ac0d5e108e1796881d939fc8b972a18c3,37665736a38219e754b8ded64b3af877ff6b88adb0ea737f62b845a9fc5d0a24,a83e37d0dc2d0b5f0d0ea8d92d4934080b818cb3c70c41f8cbea99dd58dd0332
ca-GrQc,spread_cv,1,node+edge+subgraph,1,0.6804901464397277,56,73e441951b502e96f42e349e93ad094ac0d5e108e1796881d939fc8b972a18c3,37665736a38219e754b8ded64b3af877ff6b88adb0ea737f62b845a9fc5d0a24,4d3bb5eb735f627aa4e954d6d8fea495ed19bbcedbdb437525a0f8a779ce3d5e
ca-GrQc,spread_cv,2,node+edge+subgraph,1,0.8001458443825414,144,73e441951b502e96f42e349e93ad094ac0d5e108e1796881d939fc8b972a18c3,37665736a38219e754b8ded64b3af877ff6b88adb0ea737f62b845a9fc5d0a24,f5db9f99f1a4a6badd2de747a7b37498b9d29b6085f8835a4b819c0f6beb2da5
ca-GrQc,spread_cv,3,node+edge+subgraph,1,0.8114596785992058,168,73e441951b502e96f42e349e93ad094ac0d5e108e1796881d939fc8b972a18c3,37665736a38219e754b8ded64b3af877ff6b88adb0ea737f62b845a9fc5d0a24,f85627300f200755c0b8e897c9cd289b38ca1acf693cb19cace4749fb8a990ce
ca-GrQc,spread_resid,0,node+edge+subgraph,1,0.20723001089374007,2,73e441951b502e96f42e349e93ad094ac0d5e108e1796881d939fc8b972a18c3,37665736a38219e754b8ded64b3af877ff6b88adb0ea737f62b845a9fc5d0a24,8ef460021396fae091cc619702dcb682e1789655b82bef1dc057ef357ec81a0e
ca-GrQc,spread_resid,1,node+edge+subgraph,1,0.5212237083536164,56,73e441951b502e96f42e349e93ad094ac0d5e108e1796881d939fc8b972a18c3,37665736a38219e754b8ded64b3af877ff6b88adb0ea737f62b845a9fc5d0a24,9e2acaf891b36f0b9f911ce26d8bbbdf990d8f048f24f6f8c0a35d4d738028ab
ca-GrQc,spread_resid,2,node+edge+subgraph,1,0.6645928995821306,144,73e441951b502e96f42e349e93ad094ac0d5e108e1796881d939fc8b972a18c3,37665736a38219e754b8ded64b3af877ff6b88adb0ea737f62b845a9fc5d0a24,9f440c1a6b0fed705525a54398832ecf7c73ee8c2ec99b18d11f79d8330dc804
ca-GrQc,spread_resid,3,node+edge+subgraph,1,0.6784836710948272,168,73e441951b502e96f42e349e93ad094ac0d5e108e1796881d939fc8b972a18c3,37665736a38219e754b8ded64b3af877ff6b88adb0ea737f62b845a9fc5d0a24,061fc956c28b1db81845a43f8737c0ba3ced3dc498c1174034c37cd4bcf65bd4
ca-HepTh,spread_mean,0,node+edge+subgraph,0,0.7209388393319854,2,73e441951b502e96f42e349e93ad094ac0d5e108e1796881d939fc8b972a18c3,8e79a587d27ce28ec9eceec859a8471a1afd5e0a372fb9ff57ee1a9e32209739,97b2eb95009c67e245509f3fec617fde725aa567f127f2de16cac606eac7ceb6
ca-HepTh,spread_mean,1,node+edge+subgraph,0,0.8885050467199385,56,73e441951b502e96f42e349e93ad094ac0d5e108e1796881d939fc8b972a18c3,8e79a587d27ce28ec9eceec859a8471a1afd5e0a372fb9ff57ee1a9e32209739,da31cb3c2de39cb71c160b6eb89d7d399b20c5841efa0d3371813427baa8a661
ca-HepTh,spread_mean,2,node+edge+subgraph,0,0.9304478728128519,144,73e441951b502e96f42e349e93ad094ac0d5e108e1796881d939fc8b972a18c3,8e79a587d27ce28ec9eceec859a8471a1afd5e0a372fb9ff57ee1a9e32209739,5142a44fb34bce9ba87729cdd79a4c1177eeb2d35eb8372edfbc3027c8e4777d
ca-HepTh,spread_mean,3,node+edge+subgraph,0,0.9334276102646076,168,73e441951b502e96f42e349e93ad094ac0d5e108e1796881d939fc8b972a18c3,8e79a587d27ce28ec9eceec859a8471a1afd5e0a372fb9ff57ee1a9e32209739,c22ab20427fadfc9b40ec084390af7b7d05a687f703b7965064e72b0ccc508f9
ca-HepTh,spread_cv,0,node+edge+subgraph,0,0.33329741957500975,2,73e441951b502e96f42e349e93ad094ac0d5e108e1796881d939fc8b972a18c3,8e79a587d27ce28ec9eceec859a8471a1afd5e0a372fb9ff57ee1a9e32209739,7942f676de8f8ba92b802b6329d7989ecf8422743d9a9c9e433a447e1047fdfc
ca-HepTh,spread_cv,1,node+edge+subgraph,0,0.6493647229906412,56,73e441951b502e96f42e349e93ad094ac0d5e108e1796881d939fc8b972a18c3,8e79a587d27ce28ec9eceec859a8471a1afd5e0a372fb9ff57ee1a9e32209739,e276ba0f888e468814d60a15f30f73e380ec907d595a8f1244c2f8d839e445ec
ca-HepTh,spread_cv,2,node+edge+subgraph,0,0.7762004045709305,144,73e441951b502e96f42e349e93ad094ac0d5e108e1796881d939fc8b972a18c3,8e79a587d27ce28ec9eceec859a8471a1afd5e0a372fb9ff57ee1a9e32209739,6a1bd27b94284a45beca8e483776c8b3bc69ca2dc69ae45205583fe40a28436c
ca-HepTh,spread_cv,3,node+edge+subgraph,0,0.7921442145553043,168,73e441951b502e96f42e349e93ad094ac0d5e108e1796881d939fc8b972a18c3,8e79a587d27ce28ec9eceec859a8471a1afd5e0a372fb9ff57ee1a9e32209739,3556a9dceec4d8087dd70f1b180f6b6d4ab4f1d4f3fdc7d4490eea998b0ba296
ca-HepTh,spread_resid,0,node+edge+subgraph,0,0.284348899148085,2,73e441951b502e96f42e349e93ad094ac0d5e108e1796881d939fc8b972a18c3,8e79a587d27ce28ec9eceec859a8471a1afd5e0a372fb9ff57ee1a9e32209739,f1c7c97281b13107c394f0726765b2871f5f5de92cb0cc522f6d21015fd640a2
ca-HepTh,spread_resid,1,node+edge+subgraph,0,0.5304755456022705,56,73e441951b502e96f42e349e93ad094ac0d5e108e1796881d939fc8b972a18c3,8e79a587d27ce28ec9eceec859a8471a1afd5e0a372fb9ff57ee1a9e32209739,952cb11dc0d92c73ff98814398b0f3b468befeca93a756e6ac1fcc0ed77dea65
ca-HepTh,spread_resid,2,node+edge+subgraph,0,0.6731057102907679,144,73e441951b502e96f42e349e93ad094ac0d5e108e1796881d939fc8b972a18c3,8e79a587d27ce28ec9eceec859a8471a1afd5e0a372fb9ff57ee1a9e32209739,981a17b0811af1b46f56d76270a8f3eabfbdde9c1f6983edb35face53e02f299
ca-HepTh,spread_resid,3,node+edge+subgraph,0,0.6922365677802712,168,73e441951b502e96f42e349e93ad094ac0d5e108e1796881d939fc8b972a18c3,8e79a587d27ce28ec9eceec859a8471a1afd5e0a372fb9ff57ee1a9e32209739,89cf18d0d233b01084a0ee3771f686b0cf6d5564e3684d30976fac7e8a9978e6
ca-HepTh,spread_mean,0,node+edge+subgraph,1,0.7210548285995891,2,73e441951b502e96f42e349e93ad094ac0d5e108e1796881d939fc8b972a18c3,37665736a38219e754b8ded64b3af877ff6b88adb0ea737f62b845a9fc5d0a24,21eab31d78fd98decd0565e2ce44570ea8aa7d23b150fb79ccd888db932a9ec8
ca-HepTh,spread_mean,1,node+edge+subgraph,1,0.888982071372818,56,73e441951b502e96f42e349e93ad094ac0d5e108e1796881d939fc8b972a18c3,37665736a38219e754b8ded64b3af877ff6b88adb0ea737f62b845a9fc5d0a24,0ce3e226776d970b84587279b2dfb9356fe53f090c51b53dadb358a5a41aaf43
ca-HepTh,spread_mean,2,node+edge+subgraph,1,0.9319590565618651,144,73e441951b502e96f42e349e93ad094ac0d5e108e1796881d939fc8b972a18c3,37665736a38219e754b8ded64b3af877ff6b88adb0ea737f62b845a9fc5d0a24,917cf2e93a5a23995b32af9846e576d3a0c84a30d276c20bce67c1d64bfa106c
ca-HepTh,spread_mean,3,node+edge+subgraph,1,0.9356624923992214,168,73e441951b502e96f42e349e93ad094ac0d5e108e1796881d939fc8b972a18c3,37665736a38219e754b8ded64b3af877ff6b88adb0ea737f62b845a9fc5d0a24,727a7bc3d5af5549c31dda5678a4707fe9150b6c7b4fa990fdf205a81f166e58
ca-HepTh,spread_cv,0,node+edge+subgraph,1,0.334613290957417,2,73e441951b502e96f42e349e93ad094ac0d5e108e1796881d939fc8b972a18c3,37665736a38219e754b8ded64b3af877ff6b88adb0ea737f62b845a9fc5d0a24,4d23348c3abffbb7dc299b054402f971de45cb511c0498f83ce82f420b49d0ba
ca-HepTh,spread_cv,1,node+edge+subgraph,1,0.6504945522103134,56,73e441951b502e96f42e349e93ad094ac0d5e108e1796881d939fc8b972a18c3,37665736a38219e754b8ded64b3af877ff6b88adb0ea737f62b845a9fc5d0a24,c7342deff32b03b77b16caec41ab6a836b273b6609acf7ea7a15b54d875d0865
ca-HepTh,spread_cv,2,node+edge+subgraph,1,0.7794173251196131,144,73e441951b502e96f42e349e93ad094ac0d5e108e1796881d939fc8b972a18c3,37665736a38219e754b8ded64b3af877ff6b88adb0ea737f62b845a9fc5d0a24,b3d011758090b6cf4b35e6de1777271a58d5be98d9427f815cef6e64c9b2096a
ca-HepTh,spread_cv,3,node+edge+subgraph,1,0.7963917198767788,168,73e441951b502e96f42e349e93ad094ac0d5e108e1796881d939fc8b972a18c3,37665736a38219e754b8ded64b3af877ff6b88adb0ea737f62b845a9fc5d0a24,b0044cb3c16c8071a8228ba758ee3fb26cce9f6df63348e8ece1f3d3449b9e68
ca-HepTh,spread_resid,0,node+edge+subgraph,1,0.27703395139854453,2,73e441951b502e96f42e349e93ad094ac0d5e108e1796881d939fc8b972a18c3,37665736a38219e754b8ded64b3af877ff6b88adb0ea737f62b845a9fc5d0a24,a3f7911ae575df5ec71e17eca952f80b0da3d214de490513a3966a016ce90ed7
ca-HepTh,spread_resid,1,node+edge+subgraph,1,0.5246498035317874,56,73e441951b502e96f42e349e93ad094ac0d5e108e1796881d939fc8b972a18c3,37665736a38219e754b8ded64b3af877ff6b88adb0ea737f62b845a9fc5d0a24,0d50908897dbf59fe3bd5615648e9ef9cc82e7b17153066ba6f625d98bcac926
ca-HepTh,spread_resid,2,node+edge+subgraph,1,0.6738221096788468,144,73e441951b502e96f42e349e93ad094ac0d5e108e1796881d939fc8b972a18c3,37665736a38219e754b8ded64b3af877ff6b88adb0ea737f62b845a9fc5d0a24,ac04f0e2a351e919d98b2aaa9d449ea70b0946047d7e50844986a222c9f806fa
ca-HepTh,spread_resid,3,node+edge+subgraph,1,0.6933786001653919,168,73e441951b502e96f42e349e93ad094ac0d5e108e1796881d939fc8b972a18c3,37665736a38219e754b8ded64b3af877ff6b88adb0ea737f62b845a9fc5d0a24,5ba7669206fed275aab1be656dfca926a28abe314bf8d2635755a667cf65db0a
email-Eu-core,spread_mean,0,node+edge+subgraph,0,0.8568385173080002,2,73e441951b502e96f42e349e93ad094ac0d5e108e1796881d939fc8b972a18c3,8e79a587d27ce28ec9eceec859a8471a1afd5e0a372fb9ff57ee1a9e32209739,396706b94bc3656778b5972cffbcaf7fefaaff120812bb75b6a80e16da9f3d92
email-Eu-core,spread_mean,1,node+edge+subgraph,0,0.9515814489091169,56,73e441951b502e96f42e349e93ad094ac0d5e108e1796881d939fc8b972a18c3,8e79a587d27ce28ec9eceec859a8471a1afd5e0a372fb9ff57ee1a9e32209739,6339a49e589ea254b0b374be9dd998d25e66d6d7908fe1fdaf2ad234655a1c08
email-Eu-core,spread_mean,2,node+edge+subgraph,0,0.9577677970205707,144,73e441951b502e96f42e349e93ad094ac0d5e108e1796881d939fc8b972a18c3,8e79a587d27ce28ec9eceec859a8471a1afd5e0a372fb9ff57ee1a9e32209739,38994b4aa3ba3aadfa53a817d01d31b58bf8e7fc5ceb5192f78986dcc4ca2563
email-Eu-core,spread_mean,3,node+edge+subgraph,0,0.9607414317536191,168,73e441951b502e96f42e349e93ad094ac0d5e108e1796881d939fc8b972a18c3,8e79a587d27ce28ec9eceec859a8471a1afd5e0a372fb9ff57ee1a9e32209739,2beb721fabd9571fae324e2e6b0b74c1b70ccddeb4d88589b73e7de102815339
email-Eu-core,spread_cv,0,node+edge+subgraph,0,0.8460364242858441,2,73e441951b502e96f42e349e93ad094ac0d5e108e1796881d939fc8b972a18c3,8e79a587d27ce28ec9eceec859a8471a1afd5e0a372fb9ff57ee1a9e32209739,9aa5caedc148499ecf10bdd29604a930bd362ba10eb4748bcaa3c1cb421051e5
email-Eu-core,spread_cv,1,node+edge+subgraph,0,0.9374032125702842,56,73e441951b502e96f42e349e93ad094ac0d5e108e1796881d939fc8b972a18c3,8e79a587d27ce28ec9eceec859a8471a1afd5e0a372fb9ff57ee1a9e32209739,ad74b2d3bf730cec3d4c3ff1e66c231c5726c70b82c1dc5abf8152a9bdfcd48a
email-Eu-core,spread_cv,2,node+edge+subgraph,0,0.9462595435692556,144,73e441951b502e96f42e349e93ad094ac0d5e108e1796881d939fc8b972a18c3,8e79a587d27ce28ec9eceec859a8471a1afd5e0a372fb9ff57ee1a9e32209739,05fd1066e5162a29491810162920c82edecb6a393f49f263a0606625431fa8db
email-Eu-core,spread_cv,3,node+edge+subgraph,0,0.948891325736804,168,73e441951b502e96f42e349e93ad094ac0d5e108e1796881d939fc8b972a18c3,8e79a587d27ce28ec9eceec859a8471a1afd5e0a372fb9ff57ee1a9e32209739,64a4ac7332a4b883e7b542b7673edddd60127656e3dc85379a68eb77a1bd225f
email-Eu-core,spread_resid,0,node+edge+subgraph,0,0.02296453005051314,2,73e441951b502e96f42e349e93ad094ac0d5e108e1796881d939fc8b972a18c3,8e79a587d27ce28ec9eceec859a8471a1afd5e0a372fb9ff57ee1a9e32209739,c927775c0d83c6469249a1c3183829bbd555b50015a6699a77b36344b06673eb
email-Eu-core,spread_resid,1,node+edge+subgraph,0,0.029037665433157382,56,73e441951b502e96f42e349e93ad094ac0d5e108e1796881d939fc8b972a18c3,8e79a587d27ce28ec9eceec859a8471a1afd5e0a372fb9ff57ee1a9e32209739,1c47e8be3e59c09e1ce338e60a447638a35ebaac1de6412cf41c28f18b4a4603
email-Eu-core,spread_resid,2,node+edge+subgraph,0,0.07083265051850574,144,73e441951b502e96f42e349e93ad094ac0d5e108e1796881d939fc8b972a18c3,8e79a587d27ce28ec9eceec859a8471a1afd5e0a372fb9ff57ee1a9e32209739,40f41f206e6af40baf7c149c6ee724206b81367ccd9334da35f039f23ff8d6cd
email-Eu-core,spread_resid,3,node+edge+subgraph,0,0.05000206270279744,168,73e441951b502e96f42e349e93ad094ac0d5e108e1796881d939fc8b972a18c3,8e79a587d27ce28ec9eceec859a8471a1afd5e0a372fb9ff57ee1a9e32209739,d5b839c57066b8e1f65ba499bed9da5d92cddc7304438a31af1aad61e159f9d0
email-Eu-core,spread_mean,0,node+edge+subgraph,1,0.8589240601941371,2,73e441951b502e96f42e349e93ad094ac0d5e108e1796881d939fc8b972a18c3,37665736a38219e754b8ded64b3af877ff6b88adb0ea737f62b845a9fc5d0a24,e97b5e7d1e8df2a8d2359e2ad58f909d8a30e830cb5d7653df52c92c30cf05c9
email-Eu-core,spread_mean,1,node+edge+subgraph,1,0.9513096196978831,56,73e441951b502e96f42e349e93ad094ac0d5e108e1796881d939fc8b972a18c3,37665736a38219e754b8ded64b3af877ff6b88adb0ea737f62b845a9fc5d0a24,726c90ef2a8e4b283c2e1916d8323c5c7be36c9b804ce50cb7e08c6533acf54d
email-Eu-core,spread_mean,2,node+edge+subgraph,1,0.957344654005842,144,73e441951b502e96f42e349e93ad094ac0d5e108e1796881d939fc8b972a18c3,37665736a38219e754b8ded64b3af877ff6b88adb0ea737f62b845a9fc5d0a24,614ea10db3f8c70c9638e2155e63d31f260874b7ef8e014dc253e0934478be40
email-Eu-core,spread_mean,3,node+edge+subgraph,1,0.9608866529494371,168,73e441951b502e96f42e349e93ad094ac0d5e108e1796881d939fc8b972a18c3,37665736a38219e754b8ded64b3af877ff6b88adb0ea737f62b845a9fc5d0a24,f2cd7544636fcda04e0b41a0f80158acb39651c532cb0fac702e40630376a872
email-Eu-core,spread_cv,0,node+edge+subgraph,1,0.8530860915079196,2,73e441951b502e96f42e349e93ad094ac0d5e108e1796881d939fc8b972a18c3,37665736a38219e754b8ded64b3af877ff6b88adb0ea737f62b845a9fc5d0a24,897f77ed351e688bcb180db45264e9aa2de36797e8040f7ee6311f8424e17e94
email-Eu-core,spread_cv,1,node+edge+subgraph,1,0.9435770181719294,56,73e441951b502e96f42e349e93ad094ac0d5e108e1796881d939fc8b972a18c3,37665736a38219e754b8ded64b3af877ff6b88adb0ea737f62b845a9fc5d0a24,01995a2dd381ff7e7bd4bd9576fbace71543bf30fe607df08fac3fdd27ed5ba5
email-Eu-core,spread_cv,2,node+edge+subgraph,1,0.9475239522162624,144,73e441951b502e96f42e349e93ad094ac0d5e108e1796881d939fc8b972a18c3,37665736a38219e754b8ded64b3af877ff6b88adb0ea737f62b845a9fc5d0a24,5271184fb8f4cb3c742f819f79ca5696c674959117b14edea1a585d69fd8ea87
email-Eu-core,spread_cv,3,node+edge+subgraph,1,0.951296585182576,168,73e441951b502e96f42e349e93ad094ac0d5e108e1796881d939fc8b972a18c3,37665736a38219e754b8ded64b3af877ff6b88adb0ea737f62b845a9fc5d0a24,ec299c4827e4aa52bb45f6d9ccd78cf333892ddd064b20d923163c0d25136148
email-Eu-core,spread_resid,0,node+edge+subgraph,1,-0.054735203604636816,2,73e441951b502e96f42e349e93ad094ac0d5e108e1796881d939fc8b972a18c3,37665736a38219e754b8ded64b3af877ff6b88adb0ea737f62b845a9fc5d0a24,3eaeb64d04547fe944253fb6c11735f76b0dc77c79bdc29743bf4067c844e0a5
email-Eu-core,spread_resid,1,node+edge+subgraph,1,0.08492717585195268,56,73e441951b502e96f42e349e93ad094ac0d5e108e1796881d939fc8b972a18c3,37665736a38219e754b8ded64b3af877ff6b88adb0ea737f62b845a9fc5d0a24,b3ca329f6e55b272a281285d9a2dd711dfbc407f66a70b78c35984d21dfb468a
email-Eu-core,spread_resid,2,node+edge+subgraph,1,0.09919572260338165,144,73e441951b502e96f42e349e93ad094ac0d5e108e1796881d939fc8b972a18c3,37665736a38219e754b8ded64b3af877ff6b88adb0ea737f62b845a9fc5d0a24,f2ab41fec2961b0268496cb98f1777f599d1044da2618f236d731fae55e0f9a2
email-Eu-core,spread_resid,3,node+edge+subgraph,1,0.10802026109563365,168,73e441951b502e96f42e349e93ad094ac0d5e108e1796881d939fc8b972a18c3,37665736a38219e754b8ded64b3af877ff6b88adb0ea737f62b845a9fc5d0a24,5a0c04833aa2afb97fd443e66261cc6cf6c9cc1e2d9671626eabbe3bf3bdffbb
facebook_combined,spread_mean,0,node+edge+subgraph,0,0.6679120355811642,2,73e441951b502e96f42e349e93ad094ac0d5e108e1796881d939fc8b972a18c3,8e79a587d27ce28ec9eceec859a8471a1afd5e0a372fb9ff57ee1a9e32209739,c873b3760815cd7eebca3107f5091957b15b85de3302d01054ecaa2ed690d29c
facebook_combined,spread_mean,1,node+edge+subgraph,0,0.9324995952302423,56,73e441951b502e96f42e349e93ad094ac0d5e108e1796881d939fc8b972a18c3,8e79a587d27ce28ec9eceec859a8471a1afd5e0a372fb9ff57ee1a9e32209739,0e92c7688910dcb26430cde82acd4301cd5c2540ab93c37eca60b1165fb2b6e0
facebook_combined,spread_mean,2,node+edge+subgraph,0,0.9425291510830422,144,73e441951b502e96f42e349e93ad094ac0d5e108e1796881d939fc8b972a18c3,8e79a587d27ce28ec9eceec859a8471a1afd5e0a372fb9ff57ee1a9e32209739,c488cd3e8933d50cb51ad7fce628aee77dda4e2a1969af283dc6903f1d3b15a7
facebook_combined,spread_mean,3,node+edge+subgraph,0,0.9442359862619961,168,73e441951b502e96f42e349e93ad094ac0d5e108e1796881d939fc8b972a18c3,8e79a587d27ce28ec9eceec859a8471a1afd5e0a372fb9ff57ee1a9e32209739,6191a67c6f3603bde5bbedcd3755350ac9ceb5b641708c71503e1bc5cb975b3d
facebook_combined,spread_cv,0,node+edge+subgraph,0,0.1432189445891017,2,73e441951b502e96f42e349e93ad094ac0d5e108e1796881d939fc8b972a18c3,8e79a587d27ce28ec9eceec859a8471a1afd5e0a372fb9ff57ee1a9e32209739,0c6cc4025a20f785088c8413cf91efafb69221f5745dd06a59162de3a8a2d4e7
facebook_combined,spread_cv,1,node+edge+subgraph,0,0.8144395844759085,56,73e441951b502e96f42e349e93ad094ac0d5e108e1796881d939fc8b972a18c3,8e79a587d27ce28ec9eceec859a8471a1afd5e0a372fb9ff57ee1a9e32209739,bbf281b3eb6ef3f3d99efe6d4bb1c9cc22f79cd820e291312cae522dd9f6af9b
facebook_combined,spread_cv,2,node+edge+subgraph,0,0.8235584459258669,144,73e441951b502e96f42e349e93ad094ac0d5e108e1796881d939fc8b972a18c3,8e79a587d27ce28ec9eceec859a8471a1afd5e0a372fb9ff57ee1a9e32209739,1d759037e7e29fc3f33a8285962b85dfd8cb2d3ba63d1744289c72fcb84c7530
facebook_combined,spread_cv,3,node+edge+subgraph,0,0.8238966558962598,168,73e441951b502e96f42e349e93ad094ac0d5e108e1796881d939fc8b972a18c3,8e79a587d27ce28ec9eceec859a8471a1afd5e0a372fb9ff57ee1a9e32209739,141e836336e2e38a7dc209018b4e9031415d5dda3a19c4761e9aad04758a6c84
facebook_combined,spread_resid,0,node+edge+subgraph,0,0.31384615113098097,2,73e441951b502e96f42e349e93ad094ac0d5e108e1796881d939fc8b972a18c3,8e79a587d27ce28ec9eceec859a8471a1afd5e0a372fb9ff57ee1a9e32209739,5f1eeb69cee125a92d22c44c5baed8b409a203d65349098595ef840c68a0c0b5
facebook_combined,spread_resid,1,node+edge+subgraph,0,0.7188736357232763,56,73e441951b502e96f42e349e93ad094ac0d5e108e1796881d939fc8b972a18c3,8e79a587d27ce28ec9eceec859a8471a1afd5e0a372fb9ff57ee1a9e32209739,addf426f02b9cbe6c9927f37280f2a981f11079d20309e806de74641e1bd3236
facebook_combined,spread_resid,2,node+edge+subgraph,0,0.7346330081614423,144,73e441951b502e96f42e349e93ad094ac0d5e108e1796881d939fc8b972a18c3,8e79a587d27ce28ec9eceec859a8471a1afd5e0a372fb9ff57ee1a9e32209739,2844084f1a9070d60b3a22119872a58febdccf5ace62521d66e0e3f8633b6bd9
facebook_combined,spread_resid,3,node+edge+subgraph,0,0.7353727106825718,168,73e441951b502e96f42e349e93ad094ac0d5e108e1796881d939fc8b972a18c3,8e79a587d27ce28ec9eceec859a8471a1afd5e0a372fb9ff57ee1a9e32209739,43dc710073320300fa7108c195ae34593238d90eab7d7a55cbc4c91a716e667a
facebook_combined,spread_mean,0,node+edge+subgraph,1,0.6679019657127305,2,73e441951b502e96f42e349e93ad094ac0d5e108e1796881d939fc8b972a18c3,37665736a38219e754b8ded64b3af877ff6b88adb0ea737f62b845a9fc5d0a24,87e73a09f2d6595032e9ff22fd8cec089933193e54f907612f20a1f3ddbc29f1
facebook_combined,spread_mean,1,node+edge+subgraph,1,0.9348499601808552,56,73e441951b502e96f42e349e93ad094ac0d5e108e1796881d939fc8b972a18c3,37665736a38219e754b8ded64b3af877ff6b88adb0ea737f62b845a9fc5d0a24,1f75e085c8cc30a9e5290dba65eb6985aefd75682fb04722a8300711dd0994fe
facebook_combined,spread_mean,2,node+edge+subgraph,1,0.9457628928201142,144,73e441951b502e96f42e349e93ad094ac0d5e108e1796881d939fc8b972a18c3,37665736a38219e754b8ded64b3af877ff6b88adb0ea737f62b845a9fc5d0a24,64bdb850f92f253db1d28f1efe1b89f1239fba4475c27e03c094c5ce8a81418a
facebook_combined,spread_mean,3,node+edge+subgraph,1,0.9468894166820692,168,73e441951b502e96f42e349e93ad094ac0d5e108e1796881d939fc8b972a18c3,37665736a38219e754b8ded64b3af877ff6b88adb0ea737f62b845a9fc5d0a24,891e027a5b0aa6908600d9e9ff08b4399c12c5400a65d84afb7f044574a6fc14
facebook_combined,spread_cv,0,node+edge+subgraph,1,0.14380071364932678,2,73e441951b502e96f42e349e93ad094ac0d5e108e1796881d939fc8b972a18c3,37665736a38219e754b8ded64b3af877ff6b88adb0ea737f62b845a9fc5d0a24,7ed7bf10f526e59a6ec34082be0bfc69c65e9440034160b24055e32a011017bd
facebook_combined,spread_cv,1,node+edge+subgraph,1,0.8271937103357664,56,73e441951b502e96f42e349e93ad094ac0d5e108e1796881d939fc8b972a18c3,37665736a38219e754b8ded64b3af877ff6b88adb0ea737f62b845a9fc5d0a24,ec9033f92190b89dc787813617a545843849299b2ad25f680e8772df7545dc67
facebook_combined,spread_cv,2,node+edge+subgraph,1,0.838467398710655,144,73e441951b502e96f42e349e93ad094ac0d5e108e1796881d939fc8b972a18c3,37665736a38219e754b8ded64b3af877ff6b88adb0ea737f62b845a9fc5d0a24,d6c99b27c2a84fdc3fd1947da43b5690b9d36308269451cb71f1b34872b7fa47
facebook_combined,spread_cv,3,node+edge+subgraph,1,0.8378856481306896,168,73e441951b502e96f42e349e93ad094ac0d5e108e1796881d939fc8b972a18c3,37665736a38219e754b8ded64b3af877ff6b88adb0ea737f62b845a9fc5d0a24,53e9df1d57e4237c5dd28911a8f1c00f51769f2482c49d29c36612f2954fd325
facebook_combined,spread_resid,0,node+edge+subgraph,1,0.3153339844964301,2,73e441951b502e96f42e349e93ad094ac0d5e108e1796881d939fc8b972a18c3,37665736a38219e754b8ded64b3af877ff6b88adb0ea737f62b845a9fc5d0a24,8e744425d7ef02ec3138987bb8f30a4cf10b86f9d18e132ff142e3537d0521de
facebook_combined,spread_resid,1,node+edge+subgraph,1,0.7224787058022188,56,73e441951b502e96f42e349e93ad094ac0d5e108e1796881d939fc8b972a18c3,37665736a38219e754b8ded64b3af877ff6b88adb0ea737f62b845a9fc5d0a24,8ef41fbc43cb4f4b752f04c28d28a5875859062b106a0fc2bbc940ecf3295842
facebook_combined,spread_resid,2,node+edge+subgraph,1,0.7423545116338299,144,73e441951b502e96f42e349e93ad094ac0d5e108e1796881d939fc8b972a18c3,37665736a38219e754b8ded64b3af877ff6b88adb0ea737f62b845a9fc5d0a24,de1e3665302d5effd672779dde009a720e2d7d67fae6f482fc66f8f9c6f21c4d
facebook_combined,spread_resid,3,node+edge+subgraph,1,0.7428043174772488,168,73e441951b502e96f42e349e93ad094ac0d5e108e1796881d939fc8b972a18c3,37665736a38219e754b8ded64b3af877ff6b88adb0ea737f62b845a9fc5d0a24,3fe90ac278021970cdbc1f905e49864e26f0fb6e01f539dc23f1a9997235b84e
p2p-Gnutella08,spread_mean,0,node+edge+subgraph,0,0.6648179908665913,2,73e441951b502e96f42e349e93ad094ac0d5e108e1796881d939fc8b972a18c3,8e79a587d27ce28ec9eceec859a8471a1afd5e0a372fb9ff57ee1a9e32209739,ff78b6ab21abdd80b8359b152293f91ed17b8d431ba151a0b9e1191609d47fe7
p2p-Gnutella08,spread_mean,1,node+edge+subgraph,0,0.7807666164556435,56,73e441951b502e96f42e349e93ad094ac0d5e108e1796881d939fc8b972a18c3,8e79a587d27ce28ec9eceec859a8471a1afd5e0a372fb9ff57ee1a9e32209739,ae000e92cd833dfba063beb3290c605fd670773725abf9f6afc2166239f830ab
p2p-Gnutella08,spread_mean,2,node+edge+subgraph,0,0.8641699103557773,144,73e441951b502e96f42e349e93ad094ac0d5e108e1796881d939fc8b972a18c3,8e79a587d27ce28ec9eceec859a8471a1afd5e0a372fb9ff57ee1a9e32209739,5a4b3e61e458f9f0f37066443ddfdbbc572e6a8d3cce071ce53a95b7a6fbe786
p2p-Gnutella08,spread_mean,3,node+edge+subgraph,0,0.8879820775413665,168,73e441951b502e96f42e349e93ad094ac0d5e108e1796881d939fc8b972a18c3,8e79a587d27ce28ec9eceec859a8471a1afd5e0a372fb9ff57ee1a9e32209739,a708284b2bfda8c67e8db20fe0ade71f1905a53cbfe693d06234f6a6348876e2
p2p-Gnutella08,spread_cv,0,node+edge+subgraph,0,0.42106628230766574,2,73e441951b502e96f42e349e93ad094ac0d5e108e1796881d939fc8b972a18c3,8e79a587d27ce28ec9eceec859a8471a1afd5e0a372fb9ff57ee1a9e32209739,c772e41b2f4286b9ac2c600e7ef27c00efb1cc588322f9872ee4acc04e08e81c
p2p-Gnutella08,spread_cv,1,node+edge+subgraph,0,0.5373754979618294,56,73e441951b502e96f42e349e93ad094ac0d5e108e1796881d939fc8b972a18c3,8e79a587d27ce28ec9eceec859a8471a1afd5e0a372fb9ff57ee1a9e32209739,88ffeead84c571f755895da07b30286a2939325593c607b896b4e2d027fafe06
p2p-Gnutella08,spread_cv,2,node+edge+subgraph,0,0.6544218735177945,144,73e441951b502e96f42e349e93ad094ac0d5e108e1796881d939fc8b972a18c3,8e79a587d27ce28ec9eceec859a8471a1afd5e0a372fb9ff57ee1a9e32209739,0ef78d87939d70edafae63ef77284912f973ac17c45fcf820321ae64ba1a6de6
p2p-Gnutella08,spread_cv,3,node+edge+subgraph,0,0.7064148691619555,168,73e441951b502e96f42e349e93ad094ac0d5e108e1796881d939fc8b972a18c3,8e79a587d27ce28ec9eceec859a8471a1afd5e0a372fb9ff57ee1a9e32209739,89d46b62a33b9cb77be3fa88b050ec50f070a8aeccd1bd50b4e0015aff9d1102
p2p-Gnutella08,spread_resid,0,node+edge+subgraph,0,0.146507953900256,2,73e441951b502e96f42e349e93ad094ac0d5e108e1796881d939fc8b972a18c3,8e79a587d27ce28ec9eceec859a8471a1afd5e0a372fb9ff57ee1a9e32209739,70933030e8a1c4cc34408cabe06bf95550b58457082b444671e4c6501a1f6379
p2p-Gnutella08,spread_resid,1,node+edge+subgraph,0,0.22612742303524616,56,73e441951b502e96f42e349e93ad094ac0d5e108e1796881d939fc8b972a18c3,8e79a587d27ce28ec9eceec859a8471a1afd5e0a372fb9ff57ee1a9e32209739,4246546350167a30fa512e82673f6bc5f6e9369b824daeb569715385e20e3baf
p2p-Gnutella08,spread_resid,2,node+edge+subgraph,0,0.3350759132581548,144,73e441951b502e96f42e349e93ad094ac0d5e108e1796881d939fc8b972a18c3,8e79a587d27ce28ec9eceec859a8471a1afd5e0a372fb9ff57ee1a9e32209739,8c2cddc489e22e4146d7f2dcdee48d430d8a7773780014465a1063421079eb08
p2p-Gnutella08,spread_resid,3,node+edge+subgraph,0,0.3900062779512362,168,73e441951b502e96f42e349e93ad094ac0d5e108e1796881d939fc8b972a18c3,8e79a587d27ce28ec9eceec859a8471a1afd5e0a372fb9ff57ee1a9e32209739,2a08662c22c456662251b522ec72be3642908b07e0b66643fd84857aef3077b6
p2p-Gnutella08,spread_mean,0,node+edge+subgraph,1,0.6645081039355003,2,73e441951b502e96f42e349e93ad094ac0d5e108e1796881d939fc8b972a18c3,37665736a38219e754b8ded64b3af877ff6b88adb0ea737f62b845a9fc5d0a24,601a899c3c79d1332e5da6624f1e6eaaa72f201e08c7c60699cf1769a2e07106
p2p-Gnutella08,spread_mean,1,node+edge+subgraph,1,0.7819356416894749,56,73e441951b502e96f42e349e93ad094ac0d5e108e1796881d939fc8b972a18c3,37665736a38219e754b8ded64b3af877ff6b88adb0ea737f62b845a9fc5d0a24,142eef7f78cb3ca525783b12192256eedaae266739b22b4739e35fefce239b02
p2p-Gnutella08,spread_mean,2,node+edge+subgraph,1,0.8671226499845732,144,73e441951b502e96f42e349e93ad094ac0d5e108e1796881d939fc8b972a18c3,37665736a38219e754b8ded64b3af877ff6b88adb0ea737f62b845a9fc5d0a24,057737dea7ce7bc001f3b82c35be0e8d878e5d69d773ce67a061d6ad05d99e63
p2p-Gnutella08,spread_mean,3,node+edge+subgraph,1,0.8902023673398408,168,73e441951b502e96f42e349e93ad094ac0d5e108e1796881d939fc8b972a18c3,37665736a38219e754b8ded64b3af877ff6b88adb0ea737f62b845a9fc5d0a24,2d549a5bc99849474f3afcb3c16e18723459ded05fac4312fa59381d0f96e62d
p2p-Gnutella08,spread_cv,0,node+edge+subgraph,1,0.4088800961075179,2,73e441951b502e96f42e349e93ad094ac0d5e108e1796881d939fc8b972a18c3,37665736a38219e754b8ded64b3af877ff6b88adb0ea737f62b845a9fc5d0a24,af234b8fe3571185f9680266166bafb148ebf904ae7d5cca728b2c0c2f392ba5
p2p-Gnutella08,spread_cv,1,node+edge+subgraph,1,0.5369073858921296,56,73e441951b502e96f42e349e93ad094ac0d5e108e1796881d939fc8b972a18c3,37665736a38219e754b8ded64b3af877ff6b88adb0ea737f62b845a9fc5d0a24,7395f000b8e5185f23f932fddd6fdf0d6f83a3ec93c9406b39f0a4b1533b913f
p2p-Gnutella08,spread_cv,2,node+edge+subgraph,1,0.6581926175825431,144,73e441951b502e96f42e349e93ad094ac0d5e108e1796881d939fc8b972a18c3,37665736a38219e754b8ded64b3af877ff6b88adb0ea737f62b845a9fc5d0a24,efb4903a59c86e706f51119e897e3792f02ad07414d41e0df4702617d5dac6e3
p2p-Gnutella08,spread_cv,3,node+edge+subgraph,1,0.7102192882816608,168,73e441951b502e96f42e349e93ad094ac0d5e108e1796881d939fc8b972a18c3,37665736a38219e754b8ded64b3af877ff6b88adb0ea737f62b845a9fc5d0a24,1c31f6aa0a2c0f13d8cf4e0b063f1794bd5b8f8f4f95ba94d59a4b448ba6bae8
p2p-Gnutella08,spread_resid,0,node+edge+subgraph,1,0.14397552154047735,2,73e441951b502e96f42e349e93ad094ac0d5e108e1796881d939fc8b972a18c3,37665736a38219e754b8ded64b3af877ff6b88adb0ea737f62b845a9fc5d0a24,5429839f2e93e4a1e0a9512aa39edca3dd3b1ae03d3e7845354fc4d3e8f97d96
p2p-Gnutella08,spread_resid,1,node+edge+subgraph,1,0.22268867887737046,56,73e441951b502e96f42e349e93ad094ac0d5e108e1796881d939fc8b972a18c3,37665736a38219e754b8ded64b3af877ff6b88adb0ea737f62b845a9fc5d0a24,cec17f029ac63391ba2c4a3c77a62899ae9406a5b0563c6831e6ac8a9efd246a
p2p-Gnutella08,spread_resid,2,node+edge+subgraph,1,0.35939433853218633,144,73e441951b502e96f42e349e93ad094ac0d5e108e1796881d939fc8b972a18c3,37665736a38219e754b8ded64b3af877ff6b88adb0ea737f62b845a9fc5d0a24,d239974534e06b2368463cb06f269a6a5a16469201b0bad947819a46fadbb5cf
p2p-Gnutella08,spread_resid,3,node+edge+subgraph,1,0.40919597635414656,168,73e441951b502e96f42e349e93ad094ac0d5e108e1796881d939fc8b972a18c3,37665736a38219e754b8ded64b3af877ff6b88adb0ea737f62b845a9fc5d0a24,b75b9e6db17f4cbe98c219ae58c76d4efd86899fa7e33fb7ab96aaa928f4a83b
