network,target,radius_from,radius_to,target_n,target_mean,target_sd,target_positive,target_zero,target_negative,target_p025,target_p975,target_lower_variance,target_upper_variance,target_covariance,target_variance_identity,target_heuristic_star,seed_n,seed_mean,seed_sd,seed_positive,seed_zero,seed_negative,seed_p025,seed_p975,seed_lower_variance,seed_upper_variance,seed_covariance,seed_variance_identity,seed_heuristic_star,target_over_seed_sd,flag_change
ca-GrQc,spread_mean,0,1,200,0.11672484027411006,0.0013212854333749628,200,0,0,0.11394990046822805,0.11906509718524609,1.8220275820206561e-06,2.1836201266991568e-06,1.1299262561354748e-06,1.7457951964488633e-06,True,10,0.12661271812017044,0.002056599935423677,10,0,0,0.12463638168541595,0.12983867692036796,3.4894148073602105e-06,4.1021670572569944e-07,-1.6498589064938148e-07,4.229603294384673e-06,True,0.6424610886233286,retained
ca-GrQc,spread_mean,1,2,200,0.030384418386626054,0.0012178634226397485,200,0,0,0.027824039603377055,0.03288279996490034,2.1836201266991568e-06,1.5812512228756894e-06,1.1408400166855222e-06,1.4831913162038015e-06,True,10,0.034275386111379494,0.0005068188554894763,10,0,0,0.03347360091641789,0.03503208311995673,4.1021670572569944e-07,1.8183574888422415e-07,1.6759355116513042e-07,2.568653522796627e-07,True,2.40295602550848,retained
ca-GrQc,spread_mean,2,3,200,0.0020161073445231735,0.0004257243453770115,200,0,0,0.0011771633832355882,0.002803801336173345,1.5812512228756894e-06,1.6182146255136692e-06,1.5091123150713367e-06,1.8124121824668508e-07,True,10,0.002508894234413883,0.00015907544768640366,10,0,0,0.0022526148650702156,0.002710385379206673,1.8183574888422415e-07,1.5652828341949442e-07,1.565295171235444e-07,2.5304998056629784e-08,True,2.6762416926606494,retained
ca-GrQc,spread_cv,0,1,200,0.2036093962176303,0.003506567075928666,200,0,0,0.19720801550819603,0.21005907713161961,1.0091582569111204e-05,2.038402226005885e-05,9.089796085591573e-06,1.2296012657986908e-05,True,10,0.2121798810052496,0.0034670103004123065,10,0,0,0.2060120503019326,0.21538484243744316,3.5261431929236513e-06,4.40944295052041e-06,-2.0422871398604863e-06,1.2020160423165034e-05,True,1.0114094773562268,retained
ca-GrQc,spread_cv,1,2,200,0.12227799783446955,0.0038340507038847537,200,0,0,0.11513967097935697,0.12916919920082204,2.038402226005885e-05,2.073779322832976e-05,1.3210935344214711e-05,1.4699944799959188e-05,True,10,0.13254231689082988,0.0021511700390339705,10,0,0,0.12978233041559004,0.13598385935796586,4.40944295052041e-06,3.32827334898262e-06,1.555091881332808e-06,4.627532536837414e-06,True,1.7823094568602849,retained
ca-GrQc,spread_cv,2,3,200,0.011445366789606804,0.0019223053011669265,200,0,0,0.007900391530405856,0.015219040426416353,2.073779322832976e-05,1.8837975239887333e-05,1.794025539866131e-05,3.6952576708944727e-06,True,10,0.015934777098378806,0.0011276205896109286,10,0,0,0.014135497399517019,0.01760918722129434,3.32827334898262e-06,2.7254369904614186e-06,2.3910910726647698e-06,1.2715281941144994e-06,True,1.7047447686550259,retained
ca-GrQc,spread_resid,0,1,200,0.3019007330158628,0.007723402291494231,200,0,0,0.28675672088923,0.31332571401526255,2.855111003599316e-05,4.479380803620531e-05,6.846987557970066e-06,5.965094295625834e-05,True,10,0.2745419140140719,0.004001805071745529,10,0,0,0.2678117194109454,0.2796775570385251,7.7224512973801e-06,6.357491841160712e-06,-9.672503468536996e-07,1.6014443832248212e-05,True,1.9299796349464355,retained
ca-GrQc,spread_resid,1,2,200,0.13546210372876957,0.005885842312603493,200,0,0,0.12356279764089032,0.1459854950459185,4.479380803620531e-05,5.311278018665175e-05,3.163172424701171e-05,3.464313972883365e-05,True,10,0.1536803719507541,0.0031607983656337583,10,0,0,0.15079304403275692,0.1597816395548341,6.357491841160712e-06,2.2694111950290463e-06,-6.818716360016402e-07,9.99064630819304e-06,True,1.862137862572372,retained
ca-GrQc,spread_resid,2,3,200,0.012690430025782524,0.002908364219723852,200,0,0,0.007789551387496455,0.01816581519265865,5.311278018665175e-05,4.40047215369437e-05,4.432945964451277e-05,8.458582434569913e-06,True,10,0.019445261093888777,0.0010690000762554627,10,0,0,0.0176621751162919,0.020639536226245515,2.2694111950290463e-06,3.724157866999338e-06,2.4254039494970994e-06,1.1427611630341855e-06,True,2.7206398617962586,retained
ca-HepTh,spread_mean,0,1,200,0.16701049108135402,0.0009034348435544415,200,0,0,0.16504322408738223,0.1688967528213636,7.695843314825049e-07,1.1776627267141719e-06,5.655262708242193e-07,8.161945165482382e-07,True,10,0.17385929762077973,0.0007178993242873997,10,0,0,0.17284375355690204,0.17483501319043293,4.909843159065512e-07,1.6538114292567752e-07,7.049300950996181e-08,5.153794398123052e-07,True,1.2584422536561206,retained
ca-HepTh,spread_mean,1,2,200,0.04296041148553737,0.0008223414511657386,200,0,0,0.041330479478872355,0.044455175150614624,1.1776627267141719e-06,8.035444480791103e-07,6.524808562439547e-07,6.762454623053727e-07,True,10,0.04943972079326261,0.00043304760837240664,10,0,0,0.048848974822604516,0.05011354889889823,1.6538114292567752e-07,3.2899788019494154e-08,5.3753499140552206e-09,1.8753023111706123e-07,True,1.8989631515492684,retained
ca-HepTh,spread_mean,2,3,200,0.0037358844750530738,0.00031561844319711604,200,0,0,0.0031787982045686806,0.0044044926733308315,8.035444480791103e-07,7.450270003606314e-07,7.244782233767851e-07,9.961500168617161e-08,True,10,0.004742217437954266,0.00018350486827961015,10,0,0,0.004442248223974732,0.004961177836960337,3.2899788019494154e-08,5.696322750946314e-08,2.8094489423320108e-08,3.367403668231708e-08,True,1.71994588566556,retained
ca-HepTh,spread_cv,0,1,200,0.3138452541810525,0.0029749919611796786,200,0,0,0.308140008002817,0.31985685060710334,3.3437074717728506e-06,1.0026589233674331e-05,2.2598597681817368e-06,8.850577169083709e-06,True,10,0.3284137233247577,0.0011811515922542093,10,0,0,0.3266288783870245,0.33018613062759483,5.863250189242341e-07,1.3931734031237655e-06,2.921896690816728e-07,1.3951190838846538e-06,True,2.5187215431864702,retained
ca-HepTh,spread_cv,1,2,200,0.1284208871417056,0.002349158304069267,200,0,0,0.12412081771779379,0.132658458499577,1.0026589233674331e-05,8.025307736896933e-06,6.266676116496833e-06,5.518544737577598e-06,True,10,0.14347086114845958,0.001294628964811548,10,0,0,0.1415264066348024,0.14549838367486848,1.3931734031237655e-06,4.770440853346207e-07,9.707666596468277e-08,1.6760641565290205e-06,True,1.8145417474196714,retained
ca-HepTh,spread_cv,2,3,200,0.017529238611680924,0.001226779296184984,200,0,0,0.015103727151804927,0.019773267562129354,8.025307736896933e-06,7.669812647694965e-06,7.095066471521888e-06,1.5049874415481206e-06,True,10,0.02187110930756093,0.0005032794041549562,10,0,0,0.021215920524003954,0.022743915003749008,4.770440853346207e-07,1.8436465153301838e-07,2.0405928911053566e-07,2.532901586465677e-07,True,2.437571031234307,retained
ca-HepTh,spread_resid,0,1,200,0.24471923046835953,0.004968829619743397,200,0,0,0.23404211136294226,0.2534131679298786,2.2814174349579037e-05,1.4916034703540078e-05,6.5204706315399e-06,2.4689267790039316e-05,True,10,0.24713411259668275,0.0008754040660304141,10,0,0,0.2462489269243918,0.24890360875711712,2.8110125635632934e-07,1.1972499957631205e-06,3.560094866484341e-07,7.663322788225815e-07,True,5.676041284883369,retained
ca-HepTh,spread_resid,1,2,200,0.14205975959152517,0.0033968709895556655,200,0,0,0.1348073472378126,0.14906649250960904,1.4916034703540078e-05,1.2968925370826412e-05,8.173113777340801e-06,1.1538732519684887e-05,True,10,0.1589137811604374,0.0018681011628460082,10,0,0,0.156380954111405,0.1613393310949454,1.1972499957631205e-06,1.73699910078085e-06,-2.7777642904131886e-07,3.489801954626608e-06,True,1.8183549462495983,retained
ca-HepTh,spread_resid,2,3,200,0.020799944200416025,0.001492977526486083,200,0,0,0.017968070917293515,0.02388338142844581,1.2968925370826412e-05,1.2754936110309806e-05,1.1747439793271848e-05,2.2289818945925223e-06,True,10,0.026131523017234325,0.0012841377848370964,10,0,0,0.02400242498529666,0.028034505845885484,1.73699910078085e-06,2.348104089216751e-07,1.6139982962810015e-07,1.6490098504463247e-06,True,1.1626303221624146,retained
email-Eu-core,spread_mean,0,1,200,0.0925407581350294,0.001037545557729571,200,0,0,0.09053587872948897,0.09451425087718007,1.0254623115906885e-06,7.902407846035414e-07,3.696011559149316e-07,1.0765007843643665e-06,True,10,0.09510028195795239,0.0009487906153398306,10,0,0,0.09351434367315338,0.0960769829210322,1.3728610218866825e-06,9.72399242919368e-08,2.8494865721084245e-07,9.002036317569344e-07,True,1.093545341780126,retained
email-Eu-core,spread_mean,1,2,200,0.005594571408817901,0.0007519179532201768,200,0,0,0.00437419938580266,0.006998956253389377,7.902407846035414e-07,6.669407969432683e-07,4.459004865859951e-07,5.653806083748194e-07,True,10,0.006736819083742074,0.0004276933412842821,10,0,0,0.00625205150768241,0.007463601205025541,9.72399242919368e-08,2.594081399588288e-07,8.686323503592608e-08,1.8292159417891346e-07,True,1.7580772966030043,retained
email-Eu-core,spread_mean,2,3,200,0.00438536418996872,0.0005621849987841876,200,0,0,0.003228363886392885,0.005429869095726289,6.669407969432683e-07,7.250398683847326e-07,5.379643462350119e-07,3.160519728579771e-07,True,10,0.0049242058218150865,0.00045422018162082984,10,0,0,0.004259265889357655,0.0056650498466933935,2.594081399588288e-07,1.0191531685049496e-07,7.750374170883205e-08,2.0631597339165968e-07,True,1.2376926907520893,retained
email-Eu-core,spread_cv,0,1,200,0.089475842750104,0.0018800913017641178,200,0,0,0.08547264987940978,0.0930949789940811,1.058906997853432e-05,1.0955430708239738e-05,9.00487869190248e-06,3.534743302969099e-06,True,10,0.09320925744759134,0.0012062000770303393,10,0,0,0.0917589582528907,0.09519809766157644,1.4206955317141987e-06,6.676896197676041e-07,3.167332628269031e-07,1.4549186258279967e-06,True,1.5586894227306771,retained
email-Eu-core,spread_cv,1,2,200,0.00685345276056554,0.0016679639909578413,200,0,0,0.0034507136495653236,0.009932642708819562,1.0955430708239738e-05,8.341395709023029e-06,8.257361271065378e-06,2.7821038751320116e-06,True,10,0.007893526996960143,0.0006361877316510484,10,0,0,0.0068884057968774835,0.008741698652885257,6.676896197676041e-07,7.679038856413327e-07,5.154293377528153e-07,4.0473482990330616e-07,True,2.621810996934984,retained
email-Eu-core,spread_cv,2,3,200,0.004426336355411019,0.0008610469063664038,200,0,0,0.0029050509419094816,0.006077810555009601,8.341395709023029e-06,7.847721699965007e-06,7.72385781701244e-06,7.414017749631545e-07,True,10,0.005477741130504555,0.0007091049855644611,10,0,0,0.004211375977576368,0.006341106658707166,7.679038856413327e-07,3.283872484931695e-07,2.967306267910638e-07,5.028298805523747e-07,True,1.214272814174327,retained
email-Eu-core,spread_resid,0,1,200,0.03286659298279672,0.04415521395060806,157,0,43,-0.05766347127819837,0.11786169056407328,0.0010445049362677514,0.0011673836629493386,0.00013110284009655877,0.0019496829190239725,False,10,0.02404971968924183,0.02477670305164291,9,0,1,-0.002496786366379881,0.0699720309093324,0.00014423686711694772,0.00027023589146809847,-9.970612776212244e-05,0.000613885014109291,False,1.7821262925327022,neither
email-Eu-core,spread_resid,1,2,200,-0.002897305930255552,0.02443113719662097,92,0,108,-0.05332662993451877,0.04184020780469017,0.0011673836629493386,0.0010647504950285541,0.0008176268466288881,0.0005968804647201165,False,10,0.04198251242024362,0.008921132176395613,10,0,0,0.025547245110907717,0.052077010809473204,0.00027023589146809847,0.0001830628358534316,0.00018685606400640443,7.958659930872123e-05,True,2.7385691315350327,lost
email-Eu-core,spread_resid,2,3,200,0.003552889367710298,0.01682295075707535,112,0,88,-0.027911277883898872,0.03860353703421968,0.0010647504950285541,0.0010969362152713435,0.0009393375190624582,0.00028301167217498094,False,10,-0.01730351243667309,0.009898749498164421,0,0,10,-0.036663883835343,-0.007629885388689311,0.0001830628358534316,0.00014335204791902513,0.00011421482107252319,9.798524162741033e-05,False,1.6995026250734924,neither
facebook_combined,spread_mean,0,1,200,0.26500954730277276,0.0014021628628355894,200,0,0,0.2621571963411948,0.26792682217246605,1.3059525168866665e-06,9.57399853339513e-07,1.4864583815544168e-07,1.966060693915296e-06,True,10,0.27482403572186465,0.0014510135797955752,10,0,0,0.27261975753583667,0.2772228897361439,1.6409114620243659e-06,2.3906285680991857e-07,-1.1273304495844251e-07,2.1054404087511694e-06,True,0.9663333840287918,retained
facebook_combined,spread_mean,1,2,200,0.010837184306247187,0.0005342162163387336,200,0,0,0.009817908929176227,0.011964107359933635,9.57399853339513e-07,7.89141092273428e-07,7.305769899068342e-07,2.8538696579927246e-07,True,10,0.012051994428514656,0.0005875909317769757,10,0,0,0.011152528156001873,0.012900434588406857,2.3906285680991857e-07,1.8445431162602827e-07,3.912703266470609e-08,3.452631031065347e-07,True,0.9091634799794683,retained
facebook_combined,spread_mean,2,3,200,0.0010469665505736653,0.0002203700780443614,200,0,0,0.0006626944657151634,0.001465540636664492,7.89141092273428e-07,7.981344150629154e-07,7.693562680195328e-07,4.856297129727795e-08,True,10,0.0012460681933059825,0.00015507358791558154,10,0,0,0.0010623542822831983,0.001473083605459291,1.8445431162602827e-07,1.2439087924309496e-07,1.423986866000558e-07,2.4047817669011638e-08,True,1.4210677718008675,retained
facebook_combined,spread_cv,0,1,200,0.6729088991949271,0.0055415427047156825,200,0,0,0.6631610273624894,0.6844323080037439,1.5262071831711725e-05,3.493617784250188e-05,9.74477706301298e-06,3.070869554818764e-05,True,10,0.6835056690797245,0.004938198653353327,10,0,0,0.6753598553665884,0.6899825880408911,1.9996431582916923e-05,1.887721795914585e-06,-1.250826280574524e-06,2.4385805939980556e-05,True,1.122178975313731,retained
facebook_combined,spread_cv,1,2,200,0.009250544051959995,0.0020924692643704223,200,0,0,0.0053650653735311275,0.013481424580312238,3.493617784250188e-05,3.6181564229667096e-05,3.336965722491704e-05,4.378427622334899e-06,True,10,0.009103447916757889,0.00104673603922181,10,0,0,0.007741572844980921,0.01070970303688284,1.887721795914585e-06,2.3181305655863426e-06,1.5550980128475822e-06,1.0956563358057634e-06,True,1.9990419608806598,retained
facebook_combined,spread_cv,2,3,200,-0.0006813915421001032,0.0013495707564069777,60,0,140,-0.003078875703281142,0.00175614990201286,3.6181564229667096e-05,3.461131480923649e-05,3.448576890617735e-05,1.821341226548897e-06,False,10,-0.00035902573652940584,0.0009737268203121067,3,0,7,-0.001791104806098323,0.0011939998350320171,2.3181305655863426e-06,1.2323032960485485e-06,1.3011449705198821e-06,9.481439205951266e-07,False,1.3859849890695242,neither
facebook_combined,spread_resid,0,1,200,0.4073878383076675,0.00810718180777236,200,0,0,0.39023789654684654,0.4237436448555062,2.511884525989084e-05,5.682512717998505e-05,8.108787787800405e-06,6.572639686427509e-05,True,10,0.41769715153889064,0.004496350912886833,10,0,0,0.4101602731674074,0.42284509442852686,6.847238468305157e-06,7.799319907162568e-06,-2.785306578175265e-06,2.0217171531818256e-05,True,1.8030580719437737,retained
facebook_combined,spread_resid,1,2,200,0.016787037910617225,0.0031843293029528603,200,0,0,0.010039611036212485,0.02264168545636572,5.682512717998505e-05,5.9720776311095313e-05,5.320297519071807e-05,1.013995310964422e-05,True,10,0.01863968451240313,0.0018055195145739273,10,0,0,0.01580918880537799,0.020887469920421738,7.799319907162568e-06,4.061215519343947e-06,4.300317354499623e-06,3.25990071750727e-06,True,1.7636637417925163,retained
facebook_combined,spread_resid,2,3,200,0.0008604403776489745,0.0011250127857323508,155,0,45,-0.0012143524514573595,0.003086583980082522,5.9720776311095313e-05,5.779540898677647e-05,5.812526576490527e-05,1.2656537680612485e-06,False,10,0.0012391086845903732,0.0006717319706651087,10,0,0,0.0001862011450152634,0.002162779608212201,4.061215519343947e-06,3.011252435560078e-06,3.310622057245196e-06,4.5122384041363255e-07,False,1.6747941662184556,neither
p2p-Gnutella08,spread_mean,0,1,200,0.11718340420308758,0.0011073256975411264,200,0,0,0.1150621363814664,0.11924375230587346,1.575650937708656e-06,1.4224964690026412e-06,8.859886031381774e-07,1.2261702004349424e-06,True,10,0.1222785861389939,0.001254753372585577,10,0,0,0.12042743552338278,0.12418187431786919,1.5027481429592883e-06,9.011536464708102e-07,4.147478817076094e-07,1.5744060260148796e-06,True,0.8825046592696879,retained
p2p-Gnutella08,spread_mean,1,2,200,0.08439283773307338,0.0012785925491962517,200,0,0,0.08187994080035368,0.08682858387253485,1.4224964690026412e-06,2.009595761750854e-06,8.986466619466636e-07,1.634798906860168e-06,True,10,0.09392100917425515,0.0009813176411597598,10,0,0,0.09263744221928559,0.0955453695363924,9.011536464708102e-07,4.492198895569422e-07,1.936946115881985e-07,9.629843128513553e-07,True,1.3029344379106043,retained
p2p-Gnutella08,spread_mean,2,3,200,0.02412588481790533,0.0009036001059653842,200,0,0,0.022455159174584332,0.025884300715487595,2.009595761750854e-06,1.899653032015513e-06,1.546377821132857e-06,8.164931515006528e-07,True,10,0.02924824246106881,0.0007599368279924185,10,0,0,0.028224396187133353,0.030578724640323244,4.492198895569422e-07,8.120767524940984e-08,-2.3538208866413288e-08,5.775039825391786e-07,True,1.1890463426446798,retained
p2p-Gnutella08,spread_cv,0,1,200,0.11917134910348723,0.0034827994322952044,200,0,0,0.1131787300227565,0.12630426385960475,1.815793551521465e-05,1.541356565674593e-05,1.0720804643182392e-05,1.2129891885595799e-05,True,10,0.12884481779312634,0.0016474063621181926,10,0,0,0.12655580874435798,0.13141918214717882,1.2745468886571033e-06,3.031260959397632e-06,7.959300630536189e-07,2.7139477219474976e-06,True,2.1141107090403066,retained
p2p-Gnutella08,spread_cv,1,2,200,0.11748590941446495,0.0048434115168011745,200,0,0,0.10748020617389524,0.12620502655962218,1.541356565674593e-05,2.4315880969185517e-05,8.135405752424599e-06,2.345863512108225e-05,True,10,0.13333004811665247,0.0025780779235826,10,0,0,0.1298037377912582,0.13754009650910842,3.031260959397632e-06,5.227274765684325e-06,8.060249725089939e-07,6.64648578006397e-06,True,1.8786908931249746,retained
p2p-Gnutella08,spread_cv,2,3,200,0.05280116110870916,0.003385425531315534,200,0,0,0.04662327551689382,0.060788463514780545,2.4315880969185517e-05,2.410917869554996e-05,1.848197681832621e-05,1.146110602808306e-05,True,10,0.06109607244360411,0.0023701579344886925,10,0,0,0.05659540143821291,0.06376518700742874,5.227274765684325e-06,9.56858993365174e-07,2.8324256231489627e-07,5.617648634419707e-06,True,1.428354407127668,retained
p2p-Gnutella08,spread_resid,0,1,200,0.08387826267355418,0.012026473146311637,200,0,0,0.05752660115874594,0.10555042723265894,3.3506068829725984e-05,0.000166735828276121,2.7802920383445997e-05,0.00014463605633895497,True,10,0.110498522539397,0.004513426722366243,10,0,0,0.10480026308344854,0.11651558057677189,9.18277406556238e-06,1.5841912323177223e-05,2.3268328052849535e-06,2.0371020778169697e-05,True,2.664599180643515,retained
p2p-Gnutella08,spread_resid,1,2,200,0.11337246583856984,0.011643360081090593,200,0,0,0.09277544864856291,0.13644779164111168,0.000166735828276121,8.34082895427062e-05,5.728814192044661e-05,0.00013556783397793395,True,10,0.12314770475409956,0.005314904633650038,10,0,0,0.11582935393580063,0.1315937208933803,1.5841912323177223e-05,5.974818889146415e-06,-3.2157400262355058e-06,2.8248211264794648e-05,True,2.190699717803677,retained
p2p-Gnutella08,spread_resid,2,3,200,0.05159997175428641,0.00570102619222453,200,0,0,0.04054529122655963,0.06300545040187336,8.34082895427062e-05,8.254039208774693e-05,6.672349099301153e-05,3.2501699644430084e-05,True,10,0.06424366279259167,0.003931841628095117,10,0,0,0.05911220919591459,0.07037654475844839,5.974818889146415e-06,9.295617835086787e-06,-9.447093209422705e-08,1.5459378588421655e-05,True,1.4499633330822994,retained
