network,target,rho,damage_seed,method,tau,tau_nonzero,p_at_5pct
ca-GrQc,betweenness,0.0,0,local,0.9235523468184492,0.7563928955905304,0.7971014492753623
ca-GrQc,betweenness,0.0,0,local_trained_damaged,0.9235523468184492,0.7563928955905304,0.7971014492753623
ca-GrQc,betweenness,0.0,0,recompute,1.0,0.9999999999999998,1.0
ca-GrQc,betweenness,0.0,0,degree,0.5515974160744287,0.4101287859163255,0.3140096618357488
ca-GrQc,spread_mean,0.0,0,local,0.9437409266587397,0.9437409266587397,0.9710144927536232
ca-GrQc,spread_mean,0.0,0,local_trained_damaged,0.9437409266587397,0.9437409266587397,0.9710144927536232
ca-GrQc,spread_mean,0.0,0,recompute,1.0,1.0,1.0
ca-GrQc,spread_mean,0.0,0,degree,0.8235599590219516,0.8235599590219516,0.7053140096618358
ca-GrQc,betweenness,0.05,0,local,0.8246239875014179,0.7121676981281024,0.782608695652174
ca-GrQc,betweenness,0.05,0,local_trained_damaged,0.7383794706053026,0.7184547442302917,0.7632850241545893
ca-GrQc,betweenness,0.05,0,recompute,0.8800322669282228,0.8832886508236608,0.9323671497584541
ca-GrQc,betweenness,0.05,0,degree,0.5452839414847297,0.40623990205857613,0.3140096618357488
ca-GrQc,spread_mean,0.05,0,local,0.9035073834026544,0.9035073834026544,0.9516908212560387
ca-GrQc,spread_mean,0.05,0,local_trained_damaged,0.9017957284696569,0.9017957284696569,0.9468599033816425
ca-GrQc,spread_mean,0.05,0,recompute,0.8969005638181565,0.8969005638181565,0.9710144927536232
ca-GrQc,spread_mean,0.05,0,degree,0.8027346619182779,0.8027346619182779,0.7053140096618358
ca-GrQc,betweenness,0.05,1,local,0.8027146845266743,0.7094161360382667,0.7777777777777778
ca-GrQc,betweenness,0.05,1,local_trained_damaged,0.7489238714160504,0.7134941769913619,0.7632850241545893
ca-GrQc,betweenness,0.05,1,recompute,0.8733204334492128,0.8846968280968398,0.9323671497584541
ca-GrQc,betweenness,0.05,1,degree,0.5404594347848128,0.4014103749962345,0.32367149758454106
ca-GrQc,spread_mean,0.05,1,local,0.9026044130773183,0.9026044130773183,0.9516908212560387
ca-GrQc,spread_mean,0.05,1,local_trained_damaged,0.9004790331410217,0.9004790331410217,0.961352657004831
ca-GrQc,spread_mean,0.05,1,recompute,0.894065852391762,0.894065852391762,0.9565217391304348
ca-GrQc,spread_mean,0.05,1,degree,0.8037224180295423,0.8037224180295423,0.7101449275362319
ca-GrQc,betweenness,0.05,2,local,0.8162693188839026,0.7114516452406482,0.7874396135265701
ca-GrQc,betweenness,0.05,2,local_trained_damaged,0.7534837742249157,0.7188464082637136,0.7681159420289855
ca-GrQc,betweenness,0.05,2,recompute,0.8858571214038902,0.8846936313582882,0.9516908212560387
ca-GrQc,betweenness,0.05,2,degree,0.5440598242857897,0.4093283983958324,0.3140096618357488
ca-GrQc,spread_mean,0.05,2,local,0.9059660322880173,0.9059660322880173,0.9565217391304348
ca-GrQc,spread_mean,0.05,2,local_trained_damaged,0.9026010821858677,0.9026010821858677,0.9710144927536232
ca-GrQc,spread_mean,0.05,2,recompute,0.8968670633835369,0.8968670633835369,0.9758454106280193
ca-GrQc,spread_mean,0.05,2,degree,0.805283144393878,0.805283144393878,0.7101449275362319
ca-GrQc,betweenness,0.1,0,local,0.7621723938041647,0.6733514075105356,0.7729468599033816
ca-GrQc,betweenness,0.1,0,local_trained_damaged,0.6989868392154801,0.686633339331236,0.748792270531401
ca-GrQc,betweenness,0.1,0,recompute,0.8254834648985186,0.8065441845958965,0.9130434782608695
ca-GrQc,betweenness,0.1,0,degree,0.5396675338531939,0.40160793716690857,0.30917874396135264
ca-GrQc,spread_mean,0.1,0,local,0.8668622076266232,0.8668622076266232,0.9420289855072463
ca-GrQc,spread_mean,0.1,0,local_trained_damaged,0.8606531492926829,0.8606531492926829,0.9516908212560387
ca-GrQc,spread_mean,0.1,0,recompute,0.8600126859515194,0.8600126859515194,0.927536231884058
ca-GrQc,spread_mean,0.1,0,degree,0.7831548586512802,0.7831548586512802,0.7053140096618358
ca-GrQc,betweenness,0.1,1,local,0.7469675324885503,0.668300791057411,0.7729468599033816
ca-GrQc,betweenness,0.1,1,local_trained_damaged,0.7058881897958509,0.6866197186907418,0.7584541062801933
ca-GrQc,betweenness,0.1,1,recompute,0.8191221803989881,0.8181346100026048,0.9227053140096618
ca-GrQc,betweenness,0.1,1,degree,0.5319206879053094,0.39523396904754954,0.3188405797101449
ca-GrQc,spread_mean,0.1,1,local,0.8657392766517138,0.8657392766517138,0.9468599033816425
ca-GrQc,spread_mean,0.1,1,local_trained_damaged,0.865045786522405,0.865045786522405,0.9565217391304348
ca-GrQc,spread_mean,0.1,1,recompute,0.8593336153383724,0.8593336153383724,0.9565217391304348
ca-GrQc,spread_mean,0.1,1,degree,0.7810256543145974,0.7810256543145974,0.7101449275362319
ca-GrQc,betweenness,0.1,2,local,0.7456224174587384,0.6755393249933966,0.7729468599033816
ca-GrQc,betweenness,0.1,2,local_trained_damaged,0.7066886622729935,0.6906619845071807,0.7632850241545893
ca-GrQc,betweenness,0.1,2,recompute,0.8244628643336788,0.8128999254131386,0.9178743961352657
ca-GrQc,betweenness,0.1,2,degree,0.5354513219408439,0.40801773545619463,0.3188405797101449
ca-GrQc,spread_mean,0.1,2,local,0.8672622954073252,0.8672622954073252,0.9516908212560387
ca-GrQc,spread_mean,0.1,2,local_trained_damaged,0.8610290147346082,0.8610290147346082,0.9565217391304348
ca-GrQc,spread_mean,0.1,2,recompute,0.8607620922081345,0.8607620922081345,0.9565217391304348
ca-GrQc,spread_mean,0.1,2,degree,0.7852334224132963,0.7852334224132963,0.7101449275362319
ca-GrQc,betweenness,0.2,0,local,0.6531858434965852,0.6028432530418729,0.7777777777777778
ca-GrQc,betweenness,0.2,0,local_trained_damaged,0.649032621465235,0.635074382541713,0.7439613526570048
ca-GrQc,betweenness,0.2,0,recompute,0.7485364121956889,0.710457454660972,0.8502415458937198
ca-GrQc,betweenness,0.2,0,degree,0.5261793742166049,0.3948116259171795,0.32367149758454106
ca-GrQc,spread_mean,0.2,0,local,0.8051626065193127,0.8051626065193127,0.9082125603864735
ca-GrQc,spread_mean,0.2,0,local_trained_damaged,0.7985066867620707,0.7985066867620707,0.9371980676328503
ca-GrQc,spread_mean,0.2,0,recompute,0.798107840041259,0.798107840041259,0.8985507246376812
ca-GrQc,spread_mean,0.2,0,degree,0.7484860209093069,0.7484860209093069,0.714975845410628
ca-GrQc,betweenness,0.2,1,local,0.6540631635496641,0.6075348315930512,0.7584541062801933
ca-GrQc,betweenness,0.2,1,local_trained_damaged,0.6595701170019618,0.6426103091153459,0.748792270531401
ca-GrQc,betweenness,0.2,1,recompute,0.7535896310599015,0.7245232380594891,0.855072463768116
ca-GrQc,betweenness,0.2,1,degree,0.5196258202653593,0.38140202771054355,0.30917874396135264
ca-GrQc,spread_mean,0.2,1,local,0.8021670039195444,0.8021670039195444,0.8792270531400966
ca-GrQc,spread_mean,0.2,1,local_trained_damaged,0.8048862104734757,0.8048862104734757,0.927536231884058
ca-GrQc,spread_mean,0.2,1,recompute,0.7938744663513008,0.7938744663513008,0.8647342995169082
ca-GrQc,spread_mean,0.2,1,degree,0.7422700335123126,0.7422700335123126,0.6908212560386473
ca-GrQc,betweenness,0.2,2,local,0.6418928830860074,0.6078265002103052,0.7584541062801933
ca-GrQc,betweenness,0.2,2,local_trained_damaged,0.6610275789698499,0.6401584894831127,0.7584541062801933
ca-GrQc,betweenness,0.2,2,recompute,0.7506288457048982,0.707962277372312,0.855072463768116
ca-GrQc,betweenness,0.2,2,degree,0.5159545533064499,0.3882200190256179,0.3188405797101449
ca-GrQc,spread_mean,0.2,2,local,0.8079375914212084,0.8079375914212084,0.9371980676328503
ca-GrQc,spread_mean,0.2,2,local_trained_damaged,0.8013359333135955,0.8013359333135955,0.9468599033816425
ca-GrQc,spread_mean,0.2,2,recompute,0.8017521533458324,0.8017521533458324,0.9323671497584541
ca-GrQc,spread_mean,0.2,2,degree,0.753037249570792,0.753037249570792,0.7198067632850241
ca-GrQc,betweenness,0.3,0,local,0.5439813718707479,0.5373211594020041,0.7342995169082126
ca-GrQc,betweenness,0.3,0,local_trained_damaged,0.6097568577094956,0.5882471682721665,0.7342995169082126
ca-GrQc,betweenness,0.3,0,recompute,0.6973729878344747,0.6324594054501902,0.7971014492753623
ca-GrQc,betweenness,0.3,0,degree,0.5080117095273967,0.3834300528058749,0.3285024154589372
ca-GrQc,spread_mean,0.3,0,local,0.75260315262151,0.75260315262151,0.855072463768116
ca-GrQc,spread_mean,0.3,0,local_trained_damaged,0.750145658212863,0.750145658212863,0.927536231884058
ca-GrQc,spread_mean,0.3,0,recompute,0.7476363528326235,0.7476363528326235,0.8647342995169082
ca-GrQc,spread_mean,0.3,0,degree,0.7172069166813415,0.7172069166813415,0.7198067632850241
ca-GrQc,betweenness,0.3,1,local,0.549294149496018,0.5253641772832757,0.7439613526570048
ca-GrQc,betweenness,0.3,1,local_trained_damaged,0.6058163947901296,0.5841591257481861,0.7391304347826086
ca-GrQc,betweenness,0.3,1,recompute,0.6941610528547265,0.6345321849156826,0.8357487922705314
ca-GrQc,betweenness,0.3,1,degree,0.504245560334259,0.3667363928391885,0.3285024154589372
ca-GrQc,spread_mean,0.3,1,local,0.7446752335137995,0.7446752335137995,0.8405797101449275
ca-GrQc,spread_mean,0.3,1,local_trained_damaged,0.7499507426720167,0.7499507426720167,0.9130434782608695
ca-GrQc,spread_mean,0.3,1,recompute,0.7362414043888287,0.7362414043888287,0.8309178743961353
ca-GrQc,spread_mean,0.3,1,degree,0.7058320138752762,0.7058320138752762,0.6908212560386473
ca-GrQc,betweenness,0.3,2,local,0.5273120719126208,0.5324018170074204,0.7053140096618358
ca-GrQc,betweenness,0.3,2,local_trained_damaged,0.6051835678336897,0.5918782757488688,0.7101449275362319
ca-GrQc,betweenness,0.3,2,recompute,0.688435340844969,0.6300132091624537,0.8019323671497585
ca-GrQc,betweenness,0.3,2,degree,0.49435578450800494,0.37234638116043145,0.3333333333333333
ca-GrQc,spread_mean,0.3,2,local,0.7473845970900869,0.7473845970900869,0.8695652173913043
ca-GrQc,spread_mean,0.3,2,local_trained_damaged,0.7399612217411837,0.7399612217411837,0.927536231884058
ca-GrQc,spread_mean,0.3,2,recompute,0.7433129883578283,0.7433129883578283,0.8792270531400966
ca-GrQc,spread_mean,0.3,2,degree,0.7181863426877183,0.7181863426877183,0.714975845410628
ca-GrQc,betweenness,0.5,0,local,0.3052008182824378,0.39912022631222305,0.6376811594202898
ca-GrQc,betweenness,0.5,0,local_trained_damaged,0.5157922229029527,0.48483667906719324,0.6570048309178744
ca-GrQc,betweenness,0.5,0,recompute,0.5818379785200936,0.4786457623240005,0.6714975845410628
ca-GrQc,betweenness,0.5,0,degree,0.47242618775853723,0.35737411108563927,0.3285024154589372
ca-GrQc,spread_mean,0.5,0,local,0.6387136113135059,0.6387136113135059,0.8164251207729468
ca-GrQc,spread_mean,0.5,0,local_trained_damaged,0.6423900829727163,0.6423900829727163,0.9130434782608695
ca-GrQc,spread_mean,0.5,0,recompute,0.6482347581653107,0.6482347581653107,0.7729468599033816
ca-GrQc,spread_mean,0.5,0,degree,0.6528993048050401,0.6528993048050401,0.7004830917874396
ca-GrQc,betweenness,0.5,1,local,0.31823267815202916,0.39477801443062405,0.6473429951690821
ca-GrQc,betweenness,0.5,1,local_trained_damaged,0.5063707071670145,0.4738811475547493,0.6811594202898551
ca-GrQc,betweenness,0.5,1,recompute,0.5852398707207964,0.47195483185925646,0.7004830917874396
ca-GrQc,betweenness,0.5,1,degree,0.45935816509340693,0.3345679761972808,0.2946859903381642
ca-GrQc,spread_mean,0.5,1,local,0.6219387307287328,0.6219387307287328,0.8019323671497585
ca-GrQc,spread_mean,0.5,1,local_trained_damaged,0.6307880586254152,0.6307880586254152,0.8985507246376812
ca-GrQc,spread_mean,0.5,1,recompute,0.628526424416713,0.628526424416713,0.748792270531401
ca-GrQc,spread_mean,0.5,1,degree,0.632788911196561,0.632788911196561,0.6521739130434783
ca-GrQc,betweenness,0.5,2,local,0.2953035101945685,0.3682502597755592,0.6135265700483091
ca-GrQc,betweenness,0.5,2,local_trained_damaged,0.5040655622278195,0.46318992224606775,0.6231884057971014
ca-GrQc,betweenness,0.5,2,recompute,0.5707026201477807,0.46659099972864565,0.6763285024154589
ca-GrQc,betweenness,0.5,2,degree,0.44760605088112426,0.33134747295646994,0.32367149758454106
ca-GrQc,spread_mean,0.5,2,local,0.6186801398128841,0.6186801398128841,0.8067632850241546
ca-GrQc,spread_mean,0.5,2,local_trained_damaged,0.6231840146366442,0.6231840146366442,0.893719806763285
ca-GrQc,spread_mean,0.5,2,recompute,0.634989169564818,0.634989169564818,0.7632850241545893
ca-GrQc,spread_mean,0.5,2,degree,0.6395765375025305,0.6395765375025305,0.6714975845410628
ca-HepTh,betweenness,0.0,0,local,0.9163560483296749,0.7653811486668185,0.7865429234338747
ca-HepTh,betweenness,0.0,0,local_trained_damaged,0.9163560483296749,0.7653811486668185,0.7865429234338747
ca-HepTh,betweenness,0.0,0,recompute,0.9999997894343416,0.9999993912981813,1.0
ca-HepTh,betweenness,0.0,0,degree,0.6859854563011536,0.5598098444867758,0.605568445475638
ca-HepTh,spread_mean,0.0,0,local,0.9504426212063893,0.9504426212063893,0.962877030162413
ca-HepTh,spread_mean,0.0,0,local_trained_damaged,0.9504426212063893,0.9504426212063893,0.962877030162413
ca-HepTh,spread_mean,0.0,0,recompute,1.0,1.0,1.0
ca-HepTh,spread_mean,0.0,0,degree,0.76121509977956,0.76121509977956,0.728538283062645
ca-HepTh,betweenness,0.05,0,local,0.8425917761022862,0.7323952398894976,0.703016241299304
ca-HepTh,betweenness,0.05,0,local_trained_damaged,0.7846448636241335,0.7303170882415295,0.7703016241299304
ca-HepTh,betweenness,0.05,0,recompute,0.9268085955959687,0.8990010530332789,0.9350348027842227
ca-HepTh,betweenness,0.05,0,degree,0.6771576258314409,0.551916623858694,0.5986078886310905
ca-HepTh,spread_mean,0.05,0,local,0.9127882714484282,0.9127882714484282,0.9373549883990719
ca-HepTh,spread_mean,0.05,0,local_trained_damaged,0.9092017992656013,0.9092017992656013,0.9466357308584686
ca-HepTh,spread_mean,0.05,0,recompute,0.9052024079904226,0.9052024079904226,0.9466357308584686
ca-HepTh,spread_mean,0.05,0,degree,0.7459255881627967,0.7459255881627967,0.7308584686774942
ca-HepTh,betweenness,0.05,1,local,0.8411324338039495,0.7347568164649608,0.7053364269141531
ca-HepTh,betweenness,0.05,1,local_trained_damaged,0.7813377931166229,0.7332318042499671,0.7679814385150812
ca-HepTh,betweenness,0.05,1,recompute,0.925936472870506,0.9024218460936745,0.9327146171693735
ca-HepTh,betweenness,0.05,1,degree,0.6792072144878926,0.5552738800157522,0.605568445475638
ca-HepTh,spread_mean,0.05,1,local,0.9098753082203157,0.9098753082203157,0.9396751740139211
ca-HepTh,spread_mean,0.05,1,local_trained_damaged,0.9060361818807928,0.9060361818807928,0.9466357308584686
ca-HepTh,spread_mean,0.05,1,recompute,0.9023974723001904,0.9023974723001904,0.9396751740139211
ca-HepTh,spread_mean,0.05,1,degree,0.7471085312072246,0.7471085312072246,0.7192575406032483
ca-HepTh,betweenness,0.05,2,local,0.838001461501157,0.7356379378633074,0.6960556844547564
ca-HepTh,betweenness,0.05,2,local_trained_damaged,0.7859346171409862,0.7332442799218857,0.7819025522041764
ca-HepTh,betweenness,0.05,2,recompute,0.9238193345218355,0.9058142647442613,0.9419953596287703
ca-HepTh,betweenness,0.05,2,degree,0.6774272896717364,0.5549431936939876,0.5939675174013921
ca-HepTh,spread_mean,0.05,2,local,0.911470665565129,0.911470665565129,0.9466357308584686
ca-HepTh,spread_mean,0.05,2,local_trained_damaged,0.906768029728152,0.906768029728152,0.9559164733178654
ca-HepTh,spread_mean,0.05,2,recompute,0.9028443510105292,0.9028443510105292,0.9443155452436195
ca-HepTh,spread_mean,0.05,2,degree,0.7468968779724067,0.7468968779724067,0.7169373549883991
ca-HepTh,betweenness,0.1,0,local,0.7772958274061493,0.6997401495602965,0.568445475638051
ca-HepTh,betweenness,0.1,0,local_trained_damaged,0.752194725328964,0.703584850058261,0.765661252900232
ca-HepTh,betweenness,0.1,0,recompute,0.8810863774488207,0.8453859889899573,0.9095127610208816
ca-HepTh,betweenness,0.1,0,degree,0.6713095388754466,0.5505974012141702,0.6125290023201856
ca-HepTh,spread_mean,0.1,0,local,0.8747428694549175,0.8747428694549175,0.9350348027842227
ca-HepTh,spread_mean,0.1,0,local_trained_damaged,0.873262845278351,0.873262845278351,0.9327146171693735
ca-HepTh,spread_mean,0.1,0,recompute,0.8673557328632292,0.8673557328632292,0.9234338747099768
ca-HepTh,spread_mean,0.1,0,degree,0.7320452453843064,0.7320452453843064,0.7146171693735499
ca-HepTh,betweenness,0.1,1,local,0.7808447979583885,0.707828895331673,0.5730858468677494
ca-HepTh,betweenness,0.1,1,local_trained_damaged,0.7507108719661232,0.7037340187860107,0.7633410672853829
ca-HepTh,betweenness,0.1,1,recompute,0.8790580899900367,0.8461927875590765,0.8932714617169374
ca-HepTh,betweenness,0.1,1,degree,0.6728284337096122,0.5520307117006795,0.5962877030162413
ca-HepTh,spread_mean,0.1,1,local,0.8744128961687859,0.8744128961687859,0.9303944315545244
ca-HepTh,spread_mean,0.1,1,local_trained_damaged,0.8694429153680289,0.8694429153680289,0.9373549883990719
ca-HepTh,spread_mean,0.1,1,recompute,0.8665164020178363,0.8665164020178363,0.91415313225058
ca-HepTh,spread_mean,0.1,1,degree,0.7334422026720356,0.7334422026720356,0.703016241299304
ca-HepTh,betweenness,0.1,2,local,0.7672635342055177,0.7033047340844591,0.5568445475638051
ca-HepTh,betweenness,0.1,2,local_trained_damaged,0.7529575465868276,0.7038308115039202,0.7540603248259861
ca-HepTh,betweenness,0.1,2,recompute,0.8736424675887909,0.8399318848195351,0.9071925754060325
ca-HepTh,betweenness,0.1,2,degree,0.6683283323035677,0.5454066601435674,0.5893271461716937
ca-HepTh,spread_mean,0.1,2,local,0.8686237017340491,0.8686237017340491,0.9303944315545244
ca-HepTh,spread_mean,0.1,2,local_trained_damaged,0.8651173936890079,0.8651173936890079,0.9327146171693735
ca-HepTh,spread_mean,0.1,2,recompute,0.8613912445365901,0.8613912445365901,0.9187935034802784
ca-HepTh,spread_mean,0.1,2,degree,0.7330146703386707,0.7330146703386707,0.7215777262180975
ca-HepTh,betweenness,0.2,0,local,0.6684045712368553,0.6428145912134585,0.3805104408352668
ca-HepTh,betweenness,0.2,0,local_trained_damaged,0.7076924003648661,0.6571249678223128,0.7470997679814385
ca-HepTh,betweenness,0.2,0,recompute,0.81374833598247,0.7544378423815383,0.8352668213457076
ca-HepTh,betweenness,0.2,0,degree,0.6550095127495418,0.5385480904227467,0.5916473317865429
ca-HepTh,spread_mean,0.2,0,local,0.8110567724201192,0.8110567724201192,0.8839907192575406
ca-HepTh,spread_mean,0.2,0,local_trained_damaged,0.812861371150736,0.812861371150736,0.9187935034802784
ca-HepTh,spread_mean,0.2,0,recompute,0.8025717890332833,0.8025717890332833,0.888631090487239
ca-HepTh,spread_mean,0.2,0,degree,0.7051322718893859,0.7051322718893859,0.7006960556844548
ca-HepTh,betweenness,0.2,1,local,0.6558912793145748,0.6462289912399917,0.37354988399071926
ca-HepTh,betweenness,0.2,1,local_trained_damaged,0.7039726575248665,0.6538444117532456,0.7447795823665894
ca-HepTh,betweenness,0.2,1,recompute,0.8078511889174393,0.7468132111676183,0.8213457076566125
ca-HepTh,betweenness,0.2,1,degree,0.651918703790207,0.5340570779795323,0.6102088167053364
ca-HepTh,spread_mean,0.2,1,local,0.8089281718400011,0.8089281718400011,0.877030162412993
ca-HepTh,spread_mean,0.2,1,local_trained_damaged,0.8095858466379909,0.8095858466379909,0.9002320185614849
ca-HepTh,spread_mean,0.2,1,recompute,0.8003235648571401,0.8003235648571401,0.8793503480278422
ca-HepTh,spread_mean,0.2,1,degree,0.7050582892435697,0.7050582892435697,0.7053364269141531
ca-HepTh,betweenness,0.2,2,local,0.6508699642777398,0.6450034665279604,0.3665893271461717
ca-HepTh,betweenness,0.2,2,local_trained_damaged,0.7047177577140876,0.6524422102579213,0.7378190255220418
ca-HepTh,betweenness,0.2,2,recompute,0.8035442963057915,0.7399979691639719,0.839907192575406
ca-HepTh,betweenness,0.2,2,degree,0.6502616643505471,0.5297124957116516,0.5986078886310905
ca-HepTh,spread_mean,0.2,2,local,0.8073137742319834,0.8073137742319834,0.888631090487239
ca-HepTh,spread_mean,0.2,2,local_trained_damaged,0.8112895408882846,0.8112895408882846,0.91415313225058
ca-HepTh,spread_mean,0.2,2,recompute,0.7991330346828766,0.7991330346828766,0.888631090487239
ca-HepTh,spread_mean,0.2,2,degree,0.7049648260399397,0.7049648260399397,0.7122969837587007
ca-HepTh,betweenness,0.3,0,local,0.5495747067516533,0.5862003477592722,0.1716937354988399
ca-HepTh,betweenness,0.3,0,local_trained_damaged,0.6655516802825425,0.6130607822918736,0.6983758700696056
ca-HepTh,betweenness,0.3,0,recompute,0.7562627207029693,0.6770546490665268,0.7888631090487239
ca-HepTh,betweenness,0.3,0,degree,0.6336746329527926,0.5248833837496548,0.5846867749419954
ca-HepTh,spread_mean,0.3,0,local,0.7556831419154655,0.7556831419154655,0.8259860788863109
ca-HepTh,spread_mean,0.3,0,local_trained_damaged,0.7625505103141681,0.7625505103141681,0.8979118329466357
ca-HepTh,spread_mean,0.3,0,recompute,0.7455168634549367,0.7455168634549367,0.8375870069605569
ca-HepTh,spread_mean,0.3,0,degree,0.6778040737305592,0.6778040737305592,0.703016241299304
ca-HepTh,betweenness,0.3,1,local,0.5365036567088403,0.5866857837820223,0.16473317865429235
ca-HepTh,betweenness,0.3,1,local_trained_damaged,0.6645168834473917,0.6121662210155647,0.7192575406032483
ca-HepTh,betweenness,0.3,1,recompute,0.7536877319143208,0.6746989295923111,0.777262180974478
ca-HepTh,betweenness,0.3,1,degree,0.6320295844200566,0.5200672986609006,0.6102088167053364
ca-HepTh,spread_mean,0.3,1,local,0.7491694580382814,0.7491694580382814,0.8329466357308585
ca-HepTh,spread_mean,0.3,1,local_trained_damaged,0.7553334266717364,0.7553334266717364,0.8793503480278422
ca-HepTh,spread_mean,0.3,1,recompute,0.7397550883437324,0.7397550883437324,0.8445475638051044
ca-HepTh,spread_mean,0.3,1,degree,0.6764364590586297,0.6764364590586297,0.691415313225058
ca-HepTh,betweenness,0.3,2,local,0.5336300432586677,0.5817383923457476,0.11600928074245939
ca-HepTh,betweenness,0.3,2,local_trained_damaged,0.663690096054424,0.603153374506214,0.7146171693735499
ca-HepTh,betweenness,0.3,2,recompute,0.747374635645135,0.6549737530883084,0.7795823665893271
ca-HepTh,betweenness,0.3,2,degree,0.6293925277254466,0.512844717862579,0.5846867749419954
ca-HepTh,spread_mean,0.3,2,local,0.7500838939978574,0.7500838939978574,0.8584686774941995
ca-HepTh,spread_mean,0.3,2,local_trained_damaged,0.7560015349895289,0.7560015349895289,0.8816705336426914
ca-HepTh,spread_mean,0.3,2,recompute,0.7408291480552432,0.7408291480552432,0.8561484918793504
ca-HepTh,spread_mean,0.3,2,degree,0.6773492459068323,0.6773492459068323,0.703016241299304
ca-HepTh,betweenness,0.5,0,local,0.2784813555581811,0.4431691944313699,0.04640371229698376
ca-HepTh,betweenness,0.5,0,local_trained_damaged,0.5667713288914469,0.5131792565522889,0.6450116009280742
ca-HepTh,betweenness,0.5,0,recompute,0.6568246472784396,0.5372724442638783,0.6774941995359629
ca-HepTh,betweenness,0.5,0,degree,0.584256920917469,0.4864153417038761,0.5522041763341067
ca-HepTh,spread_mean,0.5,0,local,0.6378526239970895,0.6378526239970895,0.7865429234338747
ca-HepTh,spread_mean,0.5,0,local_trained_damaged,0.6460983827518836,0.6460983827518836,0.8051044083526682
ca-HepTh,spread_mean,0.5,0,recompute,0.6370998032709552,0.6370998032709552,0.7726218097447796
ca-HepTh,spread_mean,0.5,0,degree,0.6170684182719932,0.6170684182719932,0.6566125290023201
ca-HepTh,betweenness,0.5,1,local,0.2815127904307258,0.44515299199870606,0.04408352668213457
ca-HepTh,betweenness,0.5,1,local_trained_damaged,0.5701640518276332,0.515443871509373,0.6635730858468677
ca-HepTh,betweenness,0.5,1,recompute,0.6503053043701029,0.5289817403642699,0.6844547563805105
ca-HepTh,betweenness,0.5,1,degree,0.5846654066874741,0.483653274788654,0.580046403712297
ca-HepTh,spread_mean,0.5,1,local,0.6277023049941095,0.6277023049941095,0.7819025522041764
ca-HepTh,spread_mean,0.5,1,local_trained_damaged,0.6392695465835718,0.6392695465835718,0.8329466357308585
ca-HepTh,spread_mean,0.5,1,recompute,0.6261579893906758,0.6261579893906758,0.7540603248259861
ca-HepTh,spread_mean,0.5,1,degree,0.609578309473719,0.609578309473719,0.6635730858468677
ca-HepTh,betweenness,0.5,2,local,0.273617463725812,0.43574260338808474,0.05104408352668213
ca-HepTh,betweenness,0.5,2,local_trained_damaged,0.5688764661187389,0.5135294047597283,0.6728538283062645
ca-HepTh,betweenness,0.5,2,recompute,0.6436432741897715,0.5221094804516734,0.6821345707656613
ca-HepTh,betweenness,0.5,2,degree,0.5783735676866741,0.4723248999828386,0.5661252900232019
ca-HepTh,spread_mean,0.5,2,local,0.634422405694216,0.634422405694216,0.7935034802784223
ca-HepTh,spread_mean,0.5,2,local_trained_damaged,0.6426600626675849,0.6426600626675849,0.8375870069605569
ca-HepTh,spread_mean,0.5,2,recompute,0.6332026625835384,0.6332026625835384,0.7819025522041764
ca-HepTh,spread_mean,0.5,2,degree,0.6121312103625169,0.6121312103625169,0.6728538283062645
email-Eu-core,betweenness,0.0,0,local,0.906713754965922,0.8902649732549166,0.8571428571428571
email-Eu-core,betweenness,0.0,0,local_trained_damaged,0.906713754965922,0.8902649732549166,0.8571428571428571
email-Eu-core,betweenness,0.0,0,recompute,1.0,0.9999999999999998,1.0
email-Eu-core,betweenness,0.0,0,degree,0.8056767045703289,0.7496846907289697,0.7346938775510204
email-Eu-core,spread_mean,0.0,0,local,0.9685277243586083,0.9685277243586083,0.9795918367346939
email-Eu-core,spread_mean,0.0,0,local_trained_damaged,0.9685277243586083,0.9685277243586083,0.9795918367346939
email-Eu-core,spread_mean,0.0,0,recompute,0.9999999999999999,0.9999999999999999,1.0
email-Eu-core,spread_mean,0.0,0,degree,0.8813640810342573,0.8813640810342573,0.8775510204081632
email-Eu-core,betweenness,0.05,0,local,0.8928307929660423,0.8735680150036826,0.8163265306122449
email-Eu-core,betweenness,0.05,0,local_trained_damaged,0.8821000483625749,0.865531458809478,0.8367346938775511
email-Eu-core,betweenness,0.05,0,recompute,0.9704858985136842,0.9636385723208611,0.9591836734693877
email-Eu-core,betweenness,0.05,0,degree,0.803490761214991,0.747715201200863,0.7346938775510204
email-Eu-core,spread_mean,0.05,0,local,0.9559824712499893,0.9559824712499893,0.9795918367346939
email-Eu-core,spread_mean,0.05,0,local_trained_damaged,0.9563160777837377,0.9563160777837377,0.9795918367346939
email-Eu-core,spread_mean,0.05,0,recompute,0.956824813687282,0.956824813687282,0.9591836734693877
email-Eu-core,spread_mean,0.05,0,degree,0.878471441784751,0.878471441784751,0.8571428571428571
email-Eu-core,betweenness,0.05,1,local,0.8668520779194495,0.8736569819787631,0.8163265306122449
email-Eu-core,betweenness,0.05,1,local_trained_damaged,0.864837163518854,0.8545655401870298,0.8367346938775511
email-Eu-core,betweenness,0.05,1,recompute,0.9610373689930441,0.9506093796485451,0.9591836734693877
email-Eu-core,betweenness,0.05,1,degree,0.8041310204691545,0.7477690800820463,0.7551020408163265
email-Eu-core,spread_mean,0.05,1,local,0.9581074959138887,0.9581074959138887,0.9795918367346939
email-Eu-core,spread_mean,0.05,1,local_trained_damaged,0.958408154892482,0.958408154892482,0.9591836734693877
email-Eu-core,spread_mean,0.05,1,recompute,0.9583650392100239,0.9583650392100239,0.9795918367346939
email-Eu-core,spread_mean,0.05,1,degree,0.878282817202999,0.878282817202999,0.8775510204081632
email-Eu-core,betweenness,0.05,2,local,0.8723301099093632,0.8672226922496724,0.8367346938775511
email-Eu-core,betweenness,0.05,2,local_trained_damaged,0.8630499621115345,0.862808707918638,0.8571428571428571
email-Eu-core,betweenness,0.05,2,recompute,0.962020834641147,0.9505750806066314,0.9591836734693877
email-Eu-core,betweenness,0.05,2,degree,0.8025716866051195,0.7466813688516902,0.7346938775510204
email-Eu-core,spread_mean,0.05,2,local,0.9571159832250427,0.9571159832250427,1.0
email-Eu-core,spread_mean,0.05,2,local_trained_damaged,0.9585945648986997,0.9585945648986997,0.9795918367346939
email-Eu-core,spread_mean,0.05,2,recompute,0.9572864659396877,0.9572864659396877,0.9591836734693877
email-Eu-core,spread_mean,0.05,2,degree,0.8794621603880733,0.8794621603880733,0.8775510204081632
email-Eu-core,betweenness,0.1,0,local,0.8752719640294748,0.860414365225284,0.8367346938775511
email-Eu-core,betweenness,0.1,0,local_trained_damaged,0.8725456866645839,0.850425029753654,0.8571428571428571
email-Eu-core,betweenness,0.1,0,recompute,0.9485087301525617,0.9368452648494104,0.9387755102040817
email-Eu-core,betweenness,0.1,0,degree,0.8003768300785926,0.7443072808022227,0.7551020408163265
email-Eu-core,spread_mean,0.1,0,local,0.9459536822416217,0.9459536822416217,0.9591836734693877
email-Eu-core,spread_mean,0.1,0,local_trained_damaged,0.9461678493990899,0.9461678493990899,0.9591836734693877
email-Eu-core,spread_mean,0.1,0,recompute,0.9446502595761818,0.9446502595761818,0.9591836734693877
email-Eu-core,spread_mean,0.1,0,degree,0.8756128227756459,0.8756128227756459,0.8571428571428571
email-Eu-core,betweenness,0.1,1,local,0.8427341830018213,0.8577422720192073,0.8571428571428571
email-Eu-core,betweenness,0.1,1,local_trained_damaged,0.8513541051753519,0.837627602608143,0.8571428571428571
email-Eu-core,betweenness,0.1,1,recompute,0.9439265044868526,0.9280531637665925,0.9387755102040817
email-Eu-core,betweenness,0.1,1,degree,0.8030723744057517,0.7463397798236555,0.7551020408163265
email-Eu-core,spread_mean,0.1,1,local,0.9465287610442329,0.9465287610442329,0.9591836734693877
email-Eu-core,spread_mean,0.1,1,local_trained_damaged,0.947854962270676,0.947854962270676,0.9387755102040817
email-Eu-core,spread_mean,0.1,1,recompute,0.9451449964265739,0.9451449964265739,0.9591836734693877
email-Eu-core,spread_mean,0.1,1,degree,0.8765887839358042,0.8765887839358042,0.8775510204081632
email-Eu-core,betweenness,0.1,2,local,0.8428450551562128,0.8462372860739928,0.7755102040816326
email-Eu-core,betweenness,0.1,2,local_trained_damaged,0.8377563564127307,0.8431097093034358,0.8163265306122449
email-Eu-core,betweenness,0.1,2,recompute,0.9396001997252882,0.9219703282499222,0.9183673469387755
email-Eu-core,betweenness,0.1,2,degree,0.7986504263895975,0.7415168204633765,0.7346938775510204
email-Eu-core,spread_mean,0.1,2,local,0.9429002415395858,0.9429002415395858,0.9795918367346939
email-Eu-core,spread_mean,0.1,2,local_trained_damaged,0.9446671369623936,0.9446671369623936,0.9795918367346939
email-Eu-core,spread_mean,0.1,2,recompute,0.9409151681231966,0.9409151681231966,1.0
email-Eu-core,spread_mean,0.1,2,degree,0.8755212150060908,0.8755212150060908,0.8775510204081632
email-Eu-core,betweenness,0.2,0,local,0.8181894800601679,0.841022974825188,0.8163265306122449
email-Eu-core,betweenness,0.2,0,local_trained_damaged,0.8490962223105478,0.8322981721521157,0.8163265306122449
email-Eu-core,betweenness,0.2,0,recompute,0.9137821134361281,0.8918358086481077,0.9387755102040817
email-Eu-core,betweenness,0.2,0,degree,0.7973621182339945,0.7417458577004528,0.7755102040816326
email-Eu-core,spread_mean,0.2,0,local,0.926431415689615,0.926431415689615,0.9591836734693877
email-Eu-core,spread_mean,0.2,0,local_trained_damaged,0.9320739837181332,0.9320739837181332,0.9183673469387755
email-Eu-core,spread_mean,0.2,0,recompute,0.925572914130578,0.925572914130578,0.9591836734693877
email-Eu-core,spread_mean,0.2,0,degree,0.8688030311339562,0.8688030311339562,0.8571428571428571
email-Eu-core,betweenness,0.2,1,local,0.805336854057629,0.8343992282895507,0.7959183673469388
email-Eu-core,betweenness,0.2,1,local_trained_damaged,0.8237902662151554,0.806021170993676,0.7755102040816326
email-Eu-core,betweenness,0.2,1,recompute,0.9200286942650981,0.8969810610671018,0.9183673469387755
email-Eu-core,betweenness,0.2,1,degree,0.8003479485571066,0.7438449570765974,0.7551020408163265
email-Eu-core,spread_mean,0.2,1,local,0.929059348986987,0.929059348986987,0.9591836734693877
email-Eu-core,spread_mean,0.2,1,local_trained_damaged,0.9294300328370864,0.9294300328370864,0.9591836734693877
email-Eu-core,spread_mean,0.2,1,recompute,0.9266968114514833,0.9266968114514833,0.9591836734693877
email-Eu-core,spread_mean,0.2,1,degree,0.8695824950980718,0.8695824950980718,0.8775510204081632
email-Eu-core,betweenness,0.2,2,local,0.78644949726213,0.8164467744533602,0.7551020408163265
email-Eu-core,betweenness,0.2,2,local_trained_damaged,0.8342524629547899,0.8150801023251825,0.7755102040816326
email-Eu-core,betweenness,0.2,2,recompute,0.9083579052894544,0.8846003924017011,0.8775510204081632
email-Eu-core,betweenness,0.2,2,degree,0.7950127978806066,0.7397312303295448,0.7346938775510204
email-Eu-core,spread_mean,0.2,2,local,0.9218799405036493,0.9218799405036493,0.9591836734693877
email-Eu-core,spread_mean,0.2,2,local_trained_damaged,0.9253108925972212,0.9253108925972212,0.9591836734693877
email-Eu-core,spread_mean,0.2,2,recompute,0.9213823454662102,0.9213823454662102,0.9591836734693877
email-Eu-core,spread_mean,0.2,2,degree,0.8689915099069072,0.8689915099069072,0.8571428571428571
email-Eu-core,betweenness,0.3,0,local,0.7660060300495446,0.8113117833017757,0.8163265306122449
email-Eu-core,betweenness,0.3,0,local_trained_damaged,0.8276573346240849,0.8097809154959769,0.8571428571428571
email-Eu-core,betweenness,0.3,0,recompute,0.8863728098401392,0.8568561683083704,0.9387755102040817
email-Eu-core,betweenness,0.3,0,degree,0.7931735748830667,0.7390166622409785,0.7551020408163265
email-Eu-core,spread_mean,0.3,0,local,0.9086264171228245,0.9086264171228245,0.9795918367346939
email-Eu-core,spread_mean,0.3,0,local_trained_damaged,0.9157932150928961,0.9157932150928961,0.9387755102040817
email-Eu-core,spread_mean,0.3,0,recompute,0.9095124973166889,0.9095124973166889,0.9591836734693877
email-Eu-core,spread_mean,0.3,0,degree,0.8605088672765894,0.8605088672765894,0.8775510204081632
email-Eu-core,betweenness,0.3,1,local,0.715175195827109,0.8020856946425626,0.7755102040816326
email-Eu-core,betweenness,0.3,1,local_trained_damaged,0.8066840686578011,0.7923530613915435,0.7959183673469388
email-Eu-core,betweenness,0.3,1,recompute,0.8868038511358269,0.8550780485926087,0.8775510204081632
email-Eu-core,betweenness,0.3,1,degree,0.79169996013816,0.7336187106846412,0.7551020408163265
email-Eu-core,spread_mean,0.3,1,local,0.9045637523051734,0.9045637523051734,0.9183673469387755
email-Eu-core,spread_mean,0.3,1,local_trained_damaged,0.908452258494556,0.908452258494556,0.9387755102040817
email-Eu-core,spread_mean,0.3,1,recompute,0.9068450004603936,0.9068450004603936,0.9387755102040817
email-Eu-core,spread_mean,0.3,1,degree,0.8565785937861803,0.8565785937861803,0.8775510204081632
email-Eu-core,betweenness,0.3,2,local,0.7327079372115641,0.7761518931949752,0.6938775510204082
email-Eu-core,betweenness,0.3,2,local_trained_damaged,0.807426653443559,0.7792091235190716,0.7959183673469388
email-Eu-core,betweenness,0.3,2,recompute,0.877412184822036,0.8440809265138931,0.8979591836734694
email-Eu-core,betweenness,0.3,2,degree,0.7884041303079906,0.7331228378203742,0.7142857142857143
email-Eu-core,spread_mean,0.3,2,local,0.9017491446149758,0.9017491446149758,0.9387755102040817
email-Eu-core,spread_mean,0.3,2,local_trained_damaged,0.9044924084962565,0.9044924084962565,0.9591836734693877
email-Eu-core,spread_mean,0.3,2,recompute,0.901887921550389,0.901887921550389,0.9795918367346939
email-Eu-core,spread_mean,0.3,2,degree,0.8610619033440163,0.8610619033440163,0.8775510204081632
email-Eu-core,betweenness,0.5,0,local,0.6055774536725679,0.7257743207509891,0.7142857142857143
email-Eu-core,betweenness,0.5,0,local_trained_damaged,0.773018514396162,0.7371038622504094,0.7551020408163265
email-Eu-core,betweenness,0.5,0,recompute,0.8345155758584157,0.7947728455401346,0.8163265306122449
email-Eu-core,betweenness,0.5,0,degree,0.7812021587872495,0.7258791303094112,0.7346938775510204
email-Eu-core,spread_mean,0.5,0,local,0.8576105238721656,0.8576105238721656,0.8979591836734694
email-Eu-core,spread_mean,0.5,0,local_trained_damaged,0.8674147532441266,0.8674147532441266,0.8979591836734694
email-Eu-core,spread_mean,0.5,0,recompute,0.8635614241566074,0.8635614241566074,0.8979591836734694
email-Eu-core,spread_mean,0.5,0,degree,0.8349317206049721,0.8349317206049721,0.8571428571428571
email-Eu-core,betweenness,0.5,1,local,0.5813894602005322,0.7116761253532523,0.7755102040816326
email-Eu-core,betweenness,0.5,1,local_trained_damaged,0.759841239982141,0.7272140031584824,0.7346938775510204
email-Eu-core,betweenness,0.5,1,recompute,0.8307209883550717,0.7855052399731053,0.8775510204081632
email-Eu-core,betweenness,0.5,1,degree,0.7781198226955891,0.7185496830046147,0.7346938775510204
email-Eu-core,spread_mean,0.5,1,local,0.8540177007262177,0.8540177007262177,0.8775510204081632
email-Eu-core,spread_mean,0.5,1,local_trained_damaged,0.8678494648879853,0.8678494648879853,0.8775510204081632
email-Eu-core,spread_mean,0.5,1,recompute,0.8639522787803241,0.8639522787803241,0.8775510204081632
email-Eu-core,spread_mean,0.5,1,degree,0.8348994533268714,0.8348994533268714,0.8775510204081632
email-Eu-core,betweenness,0.5,2,local,0.5918149431551116,0.6903338070727922,0.7142857142857143
email-Eu-core,betweenness,0.5,2,local_trained_damaged,0.7771407973795723,0.7423519626851086,0.7551020408163265
email-Eu-core,betweenness,0.5,2,recompute,0.835171003843136,0.7954521106066139,0.7959183673469388
email-Eu-core,betweenness,0.5,2,degree,0.7795997157118638,0.7286031854993987,0.7142857142857143
email-Eu-core,spread_mean,0.5,2,local,0.8537388576031477,0.8537388576031477,0.8979591836734694
email-Eu-core,spread_mean,0.5,2,local_trained_damaged,0.8596605624050371,0.8596605624050371,0.9183673469387755
email-Eu-core,spread_mean,0.5,2,recompute,0.8578044558519533,0.8578044558519533,0.8979591836734694
email-Eu-core,spread_mean,0.5,2,degree,0.8318925734635199,0.8318925734635199,0.8571428571428571
facebook_combined,betweenness,0.0,0,local,0.850810503444818,0.8741405559850127,0.6965174129353234
facebook_combined,betweenness,0.0,0,local_trained_damaged,0.850810503444818,0.8741405559850127,0.6965174129353234
facebook_combined,betweenness,0.0,0,recompute,0.9999990735599856,0.9999989020852146,1.0
facebook_combined,betweenness,0.0,0,degree,0.6082507152906802,0.5433112235021599,0.1791044776119403
facebook_combined,spread_mean,0.0,0,local,0.958552955182821,0.958552955182821,0.9900497512437811
facebook_combined,spread_mean,0.0,0,local_trained_damaged,0.958552955182821,0.958552955182821,0.9900497512437811
facebook_combined,spread_mean,0.0,0,recompute,1.0,1.0,1.0
facebook_combined,spread_mean,0.0,0,degree,0.6935275898016872,0.6935275898016872,0.6467661691542289
facebook_combined,betweenness,0.05,0,local,0.4221288630235628,0.4392831249193016,0.5223880597014925
facebook_combined,betweenness,0.05,0,local_trained_damaged,0.5830437542296986,0.6251813740624378,0.23383084577114427
facebook_combined,betweenness,0.05,0,recompute,0.6893396849160721,0.6636430034799107,0.9402985074626866
facebook_combined,betweenness,0.05,0,degree,0.6074966814555403,0.5424111978399457,0.1791044776119403
facebook_combined,spread_mean,0.05,0,local,0.9275587869143406,0.9275587869143406,0.9850746268656716
facebook_combined,spread_mean,0.05,0,local_trained_damaged,0.9488825017870143,0.9488825017870143,0.9900497512437811
facebook_combined,spread_mean,0.05,0,recompute,0.9341409758026897,0.9341409758026897,1.0
facebook_combined,spread_mean,0.05,0,degree,0.6928831051269893,0.6928831051269893,0.6517412935323383
facebook_combined,betweenness,0.05,1,local,0.37903392766022814,0.379998876694156,0.5422885572139303
facebook_combined,betweenness,0.05,1,local_trained_damaged,0.6016355033680407,0.6126582763400868,0.1691542288557214
facebook_combined,betweenness,0.05,1,recompute,0.6881564717004623,0.654277386151817,0.9353233830845771
facebook_combined,betweenness,0.05,1,degree,0.6077984111104422,0.5426266287911268,0.1791044776119403
facebook_combined,spread_mean,0.05,1,local,0.9176252870513519,0.9176252870513519,0.9800995024875622
facebook_combined,spread_mean,0.05,1,local_trained_damaged,0.9506493818674264,0.9506493818674264,0.9900497512437811
facebook_combined,spread_mean,0.05,1,recompute,0.9351805776567513,0.9351805776567513,0.9950248756218906
facebook_combined,spread_mean,0.05,1,degree,0.6925966737858613,0.6925966737858613,0.6517412935323383
facebook_combined,betweenness,0.05,2,local,0.38592613468424347,0.40542615258566894,0.472636815920398
facebook_combined,betweenness,0.05,2,local_trained_damaged,0.3902964744990564,0.44277353015545645,0.19402985074626866
facebook_combined,betweenness,0.05,2,recompute,0.686770825724659,0.6503068766334367,0.9502487562189055
facebook_combined,betweenness,0.05,2,degree,0.6080731773055297,0.5434267053508376,0.1791044776119403
facebook_combined,spread_mean,0.05,2,local,0.9200769002309099,0.9200769002309099,0.9800995024875622
facebook_combined,spread_mean,0.05,2,local_trained_damaged,0.9484781310449418,0.9484781310449418,0.9950248756218906
facebook_combined,spread_mean,0.05,2,recompute,0.9360526761081487,0.9360526761081487,1.0
facebook_combined,spread_mean,0.05,2,degree,0.6919548473265834,0.6919548473265834,0.6318407960199005
facebook_combined,betweenness,0.1,0,local,0.2960107176174654,0.32245945359997796,0.35323383084577115
facebook_combined,betweenness,0.1,0,local_trained_damaged,0.6608782817094803,0.6945669733264163,0.6218905472636815
facebook_combined,betweenness,0.1,0,recompute,0.5936171211684211,0.5557193732138186,0.8855721393034826
facebook_combined,betweenness,0.1,0,degree,0.6056267968863039,0.5402943819138508,0.17412935323383086
facebook_combined,spread_mean,0.1,0,local,0.8755698613361533,0.8755698613361533,0.9651741293532339
facebook_combined,spread_mean,0.1,0,local_trained_damaged,0.9335285605075923,0.9335285605075923,0.9950248756218906
facebook_combined,spread_mean,0.1,0,recompute,0.9071989950808519,0.9071989950808519,0.9950248756218906
facebook_combined,spread_mean,0.1,0,degree,0.6900541020900732,0.6900541020900732,0.6467661691542289
facebook_combined,betweenness,0.1,1,local,0.29577803526030005,0.30941802536325963,0.3482587064676617
facebook_combined,betweenness,0.1,1,local_trained_damaged,0.31956348433422427,0.34237254598240796,0.18407960199004975
facebook_combined,betweenness,0.1,1,recompute,0.6085591300897574,0.5698140329254827,0.8805970149253731
facebook_combined,betweenness,0.1,1,degree,0.6067227023525972,0.5416827707799224,0.1791044776119403
facebook_combined,spread_mean,0.1,1,local,0.8776302232468479,0.8776302232468479,0.9651741293532339
facebook_combined,spread_mean,0.1,1,local_trained_damaged,0.9427212715810981,0.9427212715810981,0.9950248756218906
facebook_combined,spread_mean,0.1,1,recompute,0.9142242390796309,0.9142242390796309,0.9950248756218906
facebook_combined,spread_mean,0.1,1,degree,0.691579129757285,0.691579129757285,0.6467661691542289
facebook_combined,betweenness,0.1,2,local,0.25230804958985664,0.27722687265755197,0.3383084577114428
facebook_combined,betweenness,0.1,2,local_trained_damaged,0.5480154813533578,0.5753734833771424,0.21890547263681592
facebook_combined,betweenness,0.1,2,recompute,0.586307157515909,0.5536777999588334,0.8109452736318408
facebook_combined,betweenness,0.1,2,degree,0.6064874534766816,0.5421436004693722,0.17412935323383086
facebook_combined,spread_mean,0.1,2,local,0.8704667757535542,0.8704667757535542,0.9552238805970149
facebook_combined,spread_mean,0.1,2,local_trained_damaged,0.9317091102184695,0.9317091102184695,0.9900497512437811
facebook_combined,spread_mean,0.1,2,recompute,0.9141676586382139,0.9141676586382139,0.9900497512437811
facebook_combined,spread_mean,0.1,2,degree,0.6902083047633996,0.6902083047633996,0.6417910447761194
facebook_combined,betweenness,0.2,0,local,0.1601576956672844,0.19618741523449426,0.2736318407960199
facebook_combined,betweenness,0.2,0,local_trained_damaged,0.5483910456639615,0.5766842020056724,0.5174129353233831
facebook_combined,betweenness,0.2,0,recompute,0.5146808968438547,0.4713685602101521,0.8009950248756219
facebook_combined,betweenness,0.2,0,degree,0.6030740567552605,0.5374445784416552,0.18407960199004975
facebook_combined,spread_mean,0.2,0,local,0.8021905310539656,0.8021905310539656,0.9552238805970149
facebook_combined,spread_mean,0.2,0,local_trained_damaged,0.9299288320661738,0.9299288320661738,0.9850746268656716
facebook_combined,spread_mean,0.2,0,recompute,0.8630136554721136,0.8630136554721136,0.9900497512437811
facebook_combined,spread_mean,0.2,0,degree,0.6873995354076173,0.6873995354076173,0.6417910447761194
facebook_combined,betweenness,0.2,1,local,0.16103976588411714,0.18999135603171197,0.25870646766169153
facebook_combined,betweenness,0.2,1,local_trained_damaged,0.3315344561051465,0.34494605799588934,0.1791044776119403
facebook_combined,betweenness,0.2,1,recompute,0.5164709834756319,0.46941584478054166,0.8258706467661692
facebook_combined,betweenness,0.2,1,degree,0.6034768521409576,0.538010741240008,0.1791044776119403
facebook_combined,spread_mean,0.2,1,local,0.8017835299029415,0.8017835299029415,0.945273631840796
facebook_combined,spread_mean,0.2,1,local_trained_damaged,0.9323796190793446,0.9323796190793446,0.9900497512437811
facebook_combined,spread_mean,0.2,1,recompute,0.8640172784416253,0.8640172784416253,0.9900497512437811
facebook_combined,spread_mean,0.2,1,degree,0.6879165347489387,0.6879165347489387,0.6517412935323383
facebook_combined,betweenness,0.2,2,local,0.1467694301875442,0.17988063135836066,0.27860696517412936
facebook_combined,betweenness,0.2,2,local_trained_damaged,0.47790032940277133,0.496993086814796,0.25870646766169153
facebook_combined,betweenness,0.2,2,recompute,0.5179846103304677,0.4780321270112674,0.7661691542288557
facebook_combined,betweenness,0.2,2,degree,0.6039468239940615,0.5396983975840483,0.1791044776119403
facebook_combined,spread_mean,0.2,2,local,0.7962494788015236,0.7962494788015236,0.9552238805970149
facebook_combined,spread_mean,0.2,2,local_trained_damaged,0.9018688785738593,0.9018688785738593,0.9900497512437811
facebook_combined,spread_mean,0.2,2,recompute,0.8630825752327556,0.8630825752327556,0.9950248756218906
facebook_combined,spread_mean,0.2,2,degree,0.687175239408986,0.687175239408986,0.6318407960199005
facebook_combined,betweenness,0.3,0,local,0.08370666992747573,0.12483880967015251,0.1791044776119403
facebook_combined,betweenness,0.3,0,local_trained_damaged,0.559050460158418,0.5573585539606006,0.4975124378109453
facebook_combined,betweenness,0.3,0,recompute,0.4731453992389243,0.4236395289658163,0.7512437810945274
facebook_combined,betweenness,0.3,0,degree,0.5995095085935263,0.5345615180807015,0.18407960199004975
facebook_combined,spread_mean,0.3,0,local,0.7428990497228192,0.7428990497228192,0.9751243781094527
facebook_combined,spread_mean,0.3,0,local_trained_damaged,0.9191075000169582,0.9191075000169582,0.9850746268656716
facebook_combined,spread_mean,0.3,0,recompute,0.8133911825838417,0.8133911825838417,0.9800995024875622
facebook_combined,spread_mean,0.3,0,degree,0.683177968699499,0.683177968699499,0.6318407960199005
facebook_combined,betweenness,0.3,1,local,0.006820219132938296,0.05829743953743999,0.21890547263681592
facebook_combined,betweenness,0.3,1,local_trained_damaged,0.33739458770546665,0.34417803324044094,0.208955223880597
facebook_combined,betweenness,0.3,1,recompute,0.4821883053758723,0.4310764531077985,0.7661691542288557
facebook_combined,betweenness,0.3,1,degree,0.5992730106385382,0.5336024569638298,0.1691542288557214
facebook_combined,spread_mean,0.3,1,local,0.7425098705055075,0.7425098705055075,0.9751243781094527
facebook_combined,spread_mean,0.3,1,local_trained_damaged,0.9171235512506625,0.9171235512506625,0.9850746268656716
facebook_combined,spread_mean,0.3,1,recompute,0.8158435656519916,0.8158435656519916,0.9800995024875622
facebook_combined,spread_mean,0.3,1,degree,0.685582655156982,0.685582655156982,0.6517412935323383
facebook_combined,betweenness,0.3,2,local,0.05797281525860813,0.10872263865017574,0.23880597014925373
facebook_combined,betweenness,0.3,2,local_trained_damaged,0.44933885654110584,0.4667770471854647,0.4975124378109453
facebook_combined,betweenness,0.3,2,recompute,0.4806989423214297,0.4356744297400147,0.7014925373134329
facebook_combined,betweenness,0.3,2,degree,0.6016942530056074,0.537911035035598,0.1890547263681592
facebook_combined,spread_mean,0.3,2,local,0.7358652369157267,0.7358652369157267,0.9751243781094527
facebook_combined,spread_mean,0.3,2,local_trained_damaged,0.9137654498145059,0.9137654498145059,0.9950248756218906
facebook_combined,spread_mean,0.3,2,recompute,0.8101407832158051,0.8101407832158051,0.9800995024875622
facebook_combined,spread_mean,0.3,2,degree,0.6825679075735435,0.6825679075735435,0.6169154228855721
facebook_combined,betweenness,0.5,0,local,-0.11541362093539748,-0.054272238122366014,0.1044776119402985
facebook_combined,betweenness,0.5,0,local_trained_damaged,0.48735089306377904,0.5077086087209303,0.3781094527363184
facebook_combined,betweenness,0.5,0,recompute,0.4309540318901994,0.3780291559457922,0.5771144278606966
facebook_combined,betweenness,0.5,0,degree,0.5924219844419311,0.5288169424916641,0.19402985074626866
facebook_combined,spread_mean,0.5,0,local,0.6395125032266334,0.6395125032266334,0.39303482587064675
facebook_combined,spread_mean,0.5,0,local_trained_damaged,0.8792078887375187,0.8792078887375187,0.9751243781094527
facebook_combined,spread_mean,0.5,0,recompute,0.7245004927620502,0.7245004927620502,0.8507462686567164
facebook_combined,spread_mean,0.5,0,degree,0.670758072762145,0.670758072762145,0.6119402985074627
facebook_combined,betweenness,0.5,1,local,-0.10182357644882613,-0.04975107493439448,0.12935323383084577
facebook_combined,betweenness,0.5,1,local_trained_damaged,0.2982640854539642,0.3122374240636861,0.15422885572139303
facebook_combined,betweenness,0.5,1,recompute,0.4449737183772394,0.3927233860490598,0.5920398009950248
facebook_combined,betweenness,0.5,1,degree,0.5897155225710449,0.5247411777896119,0.1691542288557214
facebook_combined,spread_mean,0.5,1,local,0.6445343603265877,0.6445343603265877,0.3383084577114428
facebook_combined,spread_mean,0.5,1,local_trained_damaged,0.8818503056399426,0.8818503056399426,0.9950248756218906
facebook_combined,spread_mean,0.5,1,recompute,0.7357300971318199,0.7357300971318199,0.8955223880597015
facebook_combined,spread_mean,0.5,1,degree,0.6750016643697029,0.6750016643697029,0.6467661691542289
facebook_combined,betweenness,0.5,2,local,-0.11702876750824219,-0.05610804381478147,0.13930348258706468
facebook_combined,betweenness,0.5,2,local_trained_damaged,0.40708331324046193,0.41483888697082455,0.17412935323383086
facebook_combined,betweenness,0.5,2,recompute,0.45302843978467044,0.40453518470516153,0.6069651741293532
facebook_combined,betweenness,0.5,2,degree,0.5899525008625872,0.5266020841557333,0.1791044776119403
facebook_combined,spread_mean,0.5,2,local,0.6466331182116658,0.6466331182116658,0.35323383084577115
facebook_combined,spread_mean,0.5,2,local_trained_damaged,0.8896170428260928,0.8896170428260928,0.9850746268656716
facebook_combined,spread_mean,0.5,2,recompute,0.7273241306072851,0.7273241306072851,0.8606965174129353
facebook_combined,spread_mean,0.5,2,degree,0.669466027715231,0.669466027715231,0.6069651741293532
p2p-Gnutella08,betweenness,0.0,0,local,0.9363564782328075,0.8880125570470014,0.7993630573248408
p2p-Gnutella08,betweenness,0.0,0,local_trained_damaged,0.9363564782328075,0.8880125570470014,0.7993630573248408
p2p-Gnutella08,betweenness,0.0,0,recompute,1.0,1.0,1.0
p2p-Gnutella08,betweenness,0.0,0,degree,0.9075064651967134,0.8341335744117716,0.7547770700636943
p2p-Gnutella08,spread_mean,0.0,0,local,0.9159128875228,0.9159128875228,0.9554140127388535
p2p-Gnutella08,spread_mean,0.0,0,local_trained_damaged,0.9159128875228,0.9159128875228,0.9554140127388535
p2p-Gnutella08,spread_mean,0.0,0,recompute,1.0,1.0,1.0
p2p-Gnutella08,spread_mean,0.0,0,degree,0.7167652718413965,0.7167652718413965,0.3057324840764331
p2p-Gnutella08,betweenness,0.05,0,local,0.8701048430541459,0.8542426859187094,0.6464968152866242
p2p-Gnutella08,betweenness,0.05,0,local_trained_damaged,0.8716185672689174,0.851217622984552,0.7802547770700637
p2p-Gnutella08,betweenness,0.05,0,recompute,0.9497368134681125,0.9188743734859385,0.8821656050955414
p2p-Gnutella08,betweenness,0.05,0,degree,0.8873782906207871,0.8129167221839774,0.732484076433121
p2p-Gnutella08,spread_mean,0.05,0,local,0.8869986733972461,0.8869986733972461,0.9012738853503185
p2p-Gnutella08,spread_mean,0.05,0,local_trained_damaged,0.8875621332383163,0.8875621332383163,0.9076433121019108
p2p-Gnutella08,spread_mean,0.05,0,recompute,0.8690876866813589,0.8690876866813589,0.8949044585987261
p2p-Gnutella08,spread_mean,0.05,0,degree,0.7061687953638777,0.7061687953638777,0.30254777070063693
p2p-Gnutella08,betweenness,0.05,1,local,0.8647280002014168,0.8532638410140152,0.6305732484076433
p2p-Gnutella08,betweenness,0.05,1,local_trained_damaged,0.8712590939427537,0.8510063359599899,0.767515923566879
p2p-Gnutella08,betweenness,0.05,1,recompute,0.9464030969823656,0.9142795153468384,0.8503184713375797
p2p-Gnutella08,betweenness,0.05,1,degree,0.886416530131786,0.8126682860977342,0.7197452229299363
p2p-Gnutella08,spread_mean,0.05,1,local,0.8870457464413,0.8870457464413,0.8885350318471338
p2p-Gnutella08,spread_mean,0.05,1,local_trained_damaged,0.8794952099979786,0.8794952099979786,0.8821656050955414
p2p-Gnutella08,spread_mean,0.05,1,recompute,0.8683027111321373,0.8683027111321373,0.8789808917197452
p2p-Gnutella08,spread_mean,0.05,1,degree,0.7060762751012136,0.7060762751012136,0.2961783439490446
p2p-Gnutella08,betweenness,0.05,2,local,0.861712429068131,0.8553690827591093,0.6305732484076433
p2p-Gnutella08,betweenness,0.05,2,local_trained_damaged,0.8708092202063673,0.8511622988383759,0.7834394904458599
p2p-Gnutella08,betweenness,0.05,2,recompute,0.948093483667564,0.9160855979167575,0.8821656050955414
p2p-Gnutella08,betweenness,0.05,2,degree,0.887639421563127,0.8137085370426697,0.7101910828025477
p2p-Gnutella08,spread_mean,0.05,2,local,0.8861614525401973,0.8861614525401973,0.910828025477707
p2p-Gnutella08,spread_mean,0.05,2,local_trained_damaged,0.8833422513549534,0.8833422513549534,0.9171974522292994
p2p-Gnutella08,spread_mean,0.05,2,recompute,0.8669357613452404,0.8669357613452404,0.910828025477707
p2p-Gnutella08,spread_mean,0.05,2,degree,0.7067073687622257,0.7067073687622257,0.3089171974522293
p2p-Gnutella08,betweenness,0.1,0,local,0.7944630426014787,0.8172304644727575,0.3821656050955414
p2p-Gnutella08,betweenness,0.1,0,local_trained_damaged,0.8451505271896654,0.8201839385271469,0.7643312101910829
p2p-Gnutella08,betweenness,0.1,0,recompute,0.9158824477129225,0.869017726999467,0.8535031847133758
p2p-Gnutella08,betweenness,0.1,0,degree,0.8664283313412066,0.7924083302581655,0.732484076433121
p2p-Gnutella08,spread_mean,0.1,0,local,0.8542134446437717,0.8542134446437717,0.8821656050955414
p2p-Gnutella08,spread_mean,0.1,0,local_trained_damaged,0.8529869162520151,0.8529869162520151,0.8821656050955414
p2p-Gnutella08,spread_mean,0.1,0,recompute,0.8412721671069242,0.8412721671069242,0.8757961783439491
p2p-Gnutella08,spread_mean,0.1,0,degree,0.6952627046333903,0.6952627046333903,0.29936305732484075
p2p-Gnutella08,betweenness,0.1,1,local,0.7961434943454675,0.816007026993294,0.39171974522292996
p2p-Gnutella08,betweenness,0.1,1,local_trained_damaged,0.8456157871060347,0.8206417544887314,0.7165605095541401
p2p-Gnutella08,betweenness,0.1,1,recompute,0.9144371081317596,0.8667573804989129,0.7961783439490446
p2p-Gnutella08,betweenness,0.1,1,degree,0.8676014491154878,0.7951115556324447,0.6656050955414012
p2p-Gnutella08,spread_mean,0.1,1,local,0.8553748744206474,0.8553748744206474,0.8757961783439491
p2p-Gnutella08,spread_mean,0.1,1,local_trained_damaged,0.8505248324532622,0.8505248324532622,0.8789808917197452
p2p-Gnutella08,spread_mean,0.1,1,recompute,0.8415043296850842,0.8415043296850842,0.8821656050955414
p2p-Gnutella08,spread_mean,0.1,1,degree,0.6961940887507685,0.6961940887507685,0.3057324840764331
p2p-Gnutella08,betweenness,0.1,2,local,0.7826088864778301,0.8186287554605808,0.34076433121019106
p2p-Gnutella08,betweenness,0.1,2,local_trained_damaged,0.8434995404549249,0.8190102628597672,0.7484076433121019
p2p-Gnutella08,betweenness,0.1,2,recompute,0.9135357465404419,0.8640865611466659,0.8343949044585988
p2p-Gnutella08,betweenness,0.1,2,degree,0.8665060430109944,0.7914889516095711,0.7038216560509554
p2p-Gnutella08,spread_mean,0.1,2,local,0.8513644145783775,0.8513644145783775,0.8821656050955414
p2p-Gnutella08,spread_mean,0.1,2,local_trained_damaged,0.8459088525000278,0.8459088525000278,0.8789808917197452
p2p-Gnutella08,spread_mean,0.1,2,recompute,0.8374070579540921,0.8374070579540921,0.89171974522293
p2p-Gnutella08,spread_mean,0.1,2,degree,0.6963820315528748,0.6963820315528748,0.3184713375796178
p2p-Gnutella08,betweenness,0.2,0,local,0.6582124192691801,0.7493023097758528,0.21337579617834396
p2p-Gnutella08,betweenness,0.2,0,local_trained_damaged,0.8069079172990594,0.7732171877285046,0.732484076433121
p2p-Gnutella08,betweenness,0.2,0,recompute,0.8681640736470165,0.8020016852854787,0.7770700636942676
p2p-Gnutella08,betweenness,0.2,0,degree,0.8345711337206068,0.7621580978264529,0.7070063694267515
p2p-Gnutella08,spread_mean,0.2,0,local,0.803199489320055,0.803199489320055,0.8407643312101911
p2p-Gnutella08,spread_mean,0.2,0,local_trained_damaged,0.8042009600644571,0.8042009600644571,0.8662420382165605
p2p-Gnutella08,spread_mean,0.2,0,recompute,0.7989473560708673,0.7989473560708673,0.8503184713375797
p2p-Gnutella08,spread_mean,0.2,0,degree,0.6795143394759093,0.6795143394759093,0.31210191082802546
p2p-Gnutella08,betweenness,0.2,1,local,0.6630750116237077,0.7489119760650499,0.1942675159235669
p2p-Gnutella08,betweenness,0.2,1,local_trained_damaged,0.8025788363720434,0.7746970650392374,0.6942675159235668
p2p-Gnutella08,betweenness,0.2,1,recompute,0.8637381359454239,0.7972556899189159,0.7420382165605095
p2p-Gnutella08,betweenness,0.2,1,degree,0.831939135213682,0.7598487428336054,0.6687898089171974
p2p-Gnutella08,spread_mean,0.2,1,local,0.8005326781903112,0.8005326781903112,0.8248407643312102
p2p-Gnutella08,spread_mean,0.2,1,local_trained_damaged,0.7946552790075904,0.7946552790075904,0.8535031847133758
p2p-Gnutella08,spread_mean,0.2,1,recompute,0.7959855551503029,0.7959855551503029,0.8407643312101911
p2p-Gnutella08,spread_mean,0.2,1,degree,0.6766940088006861,0.6766940088006861,0.321656050955414
p2p-Gnutella08,betweenness,0.2,2,local,0.6423347291723241,0.751394878475916,0.1751592356687898
p2p-Gnutella08,betweenness,0.2,2,local_trained_damaged,0.8070318709866118,0.7744830791199204,0.6687898089171974
p2p-Gnutella08,betweenness,0.2,2,recompute,0.8647617201938264,0.7969075502834637,0.7388535031847133
p2p-Gnutella08,betweenness,0.2,2,degree,0.8340588576597366,0.7608840868875433,0.6656050955414012
p2p-Gnutella08,spread_mean,0.2,2,local,0.7968331153058166,0.7968331153058166,0.8375796178343949
p2p-Gnutella08,spread_mean,0.2,2,local_trained_damaged,0.795940092047484,0.795940092047484,0.8662420382165605
p2p-Gnutella08,spread_mean,0.2,2,recompute,0.7919119808028083,0.7919119808028083,0.821656050955414
p2p-Gnutella08,spread_mean,0.2,2,degree,0.6753753835714731,0.6753753835714731,0.2961783439490446
p2p-Gnutella08,betweenness,0.3,0,local,0.5346801312373248,0.6783526433911866,0.1464968152866242
p2p-Gnutella08,betweenness,0.3,0,local_trained_damaged,0.7710669545000229,0.7374446597464761,0.6592356687898089
p2p-Gnutella08,betweenness,0.3,0,recompute,0.8295002862219031,0.7520564466022074,0.6910828025477707
p2p-Gnutella08,betweenness,0.3,0,degree,0.8050497280063397,0.7347249557334357,0.6464968152866242
p2p-Gnutella08,spread_mean,0.3,0,local,0.758328133515779,0.758328133515779,0.821656050955414
p2p-Gnutella08,spread_mean,0.3,0,local_trained_damaged,0.7584544442309175,0.7584544442309175,0.8598726114649682
p2p-Gnutella08,spread_mean,0.3,0,recompute,0.7578762384882337,0.7578762384882337,0.8439490445859873
p2p-Gnutella08,spread_mean,0.3,0,degree,0.6636556549888423,0.6636556549888423,0.3089171974522293
p2p-Gnutella08,betweenness,0.3,1,local,0.5211139207798489,0.6625594710140278,0.14012738853503184
p2p-Gnutella08,betweenness,0.3,1,local_trained_damaged,0.7666992701021177,0.7367140757530174,0.6369426751592356
p2p-Gnutella08,betweenness,0.3,1,recompute,0.8213563487799319,0.74569242254521,0.678343949044586
p2p-Gnutella08,betweenness,0.3,1,degree,0.7982925731146224,0.731104922512795,0.6305732484076433
p2p-Gnutella08,spread_mean,0.3,1,local,0.7533401743339124,0.7533401743339124,0.8152866242038217
p2p-Gnutella08,spread_mean,0.3,1,local_trained_damaged,0.752325764718229,0.752325764718229,0.8248407643312102
p2p-Gnutella08,spread_mean,0.3,1,recompute,0.7496718629116973,0.7496718629116973,0.8089171974522293
p2p-Gnutella08,spread_mean,0.3,1,degree,0.6539724866383694,0.6539724866383694,0.29936305732484075
p2p-Gnutella08,betweenness,0.3,2,local,0.5087681923020481,0.6788105506053433,0.1464968152866242
p2p-Gnutella08,betweenness,0.3,2,local_trained_damaged,0.7713132224902584,0.7357385092922231,0.6401273885350318
p2p-Gnutella08,betweenness,0.3,2,recompute,0.8239607028571652,0.7452451058731635,0.6656050955414012
p2p-Gnutella08,betweenness,0.3,2,degree,0.8028856416618618,0.7299071142534949,0.60828025477707
p2p-Gnutella08,spread_mean,0.3,2,local,0.7516697824726812,0.7516697824726812,0.8280254777070064
p2p-Gnutella08,spread_mean,0.3,2,local_trained_damaged,0.7494889891311475,0.7494889891311475,0.8343949044585988
p2p-Gnutella08,spread_mean,0.3,2,recompute,0.7503182820650834,0.7503182820650834,0.8280254777070064
p2p-Gnutella08,spread_mean,0.3,2,degree,0.6563015307504201,0.6563015307504201,0.30254777070063693
p2p-Gnutella08,betweenness,0.5,0,local,0.24703132128700103,0.46195641351221,0.041401273885350316
p2p-Gnutella08,betweenness,0.5,0,local_trained_damaged,0.6942626366166432,0.6525152903162774,0.535031847133758
p2p-Gnutella08,betweenness,0.5,0,recompute,0.7424875522148789,0.6557148350197666,0.5573248407643312
p2p-Gnutella08,betweenness,0.5,0,degree,0.7322502951851126,0.6646165222570793,0.5222929936305732
p2p-Gnutella08,spread_mean,0.5,0,local,0.6640745899114925,0.6640745899114925,0.7961783439490446
p2p-Gnutella08,spread_mean,0.5,0,local_trained_damaged,0.659305644584039,0.659305644584039,0.8280254777070064
p2p-Gnutella08,spread_mean,0.5,0,recompute,0.6630921622156375,0.6630921622156375,0.7929936305732485
p2p-Gnutella08,spread_mean,0.5,0,degree,0.6191603718657203,0.6191603718657203,0.32802547770700635
p2p-Gnutella08,betweenness,0.5,1,local,0.2439576549149102,0.45776442175540716,0.044585987261146494
p2p-Gnutella08,betweenness,0.5,1,local_trained_damaged,0.6904594927044891,0.6580144016792687,0.5414012738853503
p2p-Gnutella08,betweenness,0.5,1,recompute,0.7390571468312747,0.6531905292824142,0.5605095541401274
p2p-Gnutella08,betweenness,0.5,1,degree,0.7326315048371951,0.6680795559817145,0.535031847133758
p2p-Gnutella08,spread_mean,0.5,1,local,0.6618377082323652,0.6618377082323652,0.7738853503184714
p2p-Gnutella08,spread_mean,0.5,1,local_trained_damaged,0.6599389847774284,0.6599389847774284,0.8152866242038217
p2p-Gnutella08,spread_mean,0.5,1,recompute,0.6581461193694245,0.6581461193694245,0.7770700636942676
p2p-Gnutella08,spread_mean,0.5,1,degree,0.6131852399777586,0.6131852399777586,0.2929936305732484
p2p-Gnutella08,betweenness,0.5,2,local,0.22612771599457843,0.4720200335836437,0.044585987261146494
p2p-Gnutella08,betweenness,0.5,2,local_trained_damaged,0.6955128357490435,0.6565634768271241,0.5605095541401274
p2p-Gnutella08,betweenness,0.5,2,recompute,0.7404630234819722,0.6546227069541674,0.554140127388535
p2p-Gnutella08,betweenness,0.5,2,degree,0.7397642061548725,0.671706979699187,0.5445859872611465
p2p-Gnutella08,spread_mean,0.5,2,local,0.662674032483335,0.662674032483335,0.7929936305732485
p2p-Gnutella08,spread_mean,0.5,2,local_trained_damaged,0.6502113394427154,0.6502113394427154,0.8152866242038217
p2p-Gnutella08,spread_mean,0.5,2,recompute,0.6585517444905933,0.6585517444905933,0.7866242038216561
p2p-Gnutella08,spread_mean,0.5,2,degree,0.6131126442523699,0.6131126442523699,0.2898089171974522
