graph,n,n_zero,n_nonzero,z,total_pairs,scoreable_pairs,w_exact,w_asym,tau_floor,tau_floor_asym,regime,arcs,seconds,n_zero_shipped,z_shipped,w_shipped,tau_floor_shipped,clamped
amazon,2146057,701532,1444525,0.3268934608912997,2302779250596.0,2056706027850.0,0.4927201547414865,0.49271998171084386,0.4656506990048093,0.46565053548026314,undirected,11486264,6.3,701532,0.3268934608912997,0.4927201547414865,0.4656506990048093,False
cit-Patents,3764117,709062,3055055,0.18837405957359987,7084286512786.0,6832902407395.0,0.3170282962135645,0.31702822534041225,0.3113526510071515,0.31135258140281613,undirected,33023480,17.5,709062,0.18837405957359987,0.3170282962135645,0.3113526510071515,False
com-lj,3997962,1150616,2847346,0.28780063442323867,7991848077741.0,7329890063321.0,0.44696466615921254,0.44696457934598643,0.4280537448512978,0.4280536617111094,undirected,69362378,39.1,1150616,0.28780063442323867,0.44696466615921254,0.4280537448512978,False
com-youtube,1134890,650530,484360,0.5732097383887426,643987088605.0,432392773420.0,0.728714100163603,0.7287136920164444,0.5971146637845545,0.5971143293452272,undirected,5975248,4.6,650530,0.5732097383887426,0.728714100163603,0.5971146637845545,False
dblp,4000148,1678358,2321790,0.4195739757628968,8000590010878.0,6592148061975.0,0.5911267138093566,0.591126609710371,0.5365782180794859,0.5365781235866354,undirected,17298002,12.7,1678358,0.4195739757628968,0.5911267138093566,0.5365782180794859,False
email-EuAll,265214,254838,10376,0.9608768767862933,35169100291.0,2698024588.0,0.9800500335544013,0.9800481490312507,0.27145020200963166,0.2714496800422091,directed,418956,0.4,254838,0.9608768767862933,0.9800500335544013,0.27145020200963166,False
p2p-Gnutella31,62586,28829,33757,0.4606301728821142,1958472405.0,1542931199.0,0.6307348983744284,0.6307279986873051,0.55983535131063,0.5598292272024276,sym_digraph,295784,0.2,28829,0.4606301728821142,0.6307348983744284,0.55983535131063,False
soc-Epinions1,75879,48145,27734,0.6344970281632599,2878773381.0,1719826941.0,0.7763882505664272,0.7763819905824679,0.6000901224256749,0.6000852839256876,directed,508837,0.3,48145,0.6344970281632599,0.7763882505664272,0.6000901224256749,False
soc-LiveJournal1,4847571,1721596,3125975,0.35514611338338314,11749469876235.0,10267524343425.0,0.5241444652182636,0.52414438542969,0.4899759086270374,0.48997583403981676,directed,68475391,65.4,1721596,0.35514611338338314,0.5241444652182636,0.4899759086270374,False
soc-Pokec,1632803,357652,1275151,0.21904173375477629,1333022002003.0,1269064704277.0,0.3593672599316538,0.3593670793863714,0.3506402023807846,0.3506400262199558,directed,30622564,22.9,357652,0.21904173375477629,0.3593672599316538,0.3506402023807846,False
soc-Slashdot0902,82168,33814,48354,0.4115227339110116,3375749028.0,2804072637.0,0.583095507022702,0.5830904795571726,0.5314329506334694,0.5314283686039248,directed,870161,0.7,33814,0.4115227339110116,0.583095507022702,0.5314329506334694,False
web-Google,875713,491379,384334,0.5611187683636077,383436191328.0,262709776197.0,0.7188680197587431,0.7188674939214039,0.5950324363966527,0.5950320011425247,directed,5105039,9.2,491379,0.5611187683636077,0.7188680197587431,0.5950324363966527,False
wiki-Talk,2394385,2295675,98710,0.9587743825658781,2866538566920.0,231477861945.0,0.9789535696672472,0.9789533609378132,0.27818767607222655,0.27818761675791576,directed,5021410,3.1,2295675,0.9587743825658781,0.9789535696672472,0.27818767607222655,False
wiki-topcats,1791489,71785,1719704,0.04007001996663111,1604715522816.0,1602139015596.0,0.07705258435022673,0.07705254299689686,0.07699070143520316,0.07699066011508521,directed,28508141,20.3,71785,0.04007001996663111,0.07705258435022673,0.07699070143520316,False
