network,policy,mean_spread,ratio_to_greedy,mean_paired_difference,sd_paired_difference
ca-GrQc,greedy,176.0135,1.0,0.0,0.0
ca-GrQc,oracle_top_sigma,87.657,0.49801293650771106,-88.3565,17.105487616648105
ca-GrQc,degree,90.3825,0.5134975442224602,-85.631,17.31992577681721
ca-GrQc,degree_discount,169.258,0.9616194212375756,-6.7555,12.017276197774887
ca-GrQc,RF|spread_mean|0|node+edge+subgraph|0,93.521,0.5313285628659166,-82.4925,16.31962342716284
ca-GrQc,RF|spread_mean|0|node+edge+subgraph|1,93.521,0.5313285628659166,-82.4925,16.31962342716284
ca-GrQc,RF|spread_mean|0|node+edge+subgraph|2,93.521,0.5313285628659166,-82.4925,16.31962342716284
ca-GrQc,RF|spread_mean|0|node+edge+subgraph|3,93.521,0.5313285628659166,-82.4925,16.31962342716284
ca-GrQc,RF|spread_mean|0|node+edge+subgraph|4,93.5555,0.5315245705585083,-82.458,16.725761912564042
ca-GrQc,RF|spread_mean|0|node+edge+subgraph|5,93.4315,0.5308200791416567,-82.582,16.777485449524445
ca-GrQc,RF|spread_mean|0|node+edge+subgraph|6,93.521,0.5313285628659166,-82.4925,16.31962342716284
ca-GrQc,RF|spread_mean|0|node+edge+subgraph|7,93.521,0.5313285628659166,-82.4925,16.31962342716284
ca-GrQc,RF|spread_mean|0|node+edge+subgraph|8,93.521,0.5313285628659166,-82.4925,16.31962342716284
ca-GrQc,RF|spread_mean|0|node+edge+subgraph|9,93.521,0.5313285628659166,-82.4925,16.31962342716284
ca-GrQc,RF|spread_mean|0|node|0,93.521,0.5313285628659166,-82.4925,16.31962342716284
ca-GrQc,RF|spread_mean|0|node|1,93.521,0.5313285628659166,-82.4925,16.31962342716284
ca-GrQc,RF|spread_mean|0|node|2,93.521,0.5313285628659166,-82.4925,16.31962342716284
ca-GrQc,RF|spread_mean|0|node|3,93.521,0.5313285628659166,-82.4925,16.31962342716284
ca-GrQc,RF|spread_mean|0|node|4,93.5555,0.5315245705585083,-82.458,16.725761912564042
ca-GrQc,RF|spread_mean|0|node|5,93.4315,0.5308200791416567,-82.582,16.777485449524445
ca-GrQc,RF|spread_mean|0|node|6,93.521,0.5313285628659166,-82.4925,16.31962342716284
ca-GrQc,RF|spread_mean|0|node|7,93.521,0.5313285628659166,-82.4925,16.31962342716284
ca-GrQc,RF|spread_mean|0|node|8,93.521,0.5313285628659166,-82.4925,16.31962342716284
ca-GrQc,RF|spread_mean|0|node|9,93.521,0.5313285628659166,-82.4925,16.31962342716284
ca-GrQc,RF|spread_mean|1|node+edge+subgraph|0,88.5345,0.5029983495584145,-87.479,16.980775375882665
ca-GrQc,RF|spread_mean|1|node+edge+subgraph|1,88.4985,0.5027938197922319,-87.515,16.917531629591213
ca-GrQc,RF|spread_mean|1|node+edge+subgraph|2,88.7995,0.5045039158928151,-87.214,16.588423430089673
ca-GrQc,RF|spread_mean|1|node+edge+subgraph|3,88.6205,0.5034869484442955,-87.393,16.93593705650771
ca-GrQc,RF|spread_mean|1|node+edge+subgraph|4,88.706,0.5039727066389794,-87.3075,17.047118403792954
ca-GrQc,RF|spread_mean|1|node+edge+subgraph|5,88.706,0.5039727066389794,-87.3075,17.047118403792954
ca-GrQc,RF|spread_mean|1|node+edge+subgraph|6,88.7995,0.5045039158928151,-87.214,16.588423430089673
ca-GrQc,RF|spread_mean|1|node+edge+subgraph|7,88.706,0.5039727066389794,-87.3075,17.047118403792954
ca-GrQc,RF|spread_mean|1|node+edge+subgraph|8,88.6285,0.5035323995034472,-87.385,16.610651157192272
ca-GrQc,RF|spread_mean|1|node+edge+subgraph|9,88.714,0.5040181576981311,-87.2995,16.848226349249874
ca-GrQc,RF|spread_mean|1|node|0,88.797,0.5044897124368302,-87.2165,16.614742025571392
ca-GrQc,RF|spread_mean|1|node|1,88.587,0.5032966221340978,-87.4265,16.962678561535938
ca-GrQc,RF|spread_mean|1|node|2,88.7995,0.5045039158928151,-87.214,16.588423430089673
ca-GrQc,RF|spread_mean|1|node|3,88.7995,0.5045039158928151,-87.214,16.588423430089673
ca-GrQc,RF|spread_mean|1|node|4,88.588,0.5033023035164916,-87.4255,17.008441824477877
ca-GrQc,RF|spread_mean|1|node|5,88.7995,0.5045039158928151,-87.214,16.588423430089673
ca-GrQc,RF|spread_mean|1|node|6,88.7755,0.5043675627153599,-87.238,16.62758534174907
ca-GrQc,RF|spread_mean|1|node|7,88.7995,0.5045039158928151,-87.214,16.588423430089673
ca-GrQc,RF|spread_mean|1|node|8,88.6285,0.5035323995034472,-87.385,16.610651157192272
ca-GrQc,RF|spread_mean|1|node|9,88.606,0.5034045683995829,-87.4075,17.053969118106806
ca-GrQc,RF|spread_mean|2|node+edge+subgraph|0,88.7995,0.5045039158928151,-87.214,16.588423430089673
ca-GrQc,RF|spread_mean|2|node+edge+subgraph|1,88.805,0.5045351634959819,-87.2085,16.500429080175913
ca-GrQc,RF|spread_mean|2|node+edge+subgraph|2,88.7995,0.5045039158928151,-87.214,16.588423430089673
ca-GrQc,RF|spread_mean|2|node+edge+subgraph|3,88.7215,0.5040607680660859,-87.292,16.899364788805897
ca-GrQc,RF|spread_mean|2|node+edge+subgraph|4,88.706,0.5039727066389794,-87.3075,17.047118403792954
ca-GrQc,RF|spread_mean|2|node+edge+subgraph|5,88.7995,0.5045039158928151,-87.214,16.588423430089673
ca-GrQc,RF|spread_mean|2|node+edge+subgraph|6,88.7995,0.5045039158928151,-87.214,16.588423430089673
ca-GrQc,RF|spread_mean|2|node+edge+subgraph|7,88.7995,0.5045039158928151,-87.214,16.588423430089673
ca-GrQc,RF|spread_mean|2|node+edge+subgraph|8,88.7995,0.5045039158928151,-87.214,16.588423430089673
ca-GrQc,RF|spread_mean|2|node+edge+subgraph|9,88.7995,0.5045039158928151,-87.214,16.588423430089673
ca-GrQc,RF|spread_mean|2|node|0,88.6285,0.5035323995034472,-87.385,16.610651157192272
ca-GrQc,RF|spread_mean|2|node|1,88.805,0.5045351634959819,-87.2085,16.500429080175913
ca-GrQc,RF|spread_mean|2|node|2,88.7995,0.5045039158928151,-87.214,16.588423430089673
ca-GrQc,RF|spread_mean|2|node|3,88.7995,0.5045039158928151,-87.214,16.588423430089673
ca-GrQc,RF|spread_mean|2|node|4,88.7995,0.5045039158928151,-87.214,16.588423430089673
ca-GrQc,RF|spread_mean|2|node|5,88.7995,0.5045039158928151,-87.214,16.588423430089673
ca-GrQc,RF|spread_mean|2|node|6,88.7995,0.5045039158928151,-87.214,16.588423430089673
ca-GrQc,RF|spread_mean|2|node|7,88.7995,0.5045039158928151,-87.214,16.588423430089673
ca-GrQc,RF|spread_mean|2|node|8,88.7995,0.5045039158928151,-87.214,16.588423430089673
ca-GrQc,RF|spread_mean|2|node|9,88.7995,0.5045039158928151,-87.214,16.588423430089673
ca-GrQc,RF|spread_mean|3|node+edge+subgraph|0,88.7755,0.5043675627153599,-87.238,16.62758534174907
ca-GrQc,RF|spread_mean|3|node+edge+subgraph|1,88.805,0.5045351634959819,-87.2085,16.500429080175913
ca-GrQc,RF|spread_mean|3|node+edge+subgraph|2,88.7995,0.5045039158928151,-87.214,16.588423430089673
ca-GrQc,RF|spread_mean|3|node+edge+subgraph|3,88.7215,0.5040607680660859,-87.292,16.899364788805897
ca-GrQc,RF|spread_mean|3|node+edge+subgraph|4,88.706,0.5039727066389794,-87.3075,17.047118403792954
ca-GrQc,RF|spread_mean|3|node+edge+subgraph|5,88.3345,0.5018620730796218,-87.679,17.033497263172563
ca-GrQc,RF|spread_mean|3|node+edge+subgraph|6,88.7995,0.5045039158928151,-87.214,16.588423430089673
ca-GrQc,RF|spread_mean|3|node+edge+subgraph|7,88.7995,0.5045039158928151,-87.214,16.588423430089673
ca-GrQc,RF|spread_mean|3|node+edge+subgraph|8,88.7995,0.5045039158928151,-87.214,16.588423430089673
ca-GrQc,RF|spread_mean|3|node+edge+subgraph|9,88.6285,0.5035323995034472,-87.385,16.610651157192272
ca-GrQc,RF|spread_mean|3|node|0,88.7755,0.5043675627153599,-87.238,16.62758534174907
ca-GrQc,RF|spread_mean|3|node|1,88.7755,0.5043675627153599,-87.238,16.62758534174907
ca-GrQc,RF|spread_mean|3|node|2,88.7995,0.5045039158928151,-87.214,16.588423430089673
ca-GrQc,RF|spread_mean|3|node|3,88.7995,0.5045039158928151,-87.214,16.588423430089673
ca-GrQc,RF|spread_mean|3|node|4,88.6755,0.5037994244759635,-87.338,16.907415128965503
ca-GrQc,RF|spread_mean|3|node|5,88.7995,0.5045039158928151,-87.214,16.588423430089673
ca-GrQc,RF|spread_mean|3|node|6,88.7215,0.5040607680660859,-87.292,16.899364788805897
ca-GrQc,RF|spread_mean|3|node|7,88.7995,0.5045039158928151,-87.214,16.588423430089673
ca-GrQc,RF|spread_mean|3|node|8,88.7995,0.5045039158928151,-87.214,16.588423430089673
ca-GrQc,RF|spread_mean|3|node|9,88.487,0.5027284838947013,-87.5265,17.04078906612009
ca-GrQc,E|0,105.635,0.6001528291863977,-70.3785,20.45647749456741
ca-GrQc,E|1,93.572,0.5316183133680087,-82.4415,16.81924556157708
ca-GrQc,E|2,88.734,0.5041317853460103,-87.2795,16.602144299688334
ca-GrQc,E|3,88.734,0.5041317853460103,-87.2795,16.602144299688334
ca-HepTh,greedy,276.4475,1.0,0.0,0.0
ca-HepTh,oracle_top_sigma,148.899,0.538615831215692,-127.5485,26.47385654358173
ca-HepTh,degree,260.9815,0.9440544768898254,-15.466,19.62790032671905
ca-HepTh,degree_discount,274.192,0.9918411271579596,-2.2555,18.315019511861294
ca-HepTh,RF|spread_mean|0|node+edge+subgraph|0,187.6685,0.6788576492824134,-88.779,24.47228238850335
ca-HepTh,RF|spread_mean|0|node+edge+subgraph|1,185.367,0.6705323795657403,-91.0805,25.464961258088298
ca-HepTh,RF|spread_mean|0|node+edge+subgraph|2,184.0945,0.6659293355881316,-92.353,25.884365767690692
ca-HepTh,RF|spread_mean|0|node+edge+subgraph|3,185.2055,0.6699481818428454,-91.242,25.749270833835997
ca-HepTh,RF|spread_mean|0|node+edge+subgraph|4,186.3555,0.6741081037086608,-90.092,25.00168150423126
ca-HepTh,RF|spread_mean|0|node+edge+subgraph|5,186.976,0.6763526528545203,-89.4715,24.741670575800672
ca-HepTh,RF|spread_mean|0|node+edge+subgraph|6,183.205,0.6627117264580075,-93.2425,25.7234434226983
ca-HepTh,RF|spread_mean|0|node+edge+subgraph|7,186.589,0.6749527487135893,-89.8585,24.326227829859178
ca-HepTh,RF|spread_mean|0|node+edge+subgraph|8,185.273,0.670192351169752,-91.1745,25.485717777910978
ca-HepTh,RF|spread_mean|0|node+edge+subgraph|9,187.6685,0.6788576492824134,-88.779,24.47228238850335
ca-HepTh,RF|spread_mean|0|node|0,187.6685,0.6788576492824134,-88.779,24.47228238850335
ca-HepTh,RF|spread_mean|0|node|1,185.367,0.6705323795657403,-91.0805,25.464961258088298
ca-HepTh,RF|spread_mean|0|node|2,184.0945,0.6659293355881316,-92.353,25.884365767690692
ca-HepTh,RF|spread_mean|0|node|3,185.2055,0.6699481818428454,-91.242,25.749270833835997
ca-HepTh,RF|spread_mean|0|node|4,186.3555,0.6741081037086608,-90.092,25.00168150423126
ca-HepTh,RF|spread_mean|0|node|5,186.976,0.6763526528545203,-89.4715,24.741670575800672
ca-HepTh,RF|spread_mean|0|node|6,183.205,0.6627117264580075,-93.2425,25.7234434226983
ca-HepTh,RF|spread_mean|0|node|7,186.589,0.6749527487135893,-89.8585,24.326227829859178
ca-HepTh,RF|spread_mean|0|node|8,185.273,0.670192351169752,-91.1745,25.485717777910978
ca-HepTh,RF|spread_mean|0|node|9,187.6685,0.6788576492824134,-88.779,24.47228238850335
ca-HepTh,RF|spread_mean|1|node+edge+subgraph|0,148.899,0.538615831215692,-127.5485,26.47385654358173
ca-HepTh,RF|spread_mean|1|node+edge+subgraph|1,149.389,0.5403883196628655,-127.0585,26.488750531166076
ca-HepTh,RF|spread_mean|1|node+edge+subgraph|2,148.899,0.538615831215692,-127.5485,26.47385654358173
ca-HepTh,RF|spread_mean|1|node+edge+subgraph|3,152.251,0.5507410991237035,-124.1965,26.19499907880069
ca-HepTh,RF|spread_mean|1|node+edge+subgraph|4,151.2605,0.5471581403340599,-125.187,26.07097771353176
ca-HepTh,RF|spread_mean|1|node+edge+subgraph|5,150.0935,0.5429367239710976,-126.354,26.812536994287484
ca-HepTh,RF|spread_mean|1|node+edge+subgraph|6,149.8165,0.5419347253999403,-126.631,27.044214423179007
ca-HepTh,RF|spread_mean|1|node+edge+subgraph|7,150.585,0.5447146384033135,-125.8625,26.43208128790855
ca-HepTh,RF|spread_mean|1|node+edge+subgraph|8,151.465,0.5478978829615027,-124.9825,25.934311018301546
ca-HepTh,RF|spread_mean|1|node+edge+subgraph|9,150.585,0.5447146384033135,-125.8625,26.43208128790855
ca-HepTh,RF|spread_mean|1|node|0,148.899,0.538615831215692,-127.5485,26.47385654358173
ca-HepTh,RF|spread_mean|1|node|1,149.389,0.5403883196628655,-127.0585,26.488750531166076
ca-HepTh,RF|spread_mean|1|node|2,147.773,0.5345427251105545,-128.6745,26.53329149443703
ca-HepTh,RF|spread_mean|1|node|3,152.251,0.5507410991237035,-124.1965,26.19499907880069
ca-HepTh,RF|spread_mean|1|node|4,151.465,0.5478978829615027,-124.9825,25.934311018301546
ca-HepTh,RF|spread_mean|1|node|5,150.1415,0.5431103554924535,-126.306,26.71292110715409
ca-HepTh,RF|spread_mean|1|node|6,150.55,0.5445880320856583,-125.8975,26.92653919475177
ca-HepTh,RF|spread_mean|1|node|7,150.585,0.5447146384033135,-125.8625,26.43208128790855
ca-HepTh,RF|spread_mean|1|node|8,149.698,0.5415060725815933,-126.7495,26.194156154729036
ca-HepTh,RF|spread_mean|1|node|9,149.698,0.5415060725815933,-126.7495,26.194156154729036
ca-HepTh,RF|spread_mean|2|node+edge+subgraph|0,148.899,0.538615831215692,-127.5485,26.47385654358173
ca-HepTh,RF|spread_mean|2|node+edge+subgraph|1,147.746,0.5344450573797919,-128.7015,26.992734237212805
ca-HepTh,RF|spread_mean|2|node+edge+subgraph|2,148.899,0.538615831215692,-127.5485,26.47385654358173
ca-HepTh,RF|spread_mean|2|node+edge+subgraph|3,150.585,0.5447146384033135,-125.8625,26.43208128790855
ca-HepTh,RF|spread_mean|2|node+edge+subgraph|4,148.899,0.538615831215692,-127.5485,26.47385654358173
ca-HepTh,RF|spread_mean|2|node+edge+subgraph|5,147.746,0.5344450573797919,-128.7015,26.992734237212805
ca-HepTh,RF|spread_mean|2|node+edge+subgraph|6,147.746,0.5344450573797919,-128.7015,26.992734237212805
ca-HepTh,RF|spread_mean|2|node+edge+subgraph|7,148.899,0.538615831215692,-127.5485,26.47385654358173
ca-HepTh,RF|spread_mean|2|node+edge+subgraph|8,148.899,0.538615831215692,-127.5485,26.47385654358173
ca-HepTh,RF|spread_mean|2|node+edge+subgraph|9,148.899,0.538615831215692,-127.5485,26.47385654358173
ca-HepTh,RF|spread_mean|2|node|0,148.899,0.538615831215692,-127.5485,26.47385654358173
ca-HepTh,RF|spread_mean|2|node|1,150.9255,0.545946337007931,-125.522,26.36480736765901
ca-HepTh,RF|spread_mean|2|node|2,151.2605,0.5471581403340599,-125.187,26.07097771353176
ca-HepTh,RF|spread_mean|2|node|3,152.719,0.5524340064569222,-123.7285,26.143288307168934
ca-HepTh,RF|spread_mean|2|node|4,151.465,0.5478978829615027,-124.9825,25.934311018301546
ca-HepTh,RF|spread_mean|2|node|5,150.0935,0.5429367239710976,-126.354,26.812536994287484
ca-HepTh,RF|spread_mean|2|node|6,150.0935,0.5429367239710976,-126.354,26.812536994287484
ca-HepTh,RF|spread_mean|2|node|7,150.585,0.5447146384033135,-125.8625,26.43208128790855
ca-HepTh,RF|spread_mean|2|node|8,150.0935,0.5429367239710976,-126.354,26.812536994287484
ca-HepTh,RF|spread_mean|2|node|9,148.899,0.538615831215692,-127.5485,26.47385654358173
ca-HepTh,RF|spread_mean|3|node+edge+subgraph|0,148.899,0.538615831215692,-127.5485,26.47385654358173
ca-HepTh,RF|spread_mean|3|node+edge+subgraph|1,148.899,0.538615831215692,-127.5485,26.47385654358173
ca-HepTh,RF|spread_mean|3|node+edge+subgraph|2,148.899,0.538615831215692,-127.5485,26.47385654358173
ca-HepTh,RF|spread_mean|3|node+edge+subgraph|3,152.544,0.551800974868646,-123.9035,26.00879498281743
ca-HepTh,RF|spread_mean|3|node+edge+subgraph|4,151.2605,0.5471581403340599,-125.187,26.07097771353176
ca-HepTh,RF|spread_mean|3|node+edge+subgraph|5,148.899,0.538615831215692,-127.5485,26.47385654358173
ca-HepTh,RF|spread_mean|3|node+edge+subgraph|6,148.899,0.538615831215692,-127.5485,26.47385654358173
ca-HepTh,RF|spread_mean|3|node+edge+subgraph|7,150.585,0.5447146384033135,-125.8625,26.43208128790855
ca-HepTh,RF|spread_mean|3|node+edge+subgraph|8,148.899,0.538615831215692,-127.5485,26.47385654358173
ca-HepTh,RF|spread_mean|3|node+edge+subgraph|9,148.899,0.538615831215692,-127.5485,26.47385654358173
ca-HepTh,RF|spread_mean|3|node|0,148.899,0.538615831215692,-127.5485,26.47385654358173
ca-HepTh,RF|spread_mean|3|node|1,147.746,0.5344450573797919,-128.7015,26.992734237212805
ca-HepTh,RF|spread_mean|3|node|2,148.899,0.538615831215692,-127.5485,26.47385654358173
ca-HepTh,RF|spread_mean|3|node|3,152.544,0.551800974868646,-123.9035,26.00879498281743
ca-HepTh,RF|spread_mean|3|node|4,148.899,0.538615831215692,-127.5485,26.47385654358173
ca-HepTh,RF|spread_mean|3|node|5,150.0935,0.5429367239710976,-126.354,26.812536994287484
ca-HepTh,RF|spread_mean|3|node|6,150.0935,0.5429367239710976,-126.354,26.812536994287484
ca-HepTh,RF|spread_mean|3|node|7,150.585,0.5447146384033135,-125.8625,26.43208128790855
ca-HepTh,RF|spread_mean|3|node|8,148.899,0.538615831215692,-127.5485,26.47385654358173
ca-HepTh,RF|spread_mean|3|node|9,148.899,0.538615831215692,-127.5485,26.47385654358173
ca-HepTh,E|0,80.2605,0.2903281816619792,-196.187,33.337362236092254
ca-HepTh,E|1,261.607,0.946317112652493,-14.8405,19.096790396601357
ca-HepTh,E|2,202.835,0.7337197840457954,-73.6125,22.870108541114124
ca-HepTh,E|3,152.1625,0.5504209660062037,-124.285,25.918924945590774
p2p-Gnutella08,greedy,404.62,1.0,0.0,0.0
p2p-Gnutella08,oracle_top_sigma,321.95,0.795684840096881,-82.67,30.564132297376705
p2p-Gnutella08,degree,322.549,0.797165241461124,-82.071,30.666270870201064
p2p-Gnutella08,degree_discount,351.0645,0.867640007908655,-53.5555,28.564503937449995
p2p-Gnutella08,RF|spread_mean|0|node+edge+subgraph|0,325.8625,0.8053544066037269,-78.7575,30.392837248733688
p2p-Gnutella08,RF|spread_mean|0|node+edge+subgraph|1,322.549,0.797165241461124,-82.071,30.666270870201064
p2p-Gnutella08,RF|spread_mean|0|node+edge+subgraph|2,325.8625,0.8053544066037269,-78.7575,30.392837248733688
p2p-Gnutella08,RF|spread_mean|0|node+edge+subgraph|3,325.8625,0.8053544066037269,-78.7575,30.392837248733688
p2p-Gnutella08,RF|spread_mean|0|node+edge+subgraph|4,325.8625,0.8053544066037269,-78.7575,30.392837248733688
p2p-Gnutella08,RF|spread_mean|0|node+edge+subgraph|5,325.8625,0.8053544066037269,-78.7575,30.392837248733688
p2p-Gnutella08,RF|spread_mean|0|node+edge+subgraph|6,325.8625,0.8053544066037269,-78.7575,30.392837248733688
p2p-Gnutella08,RF|spread_mean|0|node+edge+subgraph|7,322.549,0.797165241461124,-82.071,30.666270870201064
p2p-Gnutella08,RF|spread_mean|0|node+edge+subgraph|8,325.8625,0.8053544066037269,-78.7575,30.392837248733688
p2p-Gnutella08,RF|spread_mean|0|node+edge+subgraph|9,325.8625,0.8053544066037269,-78.7575,30.392837248733688
p2p-Gnutella08,RF|spread_mean|0|node|0,325.8625,0.8053544066037269,-78.7575,30.392837248733688
p2p-Gnutella08,RF|spread_mean|0|node|1,322.549,0.797165241461124,-82.071,30.666270870201064
p2p-Gnutella08,RF|spread_mean|0|node|2,325.8625,0.8053544066037269,-78.7575,30.392837248733688
p2p-Gnutella08,RF|spread_mean|0|node|3,325.8625,0.8053544066037269,-78.7575,30.392837248733688
p2p-Gnutella08,RF|spread_mean|0|node|4,325.8625,0.8053544066037269,-78.7575,30.392837248733688
p2p-Gnutella08,RF|spread_mean|0|node|5,325.8625,0.8053544066037269,-78.7575,30.392837248733688
p2p-Gnutella08,RF|spread_mean|0|node|6,325.8625,0.8053544066037269,-78.7575,30.392837248733688
p2p-Gnutella08,RF|spread_mean|0|node|7,322.549,0.797165241461124,-82.071,30.666270870201064
p2p-Gnutella08,RF|spread_mean|0|node|8,325.8625,0.8053544066037269,-78.7575,30.392837248733688
p2p-Gnutella08,RF|spread_mean|0|node|9,325.8625,0.8053544066037269,-78.7575,30.392837248733688
p2p-Gnutella08,RF|spread_mean|1|node+edge+subgraph|0,321.9755,0.795747862191686,-82.6445,30.729045817897422
p2p-Gnutella08,RF|spread_mean|1|node+edge+subgraph|1,321.9755,0.795747862191686,-82.6445,30.729045817897422
p2p-Gnutella08,RF|spread_mean|1|node+edge+subgraph|2,321.9755,0.795747862191686,-82.6445,30.729045817897422
p2p-Gnutella08,RF|spread_mean|1|node+edge+subgraph|3,321.9755,0.795747862191686,-82.6445,30.729045817897422
p2p-Gnutella08,RF|spread_mean|1|node+edge+subgraph|4,321.9755,0.795747862191686,-82.6445,30.729045817897422
p2p-Gnutella08,RF|spread_mean|1|node+edge+subgraph|5,321.9755,0.795747862191686,-82.6445,30.729045817897422
p2p-Gnutella08,RF|spread_mean|1|node+edge+subgraph|6,321.9755,0.795747862191686,-82.6445,30.729045817897422
p2p-Gnutella08,RF|spread_mean|1|node+edge+subgraph|7,321.9755,0.795747862191686,-82.6445,30.729045817897422
p2p-Gnutella08,RF|spread_mean|1|node+edge+subgraph|8,321.9755,0.795747862191686,-82.6445,30.729045817897422
p2p-Gnutella08,RF|spread_mean|1|node+edge+subgraph|9,321.9755,0.795747862191686,-82.6445,30.729045817897422
p2p-Gnutella08,RF|spread_mean|1|node|0,322.5485,0.7971640057337749,-82.0715,30.66489125250184
p2p-Gnutella08,RF|spread_mean|1|node|1,322.5485,0.7971640057337749,-82.0715,30.66489125250184
p2p-Gnutella08,RF|spread_mean|1|node|2,322.5485,0.7971640057337749,-82.0715,30.66489125250184
p2p-Gnutella08,RF|spread_mean|1|node|3,322.5485,0.7971640057337749,-82.0715,30.66489125250184
p2p-Gnutella08,RF|spread_mean|1|node|4,322.5485,0.7971640057337749,-82.0715,30.66489125250184
p2p-Gnutella08,RF|spread_mean|1|node|5,322.5485,0.7971640057337749,-82.0715,30.66489125250184
p2p-Gnutella08,RF|spread_mean|1|node|6,322.5485,0.7971640057337749,-82.0715,30.66489125250184
p2p-Gnutella08,RF|spread_mean|1|node|7,321.84,0.7954129800800751,-82.78,30.649621525392856
p2p-Gnutella08,RF|spread_mean|1|node|8,322.5485,0.7971640057337749,-82.0715,30.66489125250184
p2p-Gnutella08,RF|spread_mean|1|node|9,322.5485,0.7971640057337749,-82.0715,30.66489125250184
p2p-Gnutella08,RF|spread_mean|2|node+edge+subgraph|0,321.9755,0.795747862191686,-82.6445,30.729045817897422
p2p-Gnutella08,RF|spread_mean|2|node+edge+subgraph|1,321.9755,0.795747862191686,-82.6445,30.729045817897422
p2p-Gnutella08,RF|spread_mean|2|node+edge+subgraph|2,321.41,0.794350254559834,-83.21,30.64272161858501
p2p-Gnutella08,RF|spread_mean|2|node+edge+subgraph|3,321.41,0.794350254559834,-83.21,30.64272161858501
p2p-Gnutella08,RF|spread_mean|2|node+edge+subgraph|4,321.41,0.794350254559834,-83.21,30.64272161858501
p2p-Gnutella08,RF|spread_mean|2|node+edge+subgraph|5,321.9755,0.795747862191686,-82.6445,30.729045817897422
p2p-Gnutella08,RF|spread_mean|2|node+edge+subgraph|6,321.9755,0.795747862191686,-82.6445,30.729045817897422
p2p-Gnutella08,RF|spread_mean|2|node+edge+subgraph|7,321.9755,0.795747862191686,-82.6445,30.729045817897422
p2p-Gnutella08,RF|spread_mean|2|node+edge+subgraph|8,321.9755,0.795747862191686,-82.6445,30.729045817897422
p2p-Gnutella08,RF|spread_mean|2|node+edge+subgraph|9,321.9755,0.795747862191686,-82.6445,30.729045817897422
p2p-Gnutella08,RF|spread_mean|2|node|0,322.5485,0.7971640057337749,-82.0715,30.66489125250184
p2p-Gnutella08,RF|spread_mean|2|node|1,321.95,0.795684840096881,-82.67,30.564132297376705
p2p-Gnutella08,RF|spread_mean|2|node|2,322.4095,0.7968204735307202,-82.2105,30.572627177203106
p2p-Gnutella08,RF|spread_mean|2|node|3,322.4095,0.7968204735307202,-82.2105,30.572627177203106
p2p-Gnutella08,RF|spread_mean|2|node|4,322.4095,0.7968204735307202,-82.2105,30.572627177203106
p2p-Gnutella08,RF|spread_mean|2|node|5,322.5485,0.7971640057337749,-82.0715,30.66489125250184
p2p-Gnutella08,RF|spread_mean|2|node|6,322.5485,0.7971640057337749,-82.0715,30.66489125250184
p2p-Gnutella08,RF|spread_mean|2|node|7,321.97,0.7957342691908458,-82.65,30.5919995295765
p2p-Gnutella08,RF|spread_mean|2|node|8,322.5485,0.7971640057337749,-82.0715,30.66489125250184
p2p-Gnutella08,RF|spread_mean|2|node|9,321.97,0.7957342691908458,-82.65,30.5919995295765
p2p-Gnutella08,RF|spread_mean|3|node+edge+subgraph|0,321.9755,0.795747862191686,-82.6445,30.729045817897422
p2p-Gnutella08,RF|spread_mean|3|node+edge+subgraph|1,321.41,0.794350254559834,-83.21,30.64272161858501
p2p-Gnutella08,RF|spread_mean|3|node+edge+subgraph|2,321.41,0.794350254559834,-83.21,30.64272161858501
p2p-Gnutella08,RF|spread_mean|3|node+edge+subgraph|3,321.41,0.794350254559834,-83.21,30.64272161858501
p2p-Gnutella08,RF|spread_mean|3|node+edge+subgraph|4,321.41,0.794350254559834,-83.21,30.64272161858501
p2p-Gnutella08,RF|spread_mean|3|node+edge+subgraph|5,321.9755,0.795747862191686,-82.6445,30.729045817897422
p2p-Gnutella08,RF|spread_mean|3|node+edge+subgraph|6,321.837,0.7954055657159804,-82.783,30.636958442562566
p2p-Gnutella08,RF|spread_mean|3|node+edge+subgraph|7,321.9755,0.795747862191686,-82.6445,30.729045817897422
p2p-Gnutella08,RF|spread_mean|3|node+edge+subgraph|8,321.9755,0.795747862191686,-82.6445,30.729045817897422
p2p-Gnutella08,RF|spread_mean|3|node+edge+subgraph|9,321.9755,0.795747862191686,-82.6445,30.729045817897422
p2p-Gnutella08,RF|spread_mean|3|node|0,322.5485,0.7971640057337749,-82.0715,30.66489125250184
p2p-Gnutella08,RF|spread_mean|3|node|1,322.5485,0.7971640057337749,-82.0715,30.66489125250184
p2p-Gnutella08,RF|spread_mean|3|node|2,322.4095,0.7968204735307202,-82.2105,30.572627177203106
p2p-Gnutella08,RF|spread_mean|3|node|3,322.4095,0.7968204735307202,-82.2105,30.572627177203106
p2p-Gnutella08,RF|spread_mean|3|node|4,322.4095,0.7968204735307202,-82.2105,30.572627177203106
p2p-Gnutella08,RF|spread_mean|3|node|5,322.4095,0.7968204735307202,-82.2105,30.572627177203106
p2p-Gnutella08,RF|spread_mean|3|node|6,322.5485,0.7971640057337749,-82.0715,30.66489125250184
p2p-Gnutella08,RF|spread_mean|3|node|7,322.4095,0.7968204735307202,-82.2105,30.572627177203106
p2p-Gnutella08,RF|spread_mean|3|node|8,322.5485,0.7971640057337749,-82.0715,30.66489125250184
p2p-Gnutella08,RF|spread_mean|3|node|9,322.4095,0.7968204735307202,-82.2105,30.572627177203106
p2p-Gnutella08,E|0,330.2365,0.8161645494538085,-74.3835,25.8647621429302
p2p-Gnutella08,E|1,322.5485,0.7971640057337749,-82.0715,30.66489125250184
p2p-Gnutella08,E|2,322.5485,0.7971640057337749,-82.0715,30.66489125250184
p2p-Gnutella08,E|3,321.95,0.795684840096881,-82.67,30.564132297376705
email-Eu-core,greedy,271.506,1.0,0.0,0.0
email-Eu-core,oracle_top_sigma,244.043,0.8988493808608282,-27.463,16.262437223006152
email-Eu-core,degree,247.179,0.9103997701708251,-24.327,15.576854310004236
email-Eu-core,degree_discount,259.098,0.9542993525004974,-12.408,13.355999676687697
email-Eu-core,RF|spread_mean|0|node+edge+subgraph|0,247.3535,0.911042481565785,-24.1525,15.811174541133404
email-Eu-core,RF|spread_mean|0|node+edge+subgraph|1,247.2575,0.9106888982195606,-24.2485,15.793050939542665
email-Eu-core,RF|spread_mean|0|node+edge+subgraph|2,247.305,0.9108638483127446,-24.201,15.788547688722339
email-Eu-core,RF|spread_mean|0|node+edge+subgraph|3,247.2275,0.9105784034238654,-24.2785,15.719748502965887
email-Eu-core,RF|spread_mean|0|node+edge+subgraph|4,247.4435,0.9113739659528703,-24.0625,15.750575674147072
email-Eu-core,RF|spread_mean|0|node+edge+subgraph|5,247.4435,0.9113739659528703,-24.0625,15.770857735927473
email-Eu-core,RF|spread_mean|0|node+edge+subgraph|6,247.305,0.9108638483127446,-24.201,15.788547688722339
email-Eu-core,RF|spread_mean|0|node+edge+subgraph|7,247.4435,0.9113739659528703,-24.0625,15.750575674147072
email-Eu-core,RF|spread_mean|0|node+edge+subgraph|8,247.2885,0.9108030761751122,-24.2175,15.787964519273245
email-Eu-core,RF|spread_mean|0|node+edge+subgraph|9,247.3845,0.9111566595213366,-24.1215,15.765976682729814
email-Eu-core,RF|spread_mean|0|node|0,247.3535,0.911042481565785,-24.1525,15.811174541133404
email-Eu-core,RF|spread_mean|0|node|1,247.2575,0.9106888982195606,-24.2485,15.793050939542665
email-Eu-core,RF|spread_mean|0|node|2,247.305,0.9108638483127446,-24.201,15.788547688722339
email-Eu-core,RF|spread_mean|0|node|3,247.2275,0.9105784034238654,-24.2785,15.719748502965887
email-Eu-core,RF|spread_mean|0|node|4,247.4435,0.9113739659528703,-24.0625,15.750575674147072
email-Eu-core,RF|spread_mean|0|node|5,247.4435,0.9113739659528703,-24.0625,15.770857735927473
email-Eu-core,RF|spread_mean|0|node|6,247.305,0.9108638483127446,-24.201,15.788547688722339
email-Eu-core,RF|spread_mean|0|node|7,247.4435,0.9113739659528703,-24.0625,15.750575674147072
email-Eu-core,RF|spread_mean|0|node|8,247.2885,0.9108030761751122,-24.2175,15.787964519273245
email-Eu-core,RF|spread_mean|0|node|9,247.3845,0.9111566595213366,-24.1215,15.765976682729814
email-Eu-core,RF|spread_mean|1|node+edge+subgraph|0,244.294,0.8997738539848108,-27.212,16.274319732061635
email-Eu-core,RF|spread_mean|1|node+edge+subgraph|1,244.176,0.8993392411217432,-27.33,16.253066821081653
email-Eu-core,RF|spread_mean|1|node+edge+subgraph|2,244.294,0.8997738539848108,-27.212,16.274319732061635
email-Eu-core,RF|spread_mean|1|node+edge+subgraph|3,244.0775,0.8989764498758775,-27.4285,16.268196423003648
email-Eu-core,RF|spread_mean|1|node+edge+subgraph|4,244.176,0.8993392411217432,-27.33,16.253066821081653
email-Eu-core,RF|spread_mean|1|node+edge+subgraph|5,244.176,0.8993392411217432,-27.33,16.253066821081653
email-Eu-core,RF|spread_mean|1|node+edge+subgraph|6,243.94,0.8984700153956083,-27.566,16.270618012394387
email-Eu-core,RF|spread_mean|1|node+edge+subgraph|7,244.176,0.8993392411217432,-27.33,16.253066821081653
email-Eu-core,RF|spread_mean|1|node+edge+subgraph|8,244.176,0.8993392411217432,-27.33,16.253066821081653
email-Eu-core,RF|spread_mean|1|node+edge+subgraph|9,244.176,0.8993392411217432,-27.33,16.253066821081653
email-Eu-core,RF|spread_mean|1|node|0,244.527,0.9006320302313762,-26.979,16.171837346497792
email-Eu-core,RF|spread_mean|1|node|1,244.2335,0.8995510228134922,-27.2725,16.30837899248976
email-Eu-core,RF|spread_mean|1|node|2,244.336,0.899928546698784,-27.17,16.324838442541708
email-Eu-core,RF|spread_mean|1|node|3,244.9015,0.902011373597637,-26.6045,16.019406682059813
email-Eu-core,RF|spread_mean|1|node|4,244.336,0.899928546698784,-27.17,16.324838442541708
email-Eu-core,RF|spread_mean|1|node|5,244.604,0.9009156335403271,-26.902,16.164994572370333
email-Eu-core,RF|spread_mean|1|node|6,245.037,0.9025104417581933,-26.469,16.020966721373078
email-Eu-core,RF|spread_mean|1|node|7,244.339,0.8999395961783534,-27.167,16.303803789576364
email-Eu-core,RF|spread_mean|1|node|8,244.2335,0.8995510228134922,-27.2725,16.30837899248976
email-Eu-core,RF|spread_mean|1|node|9,244.502,0.9005399512349637,-27.004,16.139802682043783
email-Eu-core,RF|spread_mean|2|node+edge+subgraph|0,244.678,0.9011881873697083,-26.828,16.171492651802232
email-Eu-core,RF|spread_mean|2|node+edge+subgraph|1,244.176,0.8993392411217432,-27.33,16.253066821081653
email-Eu-core,RF|spread_mean|2|node+edge+subgraph|2,243.94,0.8984700153956083,-27.566,16.270618012394387
email-Eu-core,RF|spread_mean|2|node+edge+subgraph|3,244.231,0.899541814913851,-27.275,16.329657187213883
email-Eu-core,RF|spread_mean|2|node+edge+subgraph|4,244.231,0.899541814913851,-27.275,16.329657187213883
email-Eu-core,RF|spread_mean|2|node+edge+subgraph|5,244.176,0.8993392411217432,-27.33,16.253066821081653
email-Eu-core,RF|spread_mean|2|node+edge+subgraph|6,244.3725,0.9000629820335463,-27.1335,16.22347923194019
email-Eu-core,RF|spread_mean|2|node+edge+subgraph|7,244.176,0.8993392411217432,-27.33,16.253066821081653
email-Eu-core,RF|spread_mean|2|node+edge+subgraph|8,244.176,0.8993392411217432,-27.33,16.253066821081653
email-Eu-core,RF|spread_mean|2|node+edge+subgraph|9,244.176,0.8993392411217432,-27.33,16.253066821081653
email-Eu-core,RF|spread_mean|2|node|0,244.4005,0.9001661105095284,-27.1055,16.173965757790114
email-Eu-core,RF|spread_mean|2|node|1,244.0965,0.8990464299131512,-27.4095,16.320998659660024
email-Eu-core,RF|spread_mean|2|node|2,244.0965,0.8990464299131512,-27.4095,16.320998659660024
email-Eu-core,RF|spread_mean|2|node|3,244.339,0.8999395961783534,-27.167,16.303803789576364
email-Eu-core,RF|spread_mean|2|node|4,244.0965,0.8990464299131512,-27.4095,16.320998659660024
email-Eu-core,RF|spread_mean|2|node|5,244.0965,0.8990464299131512,-27.4095,16.320998659660024
email-Eu-core,RF|spread_mean|2|node|6,245.037,0.9025104417581933,-26.469,16.020966721373078
email-Eu-core,RF|spread_mean|2|node|7,244.139,0.8992029642070526,-27.367,16.362278969830065
email-Eu-core,RF|spread_mean|2|node|8,244.2335,0.8995510228134922,-27.2725,16.30837899248976
email-Eu-core,RF|spread_mean|2|node|9,244.502,0.9005399512349637,-27.004,16.139802682043783
email-Eu-core,RF|spread_mean|3|node+edge+subgraph|0,244.678,0.9011881873697083,-26.828,16.171492651802232
email-Eu-core,RF|spread_mean|3|node+edge+subgraph|1,244.176,0.8993392411217432,-27.33,16.253066821081653
email-Eu-core,RF|spread_mean|3|node+edge+subgraph|2,243.94,0.8984700153956083,-27.566,16.270618012394387
email-Eu-core,RF|spread_mean|3|node+edge+subgraph|3,244.0775,0.8989764498758775,-27.4285,16.268196423003648
email-Eu-core,RF|spread_mean|3|node+edge+subgraph|4,244.176,0.8993392411217432,-27.33,16.253066821081653
email-Eu-core,RF|spread_mean|3|node+edge+subgraph|5,244.176,0.8993392411217432,-27.33,16.253066821081653
email-Eu-core,RF|spread_mean|3|node+edge+subgraph|6,244.231,0.899541814913851,-27.275,16.329657187213883
email-Eu-core,RF|spread_mean|3|node+edge+subgraph|7,244.616,0.9009598314586051,-26.89,16.195123989044056
email-Eu-core,RF|spread_mean|3|node+edge+subgraph|8,244.231,0.899541814913851,-27.275,16.329657187213883
email-Eu-core,RF|spread_mean|3|node+edge+subgraph|9,244.176,0.8993392411217432,-27.33,16.253066821081653
email-Eu-core,RF|spread_mean|3|node|0,244.139,0.8992029642070526,-27.367,16.362278969830065
email-Eu-core,RF|spread_mean|3|node|1,244.0965,0.8990464299131512,-27.4095,16.320998659660024
email-Eu-core,RF|spread_mean|3|node|2,244.0965,0.8990464299131512,-27.4095,16.320998659660024
email-Eu-core,RF|spread_mean|3|node|3,244.6145,0.9009543067188203,-26.8915,16.133005444812234
email-Eu-core,RF|spread_mean|3|node|4,244.0965,0.8990464299131512,-27.4095,16.320998659660024
email-Eu-core,RF|spread_mean|3|node|5,244.604,0.9009156335403271,-26.902,16.164994572370333
email-Eu-core,RF|spread_mean|3|node|6,245.037,0.9025104417581933,-26.469,16.020966721373078
email-Eu-core,RF|spread_mean|3|node|7,243.976,0.8986026091504424,-27.53,16.297573606298773
email-Eu-core,RF|spread_mean|3|node|8,244.502,0.9005399512349637,-27.004,16.139802682043783
email-Eu-core,RF|spread_mean|3|node|9,244.432,0.9002821300450082,-27.074,16.184173990163103
email-Eu-core,E|0,260.6505,0.96001745817772,-10.8555,14.793276860457086
email-Eu-core,E|1,247.179,0.9103997701708251,-24.327,15.576854310004236
email-Eu-core,E|2,246.2155,0.9068510456490834,-25.2905,15.750750865479818
email-Eu-core,E|3,244.3135,0.8998456756020126,-27.1925,16.15474950953613
facebook_combined,greedy,390.9005,1.0,0.0,0.0
facebook_combined,oracle_top_sigma,192.9895,0.49370491979416753,-197.911,38.85529495413703
facebook_combined,degree,340.6885,0.8715478747149209,-50.212,27.85162315658152
facebook_combined,degree_discount,363.7205,0.9304682393601441,-27.18,24.936369247659687
facebook_combined,RF|spread_mean|0|node+edge+subgraph|0,310.3725,0.793993612185198,-80.528,31.805801680043455
facebook_combined,RF|spread_mean|0|node+edge+subgraph|1,314.099,0.8035267286688044,-76.8015,30.477344569630866
facebook_combined,RF|spread_mean|0|node+edge+subgraph|2,304.444,0.7788273486475459,-86.4565,32.0320641594818
facebook_combined,RF|spread_mean|0|node+edge+subgraph|3,308.6395,0.7895602589405744,-82.261,31.461449273598276
facebook_combined,RF|spread_mean|0|node+edge+subgraph|4,306.53,0.7841637449939306,-84.3705,31.9077464245118
facebook_combined,RF|spread_mean|0|node+edge+subgraph|5,316.0995,0.8086443992780771,-74.801,29.65317950114732
facebook_combined,RF|spread_mean|0|node+edge+subgraph|6,312.8485,0.8003277048763048,-78.052,30.706900737072736
facebook_combined,RF|spread_mean|0|node+edge+subgraph|7,313.1935,0.8012102824120203,-77.707,30.58728399140704
facebook_combined,RF|spread_mean|0|node+edge+subgraph|8,313.887,0.8029843911685965,-77.0135,30.433557440089544
facebook_combined,RF|spread_mean|0|node+edge+subgraph|9,316.3905,0.809388834242985,-74.51,29.42961010573344
facebook_combined,RF|spread_mean|0|node|0,310.3725,0.793993612185198,-80.528,31.805801680043455
facebook_combined,RF|spread_mean|0|node|1,314.099,0.8035267286688044,-76.8015,30.477344569630866
facebook_combined,RF|spread_mean|0|node|2,304.444,0.7788273486475459,-86.4565,32.0320641594818
facebook_combined,RF|spread_mean|0|node|3,308.6395,0.7895602589405744,-82.261,31.461449273598276
facebook_combined,RF|spread_mean|0|node|4,306.53,0.7841637449939306,-84.3705,31.9077464245118
facebook_combined,RF|spread_mean|0|node|5,316.0995,0.8086443992780771,-74.801,29.65317950114732
facebook_combined,RF|spread_mean|0|node|6,312.8485,0.8003277048763048,-78.052,30.706900737072736
facebook_combined,RF|spread_mean|0|node|7,313.1935,0.8012102824120203,-77.707,30.58728399140704
facebook_combined,RF|spread_mean|0|node|8,313.887,0.8029843911685965,-77.0135,30.433557440089544
facebook_combined,RF|spread_mean|0|node|9,316.3905,0.809388834242985,-74.51,29.42961010573344
facebook_combined,RF|spread_mean|1|node+edge+subgraph|0,190.4495,0.48720710257469607,-200.451,38.60548912907914
facebook_combined,RF|spread_mean|1|node+edge+subgraph|1,190.514,0.4873721062009386,-200.3865,38.643534765075124
facebook_combined,RF|spread_mean|1|node+edge+subgraph|2,190.5325,0.48741943282241895,-200.368,38.601355006063606
facebook_combined,RF|spread_mean|1|node+edge+subgraph|3,190.5615,0.4874936204993342,-200.339,38.62615783422572
facebook_combined,RF|spread_mean|1|node+edge+subgraph|4,190.514,0.4873721062009386,-200.3865,38.643534765075124
facebook_combined,RF|spread_mean|1|node+edge+subgraph|5,190.4145,0.4871175657232467,-200.486,38.57850378743632
facebook_combined,RF|spread_mean|1|node+edge+subgraph|6,190.4685,0.48725570829405435,-200.432,38.58988164639458
facebook_combined,RF|spread_mean|1|node+edge+subgraph|7,190.514,0.4873721062009386,-200.3865,38.643534765075124
facebook_combined,RF|spread_mean|1|node+edge+subgraph|8,190.4385,0.4871789624213834,-200.462,38.59338389724746
facebook_combined,RF|spread_mean|1|node+edge+subgraph|9,190.649,0.48771746262795773,-200.2515,38.65845943636394
facebook_combined,RF|spread_mean|1|node|0,192.1195,0.49147928948671077,-198.781,38.42792463425325
facebook_combined,RF|spread_mean|1|node|1,192.183,0.49164173491719754,-198.7175,38.48999134147387
facebook_combined,RF|spread_mean|1|node|2,192.123,0.4914882431718557,-198.7775,38.49251655406974
facebook_combined,RF|spread_mean|1|node|3,192.183,0.49164173491719754,-198.7175,38.48999134147387
facebook_combined,RF|spread_mean|1|node|4,192.1175,0.4914741730951994,-198.783,38.48220824193419
facebook_combined,RF|spread_mean|1|node|5,192.235,0.4917747610964939,-198.6655,38.47645810965885
facebook_combined,RF|spread_mean|1|node|6,192.2465,0.49180418034768436,-198.654,38.511100171485744
facebook_combined,RF|spread_mean|1|node|7,192.1175,0.4914741730951994,-198.783,38.48220824193419
facebook_combined,RF|spread_mean|1|node|8,192.1195,0.49147928948671077,-198.781,38.42792463425325
facebook_combined,RF|spread_mean|1|node|9,192.155,0.491570105436038,-198.7455,38.498984605542894
facebook_combined,RF|spread_mean|2|node+edge+subgraph|0,188.825,0.4830513135695656,-202.0755,38.33751011856463
facebook_combined,RF|spread_mean|2|node+edge+subgraph|1,190.39,0.48705488992723206,-200.5105,38.66533840466127
facebook_combined,RF|spread_mean|2|node+edge+subgraph|2,190.4045,0.48709198376568974,-200.496,38.651286459476175
facebook_combined,RF|spread_mean|2|node+edge+subgraph|3,190.5685,0.4875115278696241,-200.332,38.670770489416455
facebook_combined,RF|spread_mean|2|node+edge+subgraph|4,190.514,0.4873721062009386,-200.3865,38.643534765075124
facebook_combined,RF|spread_mean|2|node+edge+subgraph|5,190.5135,0.48737082710306073,-200.387,38.58092112349534
facebook_combined,RF|spread_mean|2|node+edge+subgraph|6,190.509,0.48735931522216003,-200.3915,38.621471188555006
facebook_combined,RF|spread_mean|2|node+edge+subgraph|7,190.514,0.4873721062009386,-200.3865,38.643534765075124
facebook_combined,RF|spread_mean|2|node+edge+subgraph|8,188.702,0.4827366554916148,-202.1985,38.34939942121629
facebook_combined,RF|spread_mean|2|node+edge+subgraph|9,190.514,0.4873721062009386,-200.3865,38.643534765075124
facebook_combined,RF|spread_mean|2|node|0,190.5825,0.4875473426102039,-200.318,38.623098631181016
facebook_combined,RF|spread_mean|2|node|1,190.4235,0.48714058948504796,-200.477,38.59395312233258
facebook_combined,RF|spread_mean|2|node|2,190.421,0.4871341939956587,-200.4795,38.59619687166701
facebook_combined,RF|spread_mean|2|node|3,190.579,0.4875383889250589,-200.3215,38.58749324674426
facebook_combined,RF|spread_mean|2|node|4,190.4715,0.4872633828813214,-200.429,38.58622043169818
facebook_combined,RF|spread_mean|2|node|5,190.516,0.4873772225924499,-200.3845,38.61375623835912
facebook_combined,RF|spread_mean|2|node|6,190.579,0.4875383889250589,-200.3215,38.58749324674426
facebook_combined,RF|spread_mean|2|node|7,190.5825,0.4875473426102039,-200.318,38.623098631181016
facebook_combined,RF|spread_mean|2|node|8,190.4495,0.48720710257469607,-200.451,38.642194665990466
facebook_combined,RF|spread_mean|2|node|9,192.8755,0.493413285478018,-198.025,38.64392645068256
facebook_combined,RF|spread_mean|3|node+edge+subgraph|0,190.6685,0.4877673474451938,-200.232,38.6899163971106
facebook_combined,RF|spread_mean|3|node+edge+subgraph|1,190.372,0.48700884240362957,-200.5285,38.589075476396964
facebook_combined,RF|spread_mean|3|node+edge+subgraph|2,190.3875,0.4870484944378428,-200.513,38.58444259809001
facebook_combined,RF|spread_mean|3|node+edge+subgraph|3,190.667,0.4877635101515603,-200.2335,38.64821884848097
facebook_combined,RF|spread_mean|3|node+edge+subgraph|4,190.514,0.4873721062009386,-200.3865,38.643534765075124
facebook_combined,RF|spread_mean|3|node+edge+subgraph|5,190.5135,0.48737082710306073,-200.387,38.58092112349534
facebook_combined,RF|spread_mean|3|node+edge+subgraph|6,190.4685,0.48725570829405435,-200.432,38.58988164639458
facebook_combined,RF|spread_mean|3|node+edge+subgraph|7,190.621,0.4876458331467982,-200.2795,38.658331741767235
facebook_combined,RF|spread_mean|3|node+edge+subgraph|8,190.4575,0.4872275681407417,-200.443,38.642714458101224
facebook_combined,RF|spread_mean|3|node+edge+subgraph|9,190.514,0.4873721062009386,-200.3865,38.643534765075124
facebook_combined,RF|spread_mean|3|node|0,190.639,0.48769188067040076,-200.2615,38.54319533592605
facebook_combined,RF|spread_mean|3|node|1,190.488,0.48730559311129046,-200.4125,38.535552911163535
facebook_combined,RF|spread_mean|3|node|2,190.394,0.48706512271025487,-200.5065,38.612762533458195
facebook_combined,RF|spread_mean|3|node|3,190.579,0.4875383889250589,-200.3215,38.58749324674426
facebook_combined,RF|spread_mean|3|node|4,190.394,0.48706512271025487,-200.5065,38.612762533458195
facebook_combined,RF|spread_mean|3|node|5,190.516,0.4873772225924499,-200.3845,38.61375623835912
facebook_combined,RF|spread_mean|3|node|6,190.694,0.48783258143696406,-200.2065,38.581357134102404
facebook_combined,RF|spread_mean|3|node|7,190.6915,0.4878261859475748,-200.209,38.60472097089448
facebook_combined,RF|spread_mean|3|node|8,190.516,0.4873772225924499,-200.3845,38.61375623835912
facebook_combined,RF|spread_mean|3|node|9,192.8755,0.493413285478018,-198.025,38.64392645068256
facebook_combined,E|0,62.1915,0.1590980313404562,-328.709,42.093648649509035
facebook_combined,E|1,340.7415,0.8716834590899729,-50.159,27.936176079896537
facebook_combined,E|2,305.6575,0.7819317191970847,-85.243,32.939405781322364
facebook_combined,E|3,255.871,0.654568106206055,-135.0295,46.65437755690897
